ا	alif
آ	ā
آب	āb
اب	ab
اباء	ābā’
ابا	abā
اباب	abāb
ابابیل	abābīl
اباحة	ibāḥat
اباحیة	abāhīyat
آباد	ābād
آبادان	ābādān
آبادانی	ābādānī
آبادانیدن	ābādānīdan
آبادائیدن	ābādā’īdan
آبادة	ibādat
آبادی	ābādī
آبادیان	ābādiyān
آبار	ābār
اباریق	abārīq
ابارة	ibārat
آبارگیر	ābār-gīr
ابازیر	abāzīr
اباش	ubāsh
اباض	ibāẓ
اباضیت	ibāẓīyat
اباطع	abāt̤iḥ
اباطیل	abāt̤īl
اباغ	abāg̱ẖ
اباغلس	abāg̱ẖulus
اباغورس	abāg̱ẖūrus
آبافت	ābāft
اباق	ibāq
آبال	ābāl
ابالة	ibbālat
اباله	ibālah
آبام	ābām
آبان	ābān
ابان	ibbān
آبانگاه	ābān-gāh
ابانی	ibānī
آبانیدن	ābānīdan
ابای	abāy
آبایان	ābāyān
آبتاب	ābtāb
آبتابه	ābtābah
ابتات	ibtāt
آبتاخت	āb-tāḵẖt
ابتداء	ibtidā’
ابتداع	ibtidā‘
ابتذال	ibtiẕāl
ابتر	abtar
ابتسام	ibtisām
ابتغاء	ibtig̱ẖā’
ابتکار	ibtikār
ابتگن	abtagan
ابتلاء	ibtilā’
ابتلاع	ibtilā‘
ابتلال	ibtilāl
ابتناء	ibtinā
ابتهاء	ibtihā’
ابتهاج	ibtihāj
ابتهال	ibtihāl
ابتیاع	ibtiyā‘
آبجامه	āb-jāmah
ابجد	abjad
آبجر	āb-jar
آبجو	āb-jū
آبجوش	āb-josh
آبچ	ābach
آبچرا	āb-charā
آبچین	āb-chīn
ابحار	abḥār
ابحل	abḥul
ابخاز	abḵẖāz
ابخانه	āb-ḵẖāna
ابخرت	abḵẖirat
آبخره	ābḵẖara
آبخست	āb-ḵẖast
ابخل	abḵẖal
آبخو	āb-ḵẖo
ابخوخ	abḵẖūḵẖ
آبخورد	āb-ḵẖẉurd
آبخوره	āb-ḵẖẉura
ابخوسا	abḵẖẉūsā
آبخیز	āb-ḵẖez
ابد	abad
ابداء	ibdā’
آبدار	āb-dār
آبداری	āb-dārī
ابداع	ibdā‘
ابدال	abdāl
ابدالی	abdālī
ابدام	abdām
ابدان	ābdān
ابدان	abdān
آبدانی	ābadānī
ابدپیوند	abad-paiwand
ابدرم	ibdaram
آبدست	āb-dast
آبدستان	āb-dastān
آبدستاندار	āb-dastān-dār
آبدن	ābdan
آبدندان	ābdandān
ابدوج	ubdūj
آبده	ābda
آبدی	abadī
ابدیة	abadīyat
آبدیده	āb-dīda
آبذان	ābẕān
ابر	abr
ابرا	abrā
ابراء	ibrā’
ابراح	ibrāḥ
ابراد	ibrād
ابرار	abrār
ابراز	abrāz
ابرص	ibrāṣ
ابراض	ibrāẓ
ابراق	ibrāq
ابرام	ibrām
آبرانه	āb-rāna
آبراه	āb-rāh
ابراهام	ibrāhām
ابراهوم	ibrāhūm
آبراهه	āb-rāha
ابراهیم	ibrāhīm
ابرة	ibrat
ابرج	abraj
ابرجن	abrajan
ابرد	abrad
ابرش	abrash
ابرشم	abrasham
ابرشمی	abrashamī
ابرص	abraṣ
آبرفت	āb-ruft
ابرق	abraq
ابرقوه	abarqūh
ابرک	abrak
ابرکابشا	abarkābishā
ابرکار	abrkār
آبرکاکیا	abarkākiyā
ابرکوباد	abarkūbād
ابرکوه	abar-koh
ابرمادران	abarmādarān
ابرناک	abrnāk
ابرنجن	abranjan
آبرو	āb-rū
ابرو	abrū
ابرواز	abrawāz
ابروان	abruwān
ابرود	āb-rūd
ابروکن	abrū-kan
آبرون	ābrūn
آبروی	āb-rawī
آبره	abrah
ابرهام	abarhām
ابرهه	abrahah
آبرهیمیه	ibrahīmīyah
آبری	abrī
ابریج	ibrīj
آبریز	āb-rez
ابریز	ibrīz
آبریزگان	ābrezgān
ابریشمی	abrīshamī
ابریق	ibrīk
ابزار	abzār
ابزاردان	abzārdān
ابزر	abzar
ابزرفت	āb-zuruft
آبزن	āb-zan
آبزندرود	āb-zind-rūd
آبزه	āb-zih
ابزیدن	abzīdan
آبزیرکاه	āb-zīr-kāh
آبز	ābazh
آبس	ābas
ابس	abs
ابسار	absār
ابساس	ibsās
ابساط	absāt̤
آبسال	ābsāl
ابسال	ibsāl
آبسان	ābsān
آبست	ābast
ابستا	abistā
آبستان	ābistān
آبستانه	ābistānah
آبستگی	ābistagī
آبستن	ābistan
آبستنگاه	ābistan-gāh
آبستنی	ābistanī
آبسته	ābastah
ابسته	abistah
آبسرد	āb-sard
آبسردن	āb-sardan
آبسردی	āb-sardī
آبسفید	āb-safed
آبسگون	ābisgūn
آبسوار	āb-suwār
آبسیان	ābisyān
آبسیاه	āb-siyāh
آبسیر	āb-sair
آبش	ābish
آبشار	āb-shār
ابشاران	abshārān
آبشت	ābasht
ابشتن	abishtan
آبشخور	ābish-ḵẖẉur
آبشخورد	ābishḵẖẉard
آبشم	ābsham
آبشن	ābishan
آبشناس	āb-shinās
آبشنگ	āb-shang
آبشوره	āb-shorah
آبشیب	āb-sheb
آبشیم	ābshem
ابصار	abṣār
ابصر	abṣar
ابض	abẓ
ابضاع	ibẓā‘
ابطاء	ibt̤ā’
ابطاخ	ibt̤āḵẖ
ابطال	abt̤āl
ابطح	abt̤aḥ
ابطل	abt̤al
ابعاد	ab‘ād
ابعد	ab‘ad
ابغاض	ibg̱ẖāẓ
آبفت	ābaft
ابفره	abfarah
ابق	ābaq
ابقاء	ibqā’
ابقر	abqar
ابقع	abqa‘
ابقیٰ	abqá
آبک	ābak
آبکار	āb-kār
ابکار	abkār
آبکاری	āb-kārī
آبکاصه	āb-kāmah
آبکش	āb-kash
آبکشی	āb-kashī
آبکشین	ābkashīn
آبکم	ābkam
ابکم	abkam
آبکند	āb-kand
آبکور	āb-kūr
ابگ	abag
آبگانه	ābgāna
آبگاه	āb-gāh
آبگذار	āb-guẕār
آبگذر	āb-guẕar
آبگردان	āb-gardān
آبگردش	āb-gardish
آبگور	āb-gūr
آبگورکش	āb-gūr-kash
آبگون	āb-gūn
آبگه	āb-gah
آبگی	ābagī
آبگیر	āb-gīr
آبگیرناک	ābgīrnāk
آبگینه	āb-gīna
ابل	abil
ابلاء	iblā’
ابلاس	iblās
ابلاع	iblā‘
ابلاغ	iblāg̱ẖ
ابلج	ablaj
ابلغ	ablag̱ẖ
ابلق	ablaq
ابلگ	ablag
آبلوج	āblūj
ابلوک	ablūk
آبله	ābila
ابله	ablah
ابلهافه	ablahānah
ابلهی	ablahī
آبلیته	ābilīta
ابلیس	iblīs
ابلیسانه	iblīsānah
آبلیسه	āblīsa
آبمند	ābmand
ابمیق	ibmīq
ابن	abn
ابناء	abnā’
ابناخون	abnāḵẖon
آبناک	ābnāk
ابنة	ibnat
آبنقره	āb-nuqrah
آبنوس	ābnūs
آبنوسی	ābnūsī
آبو	ābū
ابو	abū
ابواب	abwāb
ابوبان	abūbān
ابوة	ubūwat
آبورز	āb-warz
ابوز	ubūz
ابوس	ab’us
ابوص	abūṣ
ابوض	abūẓ
ابوق	abūq
ابول	ubūl
ابومان	abūmān
ابون	abūn
آبوند	ābwand
ابویان	abūyān
آبه	ābah
ابهام	ibhām
ابهة	ubbahat
ابهر	abhar
ابهل	ubhul
ابهول	ubhūl
ابهی	ābihī
آبهی	ābī
ابیات	abyāt
ابیار	ābyār
آبیاری	āb-yārī
ابیاری	abyārī
آبیان	ābyān
آبید	ābīd
ابیداد	abīdād
ابیر	abīr
ابیز	abīz
ابیستن	abestan
ابیشم	abīsham
ابیض	abyaẓ
ابیضاض	ibyiẓāẓ
ابیضان	abyaẓān
ابیق	abīq
ابیل	ibbīl
آبین	ābīn
ابیورد	abīward
ابیون	abyūn
اپار	ipār
اپاره	apāra
اپدر	apidar
اپرا	aprā
اپراهام	iprāhām
اپرخیده	aparḵẖīda
اپرناک	apurnāk
اپرنداخ	aprandāḵẖ
اپرواز	aparwāz
اپسان	apsān
اپشک	apshak
اپغده	ipg̱ẖada
اپکانه	apkāna
آپکرار	āpkarār
اپمید	ipmīd
آپوق	āpūk
اپیرش	apīrash
اپیرک	ipairak
اپیلانت	apīlānt
اپیرنداخ	apīrandāḵẖ
اپیز	apīz
اپیون	apyūn
ات	at
اتابک	atābak
اتات	atāt
اتاده	itā-dih
اتازونی	atāzūnī
اتاقه	atāqa
اتاله	atāla
اتبا	atbā
اتباع	atbā‘
اتبال	itbāl
آتبین	ātbīn
اتجاه	ittijāh
اتحاد	ittiḥād
اتحاف	it-ḥāf
اتخاذ	ittiḵẖāẕ
اتراب	atrāb
اترار	atrār
اترار	itrār
اتراص	itrāṣ
اتراع	itrā‘
اتراف	itrāf
اتراک	atrāk
اترت	utrut
اتروب	atrūb
اترور	utrūr
اتزان	ittizān
اتساخ	ittisāḵẖ
اتساع	ittisā‘
اتساق	ittisāq
اتسام	ittisām
اتست	utsat
اتسز	atsiz
آتش	ātish
آتشدان	ātishdān
آتشستان	ātishistān
آتشک	ātishak
آتشکار	ātish-kār
آتشکان	ātish-kān
آتشکاو	ātish-kāv
آتشکده	ātish-kada
آتشگاه	ātish-gāh
آتشگون	ātish-gūn
آتشگیره	ātish-gīra
آتشناک	ātishnāk
آتشنهال	ātish-nihāl
آتشی	ātishī
اتشی	atishī
آتشیان	ātishiyān
آتشیزه	ātishīza
آتشین	ātishīn
اتصاف	ittiṣāf
اتصال	ittiṣāl
اتضاح	ittiẓāḥ
اتفاق	ittifāq
اتفاقاً	ittifāqan
اتفاقات	ittifāqāt
اتفاقی	ittifaqī
اتقاء	ittiqā’
اتقاف	ittiqāf
اتقان	itqān
اتقیاء	atqiyā’
اتک	atak
اتکاء	ittikā’
اتکال	ittikāl
آتل	ātil
اتلاد	itlād
اتلاع	itlā‘
اتلاف	itlāf
اتم	atamm
اتمام	itmām
اتمید	itmīd
اتن	atan
اتن	atn
اتناخ	itnāḵẖ
اتنامیس	atnāmīs
اتنان	atnān
اتو	atw
اتواء	itwā’
اتوت	atūt
آتوربان	ātūrbān
اتوشه	atūsha
اتوکش	uttū-kash
آتون	ātūn
اتهاد	ittihād
اتهام	it-hām
اتیان	ityān
اث	as̤s̤
اثابة	is̤ābat
اثاث	as̤ās̤
اثاثه	as̤ās̤ah
آثار	ās̤ār
اثارة	as̤ārat
اثام	ās̤ām
اثبات	as̤bāt
اثخان	is̤ḵẖān
اثر	as̤r
اثرار	as̤rār
اثردار	as̤ar-dār
اثرطراز	as̤ar-t̤irāz
اثفیة	us̤fīyat
اثقال	as̤qāl
اثقل	as̤qal
اثل	as̤l
اثلق	as̤laq
اثمار	as̤mār
اثمان	as̤mān
اثناء	as̤nā’
اثواء	is̤wā’
اثواب	as̤wāb
اثول	us̤ūl
اثیر	as̤īr
اثیژ	as̤īzh
اثیم	as̤īm
اج	āj
اج	aj
اجاءة	ijā’at
اجابة	ijābat
اجاج	ijāj
اجادة	ijādat
اجازة	ijāzat
اجاس	ijās
اجاص	ijjāṣ
اجاغ	ujāg̱ẖ
آجاک	ājāk
اجالة	ijālat
اجامرة	ajāmirat
اجبار	ijbār
اجبه	ajbah
اجتباء	ijtibā’
اجتراء	ijtirā’
اجتراح	ijtiraḥ
اجترار	ijtirār
اجتزاء	ijtizā’
اجتزاز	ijtizāz
اجتماع	ijtimā‘
اجتناء	ijtinā’
اجتناب	ijtināb
اجتهاد	ijtihād
اجتیاز	ijtiyāz
اجحاف	ijḥāf
اجحافات	ijḥāfāt
اجحام	ijḥām
اجداث	ajdās̤
اجداد	ajdād
اجدادی	ajdādī
آجدان	ājudān
اجدر	ajdar
اجدع	ajda‘
آجده	ājada
اجذم	ajẕam
آجر	ājar
اجرا	ijrā
اجراء	ijrā’
اجراس	ajrās
اجرام	ajrām
اجرب	ajrab
اجرة	ujrat
اجرد	ajrad
اجردان	ajradāni
اجرذ	ajraẕ
اجرس	ajras
اجرش	ajrash
آجری	ājurī
اجزاء	ajzā’
اجزار	ijzār
اجزاز	ijzāz
اجزاع	ijzā‘
اجزال	ijzāl
اجزل	ajzal
اجزم	ajzam
اجساد	ajsād
اجسام	ajsām
اجش	ajashsh
اجشاش	ijshāsh
اجشام	ijshām
اجفال	ijfāl
اجفان	ajfān
اجفت	ajuft
اجل	ājil
اجل	ajall
آجلاً	ājilan
اجلاء	ijlā’
اجلاس	ijlās
اجلاف	ajlāf
اجلال	ijlāl
اجلح	ajlaḥ
اجلد	ajlad
اجلواذ	ijliwwāẕ
اجلیٰ	ajlá
اجلیلاء	ijlīlā’
آجم	ājim
اجم	ajam
اجم	ajamm
اجماج	ujmāj
اجماع	ijmā‘
اجمال	ajmāl
اجمالاً	ijmālan
اجمالی	ijmālī
اجمام	ijmām
اجمع	ajma‘
اجمل	ajmal
اجمود	ajmūd
اجمیر	ajmīr
اجناب	ajnāb
اجناس	ajnās
اجنب	ajnab
اجنبان	ajuṃbān
اجنبی	ajnabīy
اجنة	ajinnat
اجنحة	ajniḥat
اجند	ujand
آجنگان	ājangān
اجوج	ujūj
اجود	ajwad
آجودان	ājūdān
اجوره	ajūrah
اجوف	ajwaf
اجوفان	ajwafān
اجهاز	ijhāz
اجهاش	ijhāsh
اجهاض	ijhāẓ
اجهر	ajhar
اجهره	ajhara
اجهل	ajhal
اجیج	ajīj
آجیدن	ājīdan
اجیده	ajīdah
اجیر	ajīr
اجیرانه	ajīrāna
اجیری	ajīrī
اجین	ujain
آچار	āchār
اچاق	uchāq
آچاک	āchāk
اچکه	uchakka
آچی	ichī
اح	aḥḥ
آحاد	āḥād
احادیث	aḥādīs̤
احارة	iḥārat
احالة	iḥālat
احب	aḥabb
احباب	aḥbāb
احبار	aḥbār
احباس	iḥbās
احباض	iḥbāẓ
احباط	iḥbāt̤
احبال	aḥbāl
احبة	aḥibbat
احبوش	uḥbūsh
احتباس	iḥtibās
احتباک	iḥtibāk
احتبال	iḥtibāl
احتجار	iḥtijār
احتجاز	iḥtijāz
احتجاف	iḥtijāf
احتجام	iḥtijām
احتدام	iḥtidām
احتذار	iḥtiẕār
احتراز	iḥtirāz
احتراس	iḥtirās
احتراص	iḥtirāṣ
احتراف	iḥtirāf
احتراق	iḥtirāq
احترام	iḥtirām
احتزاز	iḥtizāz
احتزام	iḥtizām
احتساب	iḥtisāb
احتسابی	iḥtisābī
احتشاش	iḥtishāsh
احتشام	iḥtishām
احتضار	iḥtiẓār
احتضان	iḥtiẓān
احتظاء	iḥtiz̤ā’
احتفاز	iḥtifāz
احتفان	iḥtifān
احتقار	iḥtiqār
احتقان	iḥtiqān
احتکار	iḥtikār
احتکاک	iḥtikāk
احتلام	iḥtilām
احتماء	iḥtimā’
احتماش	iḥtimāsh
احتمال	iḥtimāl
احتمالاً	iḥtimālan
احتمالی	iḥtimālī
احتناک	iḥtināk
احتواء	iḥtiwā’
احتواش	iḥtiwāsh
احتیاج	iḥtiyāj
احتیاز	iḥtiyāz
احتیاط	iḥtiyāt̤
احتیال	iḥtiyāl
احجار	aḥjār
احجاز	iḥjāz
احجام	iḥjām
احد	aḥad
احداث	aḥdās̤
احداثی	aḥdās̤ī
احداق	aḥdāq
احدب	aḥdab
احدوثة	uḥdūs̤at
احدی	aḥadī
احدیة	aḥadīyat
احذار	iḥẕār
احرار	aḥrār
احراز	iḥrāz
احراس	iḥrās
احراض	iḥrāẓ
احراف	iḥrāf
احراق	iḥrāq
احرام	iḥrām
احریٰ	aḥrá
احریض	iḥrīẓ
احزاب	aḥzāb
احزان	aḥzān
احساء	iḥsā’
احساس	iḥsās
احسان	iḥsān
احسانات	aḥsānāt
احسانمند	iḥsān-mand
احسن	aḥsan
احسنتا	aḥsantā
احسند	aḥsand
احشاء	aḥshā’
احشاش	iḥshāsh
احشام	aḥshām
احص	aḥaṣṣ
احصاء	iḥsā’
احصار	iḥṣār
احصاص	iḥṣāṣ
احصاف	iḥṣāf
احصان	iḥṣān
احضار	iḥẓār
احضان	aḥẓān
احط	aḥat̤t̤
احفاء	iḥfā’
احفاد	aḥfād
احق	aḥaqq
احقاب	aḥqāb
احقاد	aḥqād
احقاف	aḥqāf
احقاق	iḥqāq
احقر	aḥqar
احکام	aḥkām
احکامات	aḥkāmāt
احکامی	aḥkāmī
احکم	aḥkam
احلاء	iḥlā’
احلاف	aḥlāf
احلال	iḥlāl
احلام	aḥlām
احلیٰ	aḥlā
احلیل	iḥlīl
احماد	iḥmād
احمال	ahmāl
احمام	iḥmām
احمد	aḥmad
احمدک	aḥmadak
احمر	aḥmar
احمرار	iḥmirār
احمس	aḥmas
احمض	aḥmaẓ
احمق	aḥmaq
احمقانه	aḥmaqānah
احمقی	aḥmaqī
احن	iḥan
احناء	aḥnā’
احناش	aḥnāsh
احنة	iḥnat
احنف	aḥnaf
احواج	iḥwāj
احوال	aḥwāl
احوالات	aḥwālāt
احوج	aḥwaj
احور	aḥwar
احوص	aḥwaṣ
احوط	aḥwat̤
احول	aḥwal
احویٰ	aḥwá
احیاء	aḥyā’
احیان	aḥyān
احیاناً	aḥyānan
اخ	āḵẖ
اخ	aḵẖ
اخ	aḵẖḵẖ
اخا	āḵẖā
اخاذ	iḵẖāẕ
آخار	āḵẖār
آخاز	āḵẖāz
اخاضة	iḵẖāẓat
آخال	āḵẖāl
آخانیدن	āḵẖānīdan
اخبات	iḵẖbāt
اخبار	aḵẖbār
اخبث	aḵẖbas̤
اخبون	aḵẖbūn
اخبیة	aḵẖbiyat
اخپخ	aḵẖpaḵẖ
اخت	uḵẖt
اختاج	aḵẖtāj
اختاجی	aḵẖtājī
اختان	aḵẖtān
اختبار	iḵẖtibār
اختباز	iḵẖtibāz
احتباط	iḵẖtibāt̤
اختبال	iḵẖtibāl
اختتام	iḵẖtitām
اختتان	iḵẖtitān
اختجی	aḵẖtajī
اختداع	iḵẖtidā‘
اختر	aḵẖtar
اختراش	iḵẖtirāsh
اختراط	iḵẖtirāt̤
اختراع	iḵẖtira‘
اختراق	iḵẖtirāq
اخترام	iḵẖtirām
اخترسپاه	aḵẖtar-sipāh
اخترستان	aḵẖtaristān
اختری	aḵẖtarī
اختزاع	iḵẖtizā‘
اختزال	iḵẖtizāl
اختزان	iḵẖtizān
اختشاع	iḵẖtishā‘
اختصاء	iḵẖtiṣā’
اختصار	iḵẖtiṣār
اختصاص	iḵẖtiṣāṣ
اختصام	iḵẖtiṣām
اختضاع	iḵẖtiẓā‘
اختطاف	iḵẖtit̤āf
اختفاء	iḵẖtifā’
اختلاج	iḵẖtilāj
اختلاط	iḵẖtilāt̤
اختلاع	iḵẖtilā‘
اختلاف	iḵẖtilāf
اختلافات	iḵẖtilāfāt
اختلاق	iḵẖtilāq
اختناق	iḵẖtināq
اختیار	iḵẖtiyār
اختیارنامه	iḵẖtiyār-nāma
اختیاری	iḵẖtiyārī
اختیاریه	iḵẖtiyārīya
اختیال	iḵẖtiyāl
اختیان	iḵẖtiyān
اخجسته	aḵẖjasta
اخچه	aḵẖcha
اخداع	iḵẖdā‘
اخدام	iḵẖdām
اخدان	aḵẖdān
اخدر	aḵẖdar
اخدع	aḵẖda‘
اخدود	uḵẖdūd
اخذ	aḵẖẕ
آخر	āḵẖar
اخراج	iḵẖrāj
اخراجات	iḵẖrājāt
اخراس	iḵẖrās
اخراق	iḵẖrāq
آخرة	āḵẖirat
آخردست	āḵẖir-dast
اخرس	aḵẖras
آخرسالار	āḵẖur-sālār
آخرش	āḵẖīrash
اخرق	aḵẖraq
آخرک	āḵẖurak
اخرم	aḵẖram
اخروش	aḵẖrosh
آخروط	āḵẖrūt̤
اخروی	uḵẖrawīy
اخری	āḵẖirī
اخریان	aḵẖriyān
آخرین	āḵẖirīn
اخزاء	aḵẖzā’
اخزم	aḵẖzam
اخس	aḵẖass
اخسار	iḵẖsār
اخساس	iḵẖsās
آخسته	āḵẖasta
اخسی	aḵẖsī
اخسیسک	aḵẖsīsak
اخش	āḵẖsh
آخشمه	āḵẖshuma
آخشنج	āḵẖshanj
اخشنده	aḵẖshanda
اخشیجستان	aḵẖshejistān
آخشیگان	āḵẖshegān
اخص	aḵẖaṣ
اخضال	iḵẖẓāl
اخضر	aḵẖẓar
اخضرار	iḵẖẓirār
اخضع	aḵẖẓa‘
اخطاء	iḵẖt̤ā’
اخطار	aḵẖt̤ār
اخطب	aḵẖt̤ab
اخطل	aḵẖt̤al
اخفاء	iḵẖfā’
اخفاف	aḵẖfāf
اخفش	aḵẖfash
اخککند	aḵẖkakand
اخکل	aḵẖkul
اخکلنده	aḵẖkalanda
اخکم	aḵẖkam
اخکمر	aḵẖkamar
اخکندو	aḵẖkandū
اخکوبه	aḵẖkūba
اخکوچه	aḵẖkūcha
اخکور	aḵẖkūr
اخکوزه	aḵẖkūza
اخکوژنه	aḵẖkūzhna
اخکوش	aḵẖkūsh
اخکوک	aḵẖkūk
اخکوکش	aḵẖkūkash
اخکون	aḵẖkūn
اخگار	aḵẖgār
اخگر	aḵẖgar
اخگرستان	aḵẖgaristān
اخگل	aḵẖgul
اخلاء	iḵẖlā’
اخلاد	iḵẖlād
اخلاص	iḵẖlāṣ
اخلاصمند	iḵẖlāṣmand
اخلاصمندی	iḵẖlāṣmandī
اخلاط	aḵẖlāt̤
اخلاق	aḵẖlāq
اخلال	iḵẖlāl
اخلق	aḵẖlaq
اخلکندو	aḵẖlakandū
اخلور	aḵẖlūr
اخماد	iḵẖmād
اخمال	iḵẖmāl
اخمص	aḵẖmaṣ
اخمه	aḵẖma
اخناس	iḵẖnās
اخنگل	aḵẖangal
اخوات	aḵẖawāt
اخواستی	aḵẖwāstī
اخوال	aḵẖwāl
اخواند	aḵẖẉānd
اخواندی	aḵẖẉāndī
اخوة	iḵẖwat
آخورسلار	āḵẖẉur-sālār
آخورک	āḵẖẉurak
آخون	āḵẖūn
اخوندی	aḵẖẉundi
اخوی	aḵẖawīy
اخی	aḵẖī
اخیار	aḵẖyār
اخیاف	aḵẖyāf
اخیافی	aḵẖyāfī
اخید	aḵẖīd
اخیدن	āḵẖīdan
اخیذ	aḵẖīẕ
آخیر	āḵẖīr
اخیر	aḵẖyar
اخیراً	aḵẖīran
اخیروس	aḵẖīros
اخیریدن	aḵẖīrīdan
آخیز	āḵẖīz
آخیزگر	āḵẖīzgar
اخیف	aḵẖyaf
اخیل	aḵẖyal
اخینوس	aḵẖīnos
اخیون	aḵẖyūn
آخیه	āḵẖya
ادا	adā
اداء	adā’
اداءة	idā’at
آداب	ādāb
آدابگاه	ādāb-gā
ادابند	adā-band
ادابندی	adā-bandī
آدابها	ādābhā
اداة	adāt
ادادا	adādā
ادارات	idārāt
اداراقی	adārāqī
ادارین	adārīn
آداش	ādāsh
اداقة	idāqat
ادام	adām
ادام	ādām
ادامت	idāmat
ادانة	idānat
ادانوش	adānosh
ادانی	adānī
اداوات	adāwāt
اداوة	idāwat
ادب	adab
ادباٴ	udabā’
ادبار	adbār
ادبانه	adabāna
ادبخانه	adab-ḵẖāna
ادبستان	adabistān
ادبی	adabī
ادبیر	idbīr
ادحاض	idḥāẓ
آدخ	ādaḵẖ
ادخار	iddiḵẖār
ادخال	idḵẖāl
آدر	ādar
ادراج	idrāj
ادرار	idrār
ادرارات	idrārāt
ادراری	idrārī
ادرافیس	idrāfīs
ادراک	idrāk
ادرام	adrām
آدرخش	ādraḵẖsh
ادرشاخ	ādarshāḵẖ
ادرفن	adarfan
ادرک	adark
ادرم	ādram
ادرمکش	adram-kash
ادرمه	adrama
ادرنه	adranah
ادره	udra
ادریس	idrīs
ادس	adas
آدش	ādish
ادعاء	iddi‘ā’
ادعج	ad‘aj
ادعیة	ad‘iyat
ادغام	idg̱ẖām
ادغر	ādg̱ẖar
ادغم	adg̱ẖam
ادفاء	idfā’
ادفر	adfar
ادق	adaqq
ادقاق	idqāq
ادقچه	adaqcha
ادک	aduk
ادکار	iddikār
ادگر	adgar
ادلاء	idlā’
ادلاج	idlāj
ادلال	idlāl
آدم	ādam
ادم	adm
ادم	adam
ادمال	idmāl
ادمان	idmān
ادمة	adamat
آدمستان	ādamistān
ادمن	adman
آدمی	ādamī
آدمیان	ādamiyān
آدمیانه	ādamiyāna
آدمیة	ādamīyat
ادناء	idnā’
ادناف	idnāf
ادند	adand
ادنک	adank
ادنیٰ	adná
ادوات	adawāt
ادوار	adwār
ادوای	adwāy
ادود	adūd
ادوس	adūs
ادون	adwan
ادوی	adwe
آده	āda
ادهاش	idhāsh
ادهاق	idhāq
ادهان	adhān
ادهجا	adhajā
ادهلی	adhalī
ادهم	adham
ادهیٰ	adhá
ادیان	adyān
ادیب	adīb
ادیچاره	adīchāra
آدید	adīd
آدیش	ādīsh
ادیم	adīm
آدینده	ādyanda
آدینه	ādīna
آدیون	adyūn
اذا	iẕā
اذاء	aẕā’
اذابة	iẕābat
اذار	āẕār
اذارافیون	āẕār-āfyūn
اذاراقی	aẕārāqī
آذارطوس	āẕārt̤ūs
آذاری	āẕārī
اذاعة	iẕā‘at
اذاقة	iẕāqat
اذبال	iẕbāl
اذبک	uẕbak
اذخار	iẕẕiḵẖār
اذخر	iẕḵẖir
اذراء	iẕrā’
اذرام	aẕrām
آذربایگان	āẕar-bāyigān
آذربو	āẕar-bo
اذربی	aẕrabī
آذربیجان	āẕar-baijān
آذرپرست	āẕar-parast
آذرتش	āẕartush
آذرخشا	āẕraḵẖshā
آذرس	āẕaras
آذرشپ	āẕarshap
آذرطوس	āẕart̤ūs
آذرم	āẕram
آذرمیدوخت	aẕarmī-doḵẖt
آذرنگ	āẕarang
آذرهوسنگی	āẕar-hoshangī
آذری	āẕarī
آذریطوس	āẕrīt̤ūs
آذریان	āẕariyān
آذرین	aẕarīn
اذعان	iẕ‘ān
اذفر	aẕfar
اذقان	aẕqān
اذکار	aẕkār
اذکیٰ	aẕká
اذکیاء	aẕkiyā’
اذل	aẕall
اذلال	iẕlāl
آذن	āẕan
اذن	iẕn
اذناب	aẕnāb
اذنک	uẕnak
آذوقه	āẕūqa
آذون	āẕūn
اذهان	aẕhān
اذیال	aẕyāl
اذیة	aẕīyat
اذیش	āẕīsh
اذین	āẕīn
اذین	aẕīn
ار	ār
آرا	ārā
اراء	ārā’
اراءة	irā’āt
ارابة	irābat
ارابه	arāba
آراج	ārāj
اراجیف	arājīf
اراحة	irāḥat
آراخیدن	ārāḵẖīdan
آراد	ārād
ارادة	irādat
ارادتانه	irādatāna
اراذل	arāẕil
ارارین	arārīn
آرازش	ārāzish
اراستک	ārāstak
آراستگی	ārāstagī
آراستن	ārāstan
اراستة	ārāsta
اراض	irāẕ
اراضی	arāẕī
اراضیات	arāẕiyāt
اراقة	irāqat
اراقو	arāqū
آراک	ārāk
اراک	arāk
اراکا	arākā
آرام	ārām
آرامانیدن	ārāmānīdan
آرامدن	ārāmidan
آرامش	ārāmish
آرامکار	ārām-kār
ارامکرسی	ārām-kursī
آرامگاه	ārām-gāh
ارامل	arāmil
ارامونی	arāmūnī
آرامی	ārāmī
آرامید	ārāmīd
آرامیدن	ārāmīdan
آرامیده	ārāmīda
آران	ārān
اراوند	arāwand
اراه	arāh
آرای	ārāy
آرانیدن	ārāyānīdan
آرایش	ārāyish
ارائک	arā’ik
آراینده	ārāyanda
آرائیدن	ārā’īdan
آرائیده	ārā’īda
ارب	arab
ارباب	arbāb
اربابان	arbābān
ارباع	arbā‘
اربع	arba‘
اربعون	arba‘ūna
اربل	irbal
اربو	arbū
اربوجینا	arbūjīnā
اربودار	arbū-dār
اربیاسیوس	arbiyāsiyūs
اربیان	arbayān
اربیتا	arbītā
آرت	ārat
ارتا	artā
ارتاع	artā‘
ارتاق	urtāq
ارتام	irtām
اتباط	irtibāt̤
ارتباع	irtibā‘
ارتجاج	irtijāj
ارتجاز	irtijāz
ارتجاس	irtijās
ارتجاع	irtijā‘
ارتجال	irtijāl
ارتحال	irtiḥāl
ارتخاص	irtiḵẖāṣ
ارتداء	irtidā’
ارتداد	irtidād
ارتداع	irtida‘
ارتداف	irtidāf
ارتزاز	irtizāz
ارتسام	irtisām
ارتشاء	irtishā’
ارتشاف	irtishāf
ارتضاء	irtiẓā’
ارتضاع	irtiẓā‘
ارتعاد	irti‘ād
ارتعاش	irti‘āsh
ارتفاع	irtifā‘
ارتفاق	irtifāq
ارتقاء	irtiqā’
ارتقاب	irtiqāb
ارتکاب	irtikāb
ارتکاز	irtikāz
ارتکاس	irtikās
ارتکام	irtikām
ارتماز	irtimāz
ارتماس	irtimās
ارتماض	irtimāẓ
ارتنگ	artang
ارتهاش	irtihāsh
ارتهان	irtihān
ارتیاب	irtiyāb
ارتیابانه	irtiyābāna
ارتیاح	irtiyāḥ
ارتیاد	irtiyād
ارتیاش	irtiyāsh
ارتیاض	irtiyāẓ
ارتیشدار	arteshdār
ارتیمان	artīmān
ارث	ars̤
ارثانه	irs̤ānah
ارثد	ars̤ad
ارثنگ	ars̤ang
ارج	araj
ارجاء	arjā’
ارجاسپ	arjāsp
ارجاع	irjā‘
ارجاف	arjāf
ارجالون	arjālūn
ارجان	arjān
ارجاه	irjāh
ارجز	arjaz
ارجسپ	arjasp
ارجل	arjal
ارجمند	arjmand
ارجمندی	arjmandī
ارجن	arjan
ارجند	arjand
ارجنگ	arjang
ارجنه	arjanah
ارجوانی	arjawānī
ارجوحة	urjūḥat
ارچه	archih
ارچین	archīn
ارچینی	archīnī
ارحام	arḥām
ارحم	arḥam
ارحیقنه	arḥīqina
ارخاء	irḵẖā’
ارخاص	irḵẖāṣ
ارخنده	arḵẖanda
ارخنگ	araḵẖang
ارخون	arḵẖūn
ارخیٰ	arḵẖá
آرد	ārad
ارد	ard
اردا	ardā
ارداء	irdā’
آردابه	ārd-āba
ارداله	ardāla
اردان	ardān
اردانش	ardānish
اردانه	ardāna
آرداو	ārdāw
ارداویراف	ardāwīrāf
اردب	ardab
اردب	irdabb
آردبا	ārd-bā
اردبور	ardabūr
اردبیل	ardabīl
آردتوله	ārd-tūla
اردج	ardij
اردجان	ardajān
آردحاله	ārdaḥāla
آرددوله	ārd-dūla
آردزده	ārd-zada
اردش	aradush
اردشیران	ardshīrān
اردشیردارو	ardsher-dārū
اردفنانی	aridfanānī
اردک	urdak
اردکان	ardakān
اردگان	ardagān
اردم	ārdam
اردمی	ardamī
اردو	urdū
اردوان	ardawān
اردوزده	urdū-zada
اردوش	ardūsh
اردوکند	ardūkind
اردوله	ardūla
اردون	ardūn
آردهاله	ārdhāla
اردهی	ardahī
اردی	urdī
آردینه	ārdīna
ارذال	arẕāl
ارذل	arẕal
ارز	arz
ارزاء	arzā’
ارزاق	arzāq
ارزان	arzān
ارزانش	arzānish
ارزانی	arzānī
ارزانیدن	arzānīdan
ارزایانیدن	arzāyānīdan
ارزتیون	arztiyūn
ارزرود	arzrūd
ارزش	arzish
ارزق	arzaq
ارزن	arzan
ارزنگان	arzangān
ارزنین	arzanīn
آرزو	ārzū
آرزوانه	ārzuwāna
آرزودن	ārzūdan
آرزومند	ārzūmand
آرزون	ārzūn
آرزوناک	ārzūnāk
ارزیتون	arzetūn
ارزیدن	arzīdan
ارزیز	arzīz
ارزیش	arzīsh
ارژن	arzhan
ارژنگ	arzhang
ارژنه	arzhana
ارس	aras
ارس	irs
ارساء	irsā’
ارساغ	arsāg̱ẖ
ارسال	irsāl
ارسان	arsān
ارسانیقون	arsānīqūn
ارست	ārast
ارستدن	arastdan
ارستو	arastū
آرسته	ārasta
ارسط	arast̤
آرسطا	ārist̤ā
ارسطاطلس	arast̤āt̤alis
ارسطلوخیا	arist̤ulūḵẖiyā
ارسطو	arist̤o
ارسن	arsan
ارسنال	arsanāl
ارسنگ	arsang
ارش	ārash
ارش	ārish
ارشاد	irshād
ارشاش	irshāsh
ارشد	arshad
ارشسنگ	arshasang
ارشک	arshak
ارشمیدس	arshimīdus
ارشن	arshan
آرشی	ārishī
ارشیا	arshyā
ارصاد	arṣād
ارصان	irṣān
ارض	arẓ
ارضاع	irẓā‘
ارضة	araẓat
ارضی	arẓī
ارطال	art̤āl
ارطاماسیا	art̤āmāsiyā
ارطامیدوس	art̤āmīdūs
ارطمیس	art̤amīs
ارطمیسا	art̤amīsā
ارطنیثا	art̤anīs̤ā
ارطیون	art̤ayūn
ارعاش	ir‘āsh
ارعاف	ir‘āf
ارعد	ar‘ad
ارعن	ar‘an
ارعواء	ir‘iwā’
ارغ	ārug̱ẖ
ارغا	arg̱ẖā
ارغاج	arg̱ẖāj
آرغاده	ārg̱ẖāda
ارغاف	urg̱ẖāf
ارغالی	arg̱ẖālī
ارغام	irg̱ẖām
ارغامن	arg̱ẖāmun
ارغامونی	arg̱ẖāmūnī
ارغاو	arg̱ẖāv
ارغچ	arg̱ẖich
ارغچی	arg̱ẖachī
ارغژ	arg̱ẖizh
ارغشتک	arg̱ẖushtak
ارغک	arg̱ẖak
ارغل	arg̱ẖal
ارغمج	arg̱ẖamj
ارغمچی	arg̱ẖamchī
ارغن	arg̱ẖan
ارغنج	arg̱ẖanj
ارغنگ	arg̱ẖang
ارغنن	arg̱ẖanun
ارغنون	arg̱ẖanūn
ارغوان	arg̱ẖawān
ارغوانی	arg̱ẖawānī
ارغون	arg̱ẖūn
ارغیان	irg̱ẖayān
ارغیدن	arg̱ẖīdan
ارغیده	arg̱ẖīda
آرغیش	ārg̱ẖesh
ارفاه	irfāh
ارفخشد	arfaḵẖshad
ارفش	arfash
ارفض	arfaẓ
ارفع	arfa‘
ارفند	arfand
ارق	arq
ارق	araq
ارقاص	irqāṣ
ارقاق	arqāq
ارقال	irqāl
ارقالی	arqālī
ارقام	arqām
ارقان	arqān
ارقش	arqish
ارقط	arqat̤
ارقم	arqam
ارقند	arqand
ارک	ark
ارکاز	irkāz
ارکاس	irkās
ارکاض	irkāẓ
ارکاک	irkāk
ارکان	arkān
ارکون	arkūn
ارکونتن	arkūnitan
ارکیا	arkiyā
ارگ	arg
ارگجه	argaja
ارگلی	argalī
ارگنج	urganj
ارگوس	argūs
ارلاس	arlās
آرم	ārim
ارم	arm
ارماض	irmāẓ
ارماط	armāt̤
ارماک	armāk
ارمانیدن	armānīdan
ارمائیل	irmā’īl
ارمد	armad
آرمدن	āramidan
آرمده	āramda
ارمز	urmuz
ارمس	urmus
آرمش	ārmish
ارمک	urmak
ارمگان	irmagān
آرمگاه	āram-gāh
ارمل	armal
ارمن	arman
ارمند	armand
ارمنده	āramanda
ارمنسا	armansā
ارمنین	armanīn
ارمنیه	armaniya
ارمود	armūd
ارمولة	urmūlat
ارمونتن	armūnitan
آرمیدگی	āramīdagī
آرمیدن	āramīdan
ارمیس	armīs
ارمین	armīn
ارمینیه	armīniya
ارمیون	armayūn
ارن	arran
ارنب	arnab
ارند	arand
ارندان	arandān
آرنده	āranda
آرنگ	ārang
ارنواز	arnawāz
ارنیبژ	aranyabizh
آرو	ārū
ارواء	irwā’
ارواح	arwāḥ
اروانه	arwāna
اروبک	arūbak
اروپ	urūp
اروج	aroj
ارور	urwar
اروز	urūz
اروس	arūs
اروسا	arūsā
اروع	arwa‘
اروغ	ārūg̱ẖ
آروغیدن	ārūg̱ẖīdan
آروق	ārūq
اروک	urūk
ارومه	arūma
ارونتن	arūnitan
اروند	ārwand
ارونداب	arwandāb
ارونس	arūnis
ارویس	arwīs
ارویه	arwiya
آره	āra
اره	arra
ارهاف	irhāf
ارهاق	irhāq
ارهد	arhad
ارهفت	arhaft
ارهنگ	arhang
آری	āre
اری	ary
آری	ārī
اریاح	aryāḥ
اریب	arīb
اریج	arīj
اریحا	arīḥā
اریحیة	aryaḥīyat
آریدن	ārīdan
آریر	ārīr
اریس	arīs
اریسه	urīsa
اریش	arīsh
اریض	arīẓ
آریغ	ārīg̱ẖ
اریک	arīk
اریکة	arīkat
آرین	ārīn
آز	āz
از	az
ازاء	izā’
آزاب	āzāb
آزابستان	āzābistān
ازاحة	izāḥat
آزاد	āzād
آزادگان	āzādagān
آزادگی	āzādagī
آزادوار	āzād-wār
آزاده	āzāda
آزادی	āzādī
آزار	āzār
آزار	azār
ازار	izār
ازارپا	izār-pā
ازارة	izārat
ازاردم	azārdam
آزاردن	āzārdan
آزارش	āzārish
آزارمند	āzārmand
آزارنده	āzāranda
ازاره	izāra
آزاری	āzārī
آزاریدن	āzārīdan
آزاغ	āzāg̱ẖ
ازالة	izālat
آزامند	āzāmand
ازج	azajj
ازحاف	izḥāf
ازخش	azḵẖash
ازدب	azdab
ازدپ	azdup
ازدجار	izdijār
ازدحام	izdiḥām
ازدر	azdar
ازدراء	izdirā’
ازدراد	izdirād
ازدفاف	izdifāf
آزدگی	āzadagī
ازدلاف	izdilāf
ازدمی	azdamī
ازدو	uzdū
ازدواج	izdiwāj
ازدودن	azdūdan
ازدهاف	izdihāf
ازدیاد	izdiyād
آزر	āzar
ازر	āzar
ازراء	izrā’
ازرار	azrār
ازراف	izrāf
آزرباد	āzarbād
آزرخش	āzraḵẖsh
آزرد	āzard
آزردابیدن	āzardānīdan
آزردگان	āzardagān
آزردگی	āzardagī
آزردن	āzardan
آزرده	āzarda
ازرق	azraq
ازرک	azarik
آزرمیدن	āzarmīdan
آزرنگ	āzrang
ازش	az-ash
ازعاج	iz‘āj
ازغار	izg̱ẖār
ازغچ	azg̱ẖich
ازف	azaf
ازکام	izkām
ازکیٰ	azká
ازکیاء	azkiyā’
ازکیل	izkīl
ازگات	azgāt
ازل	azal
ازلاد	azlād
ازلاف	izlāf
ازلاق	izlāq
ازلال	izlāl
ازلام	azlām
ازلی	azalī
ازلیة	azalīyat
ازم	azm
ازما	āzmā
ازماع	izmā‘
آزمان	āzmān
ازمان	azmān
آزمانی	āzmānī
آزمانیدن	āzmānīdan
آزمایش	āzmāyish
ازمة	azimmat
آزمرده	āzmurda
ازمل	azmal
آزمند	āzmand
ازمندی	āzmandī
ازمنه	azmina
آزمودگی	āzmūdagī
آزمودن	āzmūdan
آزموده	āzmūda
آزمون	āzmūn
ازمیل	izmīl
آزن	āzan
آزناک	āznāk
آزناکی	āznākī
ازناو	aznāv
ازناور	aznāwur
ازنب	aznab
آزنخ	āzanḵẖ
آزندانیدن	āzandānīdan
ازنک	azank
ازنکمید	iznikmīd
آزنه	āzana
آزو	āzū
ازواج	azwāj
آزود	āzūd
ازورد	azward
ازوری	azwarī
آزوقه	āzūqa
ازهاد	iz-hād
ازهار	az-hār
ازهاف	iz-hāf
ازهاق	az-hāq
ازهر	az-har
ازهراک	az-harāk
آزیدن	āzīdan
آزیر	āzīr
ازیرا	azīrā
ازیره	azīra
آزیریدن	āzīrīdan
ازیز	azīz
ازیش	azīsh
ازیغ	āzīg̱ẖ
ازین	azīn
آژ	āzh
اژدر	azhdar
اژدرها	azhdarhā
اژدف	azhdaf
اژدن	āzhadan
اژدنک	azhdank
آژده	āzhada
اژده	azhda
اژدها	azhdahā
اژدهاخوی	azhdahā-ḵẖoy
اژدهاک	azhdahāk
اژدهام	azhdahām
اژرنگ	azhrang
آژغ	āzhug̱ẖ
اژغ	azhg̱ẖ
اژفنداک	azhfandāk
اژگن	azhgan
اژگهان	azhgahān
اژگین	azhgīn
آژن	āzhan
آژندانیدن	āzhandānīdan
آژندن	āzhandan
آژنده	āzhanda
آژندیدن	āzhandīdan
آژنک	āzhank
آژنه	āzhana
اژنیان	azhnayān
آژور	āzhwar
آژوع	āzhūg̱ẖ
اژهان	azhhān
اژهن	azhan
اژیانه	azhyāna
آژیخ	āzhīḵẖ
آژیدن	āzhīdan
آژیر	āzhīr
اژیر	azhīr
اژیراک	āzhīrāk
آژیریدن	āzhīrīdan
آژینه	āzhīna
آس	ās
اس	us
آسا	āsā
اسا	asā
اساءة	isā’at
اسابیع	asābī‘
اساتیر	asātīr
اساتین	asātīn
اسار	isār
اسارون	asārūn
آساره	āsārā
اساریر	asārīr
اساس	asās
اساطیر	asāt̤īr
اساطین	asāt̤īn
اسافل	asāfil
آسال	āsāl
اساله	isālat
اسالیب	asālīb
اسالیطوس	asālītūs
اسالیون	asāliyūn
اسامة	isāmat
اسامی	asāmī
اسامیس	asāmīs
آسان	āsān
آسانی	āsānī
آسانیدن	āsānīdan
اساورة	asāwirat
آسای	āsāy
آسایانیدن	āsāyānīdan
آسایش	āsāyish
آسایشکده	āsāyish-kada
آسائیدن	āsā’īdan
اسب	asb
اسباب	asbāb
اسباط	asbāt̤
اسباع	isbā‘
اسبال	isbāl
آسبان	āsbān
اسبانیر	asbānbur
اسباه	isbāh
اسبتان	asbatān
اسبرخا	isbirḵẖā
اسبق	asbaq
اسبور	usbor
اسبوع	usbū‘
اسرونتن	asbūnitan
اسبه	isbah
اسبهان	isbahān
اسپ	asp
اسپا	ispā
اسپاریس	aspārēs
اسپاسدار	ispāsdār
اسپاناج	ispānāj
اسپانیا	ispāniyā
اسپانیول	ispāniyol
اسپاه	ispāh
اسپاهان	ispāhān
اسپخول	ispiḵẖūl
اسپدار	ispidār
اسپر	ispar
اسپرایین	isparā’īn
اسپرز	uspurz
اسپرش	ispirish
اسپرگ	isparag
اسپرم	isparam
اسپرنک	isparang
اسپرود	isparūd
اسپره	ispra
اسپرهم	isparham
اسپری	isparī
اسپریز	isp-rez
اسپس	uspus
اسپست	aspist
اسپک	aspak
اسپکنوی	ispaknūy
اسپلنج	asp-lunj
اسپناج	ispanāj
اسپند	ispand
اسپندار	ispandār
اسپندارمذ	ispandārmuẕ
اسپندان	ispandān
اسپندیار	ispandyār
اسپنوی	ispanūy
اسپور	uspor
اسپوست	uspūst
اسپه	aspa
اسپهان	ispahān
اسپهبدی	ispahbadī
اسپیچاب	ispīchāb
اسپید	isped
اسپیدار	ispedār
اسپیدبا	isped-bā
اسپیدرود	isped-rūd
اسپیدکار	isped-kār
اسپیل	aspīl
اسپیوش	ispayosh
آست	āst
است	ast
استاخ	istāḵẖ
استاد	ustād
استادار	ustādār
استادانیدن	istādānīdan
استادگی	istādagī
استادن	istādan
استاده	istāda
استادی	ustādī
استاذ	ustāẕ
استار	astār
استار	istār
استارابد	istārābad
استارچه	istārcha
استاره	istāra
استاسیون	istāsiyon
استافیل	istāfīl
استاقوس	istāqūs
استاک	istāk
استاکر	ustākar
استام	ustām
آستان	āsitān
استان	astān
آستانبوسی	āstān-bosī
استانبول	istāṃbūl
استاندن	istāndan
آستانشین	āstān-nishīn
استانه	āsitāna
آستانی	āsitānī
استانیدن	istānīdan
استای	istāy
استباق	istibāq
استبان	istabān
استبداد	istibdād
استبداع	istibdā
استبدال	istibdāl
استبر	istabr
استبراء	istibrā’
استبراز	istibrāz
استبرق	istabraq
استبشار	istibshār
استبشاع	istibshā‘
استبصار	istibṣār
استبضاع	istibẓā‘
استبعاد	istib‘ād
استبهام	istibhām
استتار	istitār
استتباع	istitbā‘
استثقال	istis̤qāl
استثناء	istis̤nā’
استثنائی	istis̤nā’ī
استجابة	istijābat
استجارة	istijārat
استجازة	istijāzat
استجزاز	istijzāz
استجلاب	istijlāb
استجهال	istijhāl
استحاضة	istiḥāẓat
استحالة	istiḥālat
استحباب	istiḥbāb
استحداث	istiḥdās̤
استحداد	istiḥdād
استحسار	istiḥsār
استحسان	istiḥsān
استحصاف	istiḥṣāf
استحضار	istiḥẓār
استحفاظ	istiḥfāz̤
استحقار	istiḥqār
استحقاق	istiḥqāq
استحکام	istiḥkām
استحلاء	istiḥlā’
استحلاف	istiḥlāf
استحلال	istiḥlāl
استحمام	istiḥmām
استحواذ	istiḥwāz
استحیاء	istiḥyā’
استخ	istaḵẖ
استخارة	istiḵẖārat
استخبار	istiḵẖbār
استخدام	istiḵẖdām
استخر	istaḵẖr
استخراج	istiḵẖrāj
استخفاف	istiḵẖfāf
استخلاص	istiḵẖlāṣ
استخلاف	istiḵẖlāf
استخوان	ustuḵẖẉān
استخوانک	ustuḵẖwānak
استدامة	istidāmat
استدانة	istidānat
استدبار	istidbār
استدراج	istidrāj
استدراک	istidrāk
استدعاء	istid‘ā’
استدقاق	istidqāq
استدلال	istidlāl
استدن	istadan
استراباد	astarābād
استراحة	istirāḥat
استرار	istarār
استراق	istirāq
استربا	astarbā
استرجاع	istirjā‘
استرجال	istirjāl
استرخا	istirḵẖā
استرخاء	istirḵẖā’
استرخاص	istirḵẖāṣ
استرداد	istirdād
استرداف	istirdāf
استردن	usturdan
استردیا	istiridiyā
استرزاق	istirzāq
استرسال	istirsāl
استرش	usturash
استرضاء	istirẓā’
استرضاع	istirẓā‘
استرقاق	istirqāq
استرک	istarak
استرلاب	usturlāb
استرنج	istaranj
استرواح	istirwāḥ
استرون	astarwan
استرونتن	astarūnitan
استره	ustura
استرهاب	istirhāb
استرهان	istirhān
استزارة	istizārat
استزلال	istizlāl
استسرار	istisrār
استسعاد	istis‘ād
استسقاء	istisqā’
استسلام	istislām
استسمان	istismān
استسهال	istis-hāl
استشارة	istishārat
استشراف	istishrāf
استشعار	istish‘ār
استشفار	istishfār
استشفاع	istishfā‘
استشمام	ishtishmām
استشهاد	istishhād
استصباح	istiṣbāḥ
استصحاب	istiṣḥāb
استصراف	istiṣrāf
استصماغ	istiṣmāg̱ẖ
استصماع	istiṣnā‘
استصواب	istiṣwāb
استضعاف	istiẓ‘āf
استطار	istit̤ār
استطارة	istit̤ārat
استطاعة	istit̤ā‘at
استطالة	istit̤ālat
استطراد	istit̤rād
استطراف	istit̤rāf
استطلاع	istit̤lā‘
استطلاق	istit̤lāq
استطلس	istat̤lus
استظلال	istiz̤lāl
استظهار	istiz̤hār
استعادة	isti‘ādat
استعاذة	isti‘āẕat
استعار	isti‘ār
استعارة	isti‘ārat
استعانة	isti‘ānat
استعباد	isti‘bād
استعجاب	isti‘jāb
استعجال	isti‘jāl
استعجام	isti‘jām
استعداد	isti‘dād
استعصام	isti‘ṣām
استعطاف	isti‘t̤āf
استعظام	isti‘z̤ām
استعفاء	isti‘fā’
استعفاف	isti‘fāf
استعلاء	isti‘lā’
استعلاج	isti‘lāj
استعلام	isti‘lām
استعلان	isti‘lān
استعمار	isti‘mār
استعمال	isti‘māl
استعمالی	isti‘mālī
استغاثة	istig̱ẖās̤at
استغارب	istig̱ẖrāb
استغراق	istig̱ẖrāq
استغشاش	istig̱ẖshāsh
استغفار	istig̱ẖfār
استغلاظ	istig̱ẖlāz̤
استغلال	istig̱ẖlāl
استغناء	istig̱ẖnā’
استغنام	istig̱ẖnām
استفادة	istifādat
استفاضانه	istifāẓāna
استفاضة	istifāẓat
استفاقة	istifāqat
استفان	istifān
استفتاء	istiftā’
استفتاح	istiftāḥ
استفراز	istifrāz
استفراغ	istifrāg̱ẖ
استفسار	istifsār
استفساری	istifsārī
استفنان	istifnān
استفه	istafa
استفهام	istifhām
استفهامی	istifhāmī
استقامة	istiqāmat
استقبال	istiqbāl
استقدام	istiqdām
استقراء	istiqrā’
استقرار	istiqrār
استقراض	istiqrāẓ
استقصاء	istiqṣā’
استقصاص	istiqṣāṣ
استقلال	istiqlāl
استقلالانه	istiqlālāna
استقلالی	istiqlālī
استقواس	istiqwās
استقیلا	ustuqīlā
استکان	istakān
استکانة	istikānat
استکبار	istikbār
استکتاب	istiktāb
استکثار	istiks̤ār
استکراه	istikrāh
استکشاف	istikshāf
استکمال	istikmāl
استل	istal
استلال	istilāl
استلام	istilām
استلحاق	istilḥāq
استلخ	istalḵẖ
استلذاذ	istilẕāẕ
استلزام	istilzām
استلقاء	istilqā’
استم	istam
استماع	istimā
اسعمالة	istimālat
استمتاع	istimtā‘
استمخار	istimḵẖār
استمداد	istimdād
استمراء	istimrā’
استمرار	istimrār
استمراری	istimrārī
استمزاج	istimzāj
استمساک	istimsāk
استملاح	istimlāḥ
استملال	istimlāl
استمهال	istimhāl
آستن	āstin
استن	ustun
استناد	istinād
استنارة	istinārat
استنباط	istiṃbāt̤
استنبول	istaṃbūl
استنبه	istaṃba
استنثار	istins̤ār
استنجاء	istinjā’
استنجاز	istinjāz
استندن	istandan
استندیل	istindīl
استنزال	istinzāl
استنساخ	istinsāḵẖ
استنشاق	istinshāq
استنصار	istinṣār
استنطاق	istint̤āq
استنظاف	istinz̤āf
استنقاذ	istinqāẕ
استنقاع	istinqā‘
استنکاف	istinkāf
استواء	istiwā’
استوار	ustuwār
استواری	ustuwārī
استوان	ustuwān
استوانه	ustuwāna
استودان	ustūdān
استور	ustūr
استوربان	ustūrbān
استوم	ustūm
اسبون	ustūn
استوی	ustuwī
استهام	istihām
استهداء	istihdā’
استهداف	istihdāf
استهروش	istahrūsh
استهزاء	istihzā’
استهزانه	istihzāna
استهلاک	istihlāk
استهلال	istihlāl
استهواء	istihwā’
استهیدن	istihīdan
آستی	āstī
استیا	istiyā
استیاق	istiyāq
استیثاق	istīs̤āq
استیجاب	istījāb
استیحاش	istīḥāsh
استیخ	istīḵẖ
استیداع	istīdā‘
استیدن	istīdan
استیده	istīda
استیر	astīr
استیزه	istīzah
استیساع	istīsā‘
استیساق	istīsāq
استئصال	isti’ṣāl
استیعاب	istī‘āb
استیفاء	istīfā’
استیفاز	istīfāz
استیفاض	istīfāẓ
استیفاق	istīfāq
استیقاد	istīqād
استیقاظ	istīqāz̤
استیکان	istīkān
استیلاء	istīlā’
استیم	āstīm
استئمان	isti’mān
آستین	āstīn
استئناس	isti’nās
استئناف	isti’nāf
آستینه	āstīna
استیهیدن	istīhīdan
اسجاع	asjā‘
اسجال	isjāl
اسحاره	asḥāra
اسحاق	isḥāq
اسحم	asḥam
اسخاط	isḵẖāt̤
اسد	asad
اسداء	isdā’
اسداف	isdāf
اسدال	asdāl
آسر	āsur
اسر	asr
اسراء	isrā’
اسرار	asrār
اسراری	asrārī
اسراع	isrā‘
اسراف	isrāf
اسرافیل	isrāfīl
اسراییل	isrāyīl
اسربی	usrubī
اسرپ	usrup
اسرخا	isirḵẖā
اسرع	asra‘
اسرف	usruf
اسرنج	isrinj
اسروش	usrosh.
اسروع	usrū‘
آسریس	āsrīs
اسریشم	isrīsham
اسس	asas
اسطارة	ist̤ārat
اسطبر	ist̤abr
اسطبل	ist̤abl
اسطخدور	ist̤aḵẖdūr
اسطخر	ist̤aḵẖr
اسطر	ust̤ur
اسطراغیلس	ist̤arāg̱ẖīlus
اسطرخ	ist̤araḵẖ
اسطرخا	ast̤irḵẖā
اسطرلاب	ust̤urlāb
اسطرنونا	ust̤urnūnā
اسطع	ast̤a‘
اسطفلین	ist̤aflīn
اسطفین	ist̤afīn
اسطقس	ust̤uqus
اسطوان	ust̤uwān
اسطوخودوس	ust̤ūḵẖūdūs
اسطور	ust̤ūr
اسطون	ust̤ūn
اسعاد	is‘ād
اسعار	as‘ār
اسعاط	is‘āt̤
اسعاف	is‘āf
اسعد	as‘ad
اسغاب	isg̱ẖāb
اسغدیدن	asag̱ẖdīdan
اسغر	usg̱ẖur
اسف	asaf
اسفابور	asfābūr
اسفار	asfār
اسفارینی	isfārainīy
اسفاناج	isfānāj
اسفاناخ	isfānāḵẖ
اسفانبر	asfāṃbur
آسفته	āsufta
آسفده	āsufda
اسفدیح	asfadīḥ
اسفراج	isfirāj
اسفراین	isfarāyin
اسفرسب	asfrasb
اسفرسف	asfrasf
اسفرم	isfaram
اسفرنج	isfaranj
اسفرنگ	isfarang
اسفرود	isfarūd
اسفره	asfura
اسفستی	isfistī
اسفل	asfal
اسفناج	isfināj
اسفنان	isfanān
اسفنتمان	isfantamān
اسفنج	isfanj
اسفند	isfanja
اسفندار	isfand
اسفندار	isfandār
اسفندارمذ	isfandārmuẕ
اسفندمذ	isfandmuẕ
اسفندیار	isfandyār
اسفهسالار	isfahsālār
اسفیجاب	isfījāb
اسفید	isfed
اسفیداب	isfedāb
اسفیداج	isfedāj
اسفیدار	isfedār
اسفیدبا	isfed-bā
اسفیوش	isfayūsh
اسقاط	asqāt̤
اسقال	isqāl
اسقام	asqām
اسقف	asqaf
اسقل	asqal
اسقلبیاس	asqalbiyās
اسقلطس	isqalt̤us
اسقلینس	isqilīnus
اسقنبه	isqiṃba
اسقنقور	isqanqūr
اسقور	usqūr
اسقوردیون	usqūrdiyūn
اسقورون	usqūrūn
اسقولو	uskūlū
اسقولوس	usqūlūs
اسقولوفندریون	isqūlūfandariyūn
اسقیل	isqīl
آسک	āsak
اسک	isk
اسکات	iskāt
اسکار	iskār
اسکاف	iskāf
اسکالش	iskālish
اسکان	iskān
اسکانه	iskāna
اسکاوند	askāwand
اسکردن	askardan
اسکرک	iskirk
اسکفة	uskuffat
اسکله	iskala
اسکنان	iskanān
اسکنج	askanj
اسکند	askand
اسکندان	askandān
اسکندراباد	iskandar-ābād
اسکندروس	iskandarūs
اسکندری	iskandarī
اسکندریّة	iskandarīyat
اسکنک	iskinak
اسکنه	iskana
اسکوار	askwār
اسکوخ	uskūḵẖ
اسکیز	iskīz
اسگر	usgur
آسگون	āsgūn
اسل	asal
اسلاء	islā’
اسلاف	aslāf
اسلاک	islāk
اسلال	islāl
اسلام	islām
اسلامی	islāmī
اسلة	asalat
اسلخ	aslaḵẖ
اسلم	aslam
اسلنج	aslanj
اسلوب	uslūb
اسلوباٴ	uslūban
اسلوبدار	uslūb-dār
اسلیقون	islīqūn
اسلیمی	islīmī
اسم	ism
آسما	āsmā
اسماء	asmā‘
آسمار	āsmār
اسمار	asmār
اسماط	asmāt̤
اسماع	asmā‘
اسماعیل	ismā‘īl
اسماعیلیة	ismā‘īlīyat
اسمال	asmāl
آسمان	āsmān
اسمان	ismān
آسمانجونی	āsmānjūnī
آسماندره	āsmān-dara
آسمانه	āsmāna
آسمانی	āsmānī
اسمر	asmar
اسمران	asmarān
اسمعیل	isma‘īl
اسمن	asman
آسمند	āsmand
اسمند	asmand
اسمندر	asmandar
اسموار	ism-wār
اسمرسا	asmūsā
آسموغ	āsmog̱ẖ
آسمه	āsima
اسمی	ismī
اسن	asan
اسناپوی	isnāpūī
اسناد	isnād
اسناد	asnād
اسنام	isnām
اسنان	asnān
اسنپوی	isnapūī
آسنی	āsnī
اسنیٰ	asná
اسو	āsū
اسوار	aswār
اسواری	aswārī
اسواط	aswāt̤
اسوبار	asūbār
اسود	aswad
اسودان	aswadān
آسودگی	āsūdagī
آسودن	āsūdan
آسودة	āsūda
اسوده	usūda
اسور	aswar
اسون	usūn
آسه	āsa
اسهاب	is-hāb
اسهال	is-hāl
اسهام	is-hām
اسهل	as-hal
آسی	āsī
آسیا	āsiyā
اسیا	asyā
آسیاب	āsiyāb
آسیابان	āsiyābān
اسیاف	asyāf
آسیاگر	āsyāgar
آسیاگری	āsyāgarī
آسیب	āsīb
اسیر	asīr
اسیرک	asīrak
اسیری	asīrī
اسیف	asīf
اسیلم	usailim
آسیم	āsīm
آسیمه	āsīma
اسیوس	asyūs
آسیون	āsyūn
آسیه	āsiya
آش	āsh
اش	ash
آشا	āshā
اشادة	ishādat
اشاش	ashāsh
اشاعة	ishā‘at
آشام	āshām
اشام	ashām
آشامنده	āshāminda
آشامیدن	āshāmīdan
آشامیدنی	ashāmīdanī
اشب	ashb
اشباح	ashbāḥ
اشبار	ashbār
اشباع	ishbā‘
اشبال	ashbāl
اشباه	ashbāh
اشبخون	ishbḵẖūn
اشبل	ushbul
اشبو	ashbū
اشبول	ushbūl
آشپز	āsh-paz
اشپس	ushpus
اشپشه	ishpisha
اشپغور	ashpag̱ẖūr
اشپک	ashpak
اشپل	ushpul
اشپلاتوس	ashpalāt̤ūs
اسپوختن	ishpūḵẖtan
اشپیخته	ishpeḵẖta
اشتا	ushtā
اشتات	ashtāt
اشتاد	ashtād
اشتافتن	ishtāftan
اشتالنگ	ishtālang
اشتباک	ishtibāk
اشتباه	ishtibāh
اشتباهی	ishtibāhī
اشتداد	ishtidād
اشتر	ashtar
اشتر	ushtur
اشتراء	ishtirā’
اشترابه	ushturāba
اشتراط	ishtirāt̤
اشتراک	ishtirāk
اشتراوه	ushturāwa
اشتربان	ushturbān
اشتربانه	ushturbāna
اشتربین	ushtur-bīn
اشترپای	ushtur-pāy
اشتردل	ushtur-dil
اشترزهره	ushtur-zahra
اشترغاز	ushtur-g̱ẖāz
اشترک	ushturak
اشتروا	ushtur-wā
اشتروار	ushturwār
اشتروغ	ushturūg̱ẖ
اشتعال	ishti‘āl
اشتعالک	ishti‘ālak
اشتغال	ishtig̱ẖāl
اشتقاق	ishtiqāq
اشتقاقی	ishtiqāqī
اشتک	ishtak
اشتلابوس	ishtilābūs
اشتلحونا	ishtalḥūnā
اشتلم	ushtulum
اشتمال	ishtimāl
آشتنگاه	āshtan-gāh
اشتو	ashtū
اشتوا	ashtuwā
اشتوانه	ushtuwāna
اشتود	ashtawad
آشتوم	āshtūm
آشتوه	āshtūh
اشتهاء	ishtihā’
اشتهار	ishtihār
اشتهاری	ishtihārī
آشتی	āshtī
اشتیاف	ishtiyāf
اشتیاق	ishtiyāq
آشتینه	āshtīnah
اشج	ashajj
اشجار	ashjār
اشجع	ashja‘
اشحام	ishḥām
اشخار	ashḵẖār
اشخاص	ashḵẖaṣ
اشخام	ishḵẖām
اشخوان	ashḵẖuwān
اشخون	ishḵẖūn
اشخیص	ishḵẖīṣ
اشد	ashadd
اشدق	ashdaq
اشر	ashar
اشر	asharr
اشراب	ishrāb
اشرابات	ashrābāt
اشرار	ashrār
اشراش	ishrās
اشراط	ashrāt̤
اشراع	ishrā’
اشراف	ashrāf
اشراق	ishrāq
اشراقی	ishrāqī
اشراقیان	ishrāqiyān
اشراک	ashrāk
اشرج	ashraj
آشردن	āshurdan
اشرف	ashraf
آشزدن	āshuzdan
اشعار	ash‘ār
اشعاع	ish‘ā‘
اشعب	ash‘ab
اشعث	ash‘as̤
اشعر	ash‘ar
اشغار	ashg̱ẖār
اشغال	ashg̱ẖāl
اشغر	ashg̱ẖar
اشغل	ashg̱ẖal
اشفاء	ishfā’
اشفاق	ashfāq
آشفتانیدن	āshuftānīdan
آشفتگی	āshuftagī
آشفتن	āshuftan
آشفته	āshufta
اشفند	ashfand
اشفیٰ	ashfá
اشق	ashaqq
اشقاء	ishqā’
اشقر	ashqar
اشقردیون	ashqardiyūn
اشقره	ashqara
اشقیٰ	ashqá
اشقیاء	ashqiyā’
اشک	ashk
آشکار	āshkār
اشکار	ishkār
آشکارگی	āshkāragī
آشکاره	āsh-kāra
اشکاری	ishkārī
اشکال	ashkāl
اشکالی	ashkālī
اشکانیان	ashkāniyān
اشکاوند	ashkāwand
اشکبار	ashk-bār
اشکباری	ashk-bārī
اشکبوس	ashkbūs
اشکردن	ishkardan
اشکره	ishkira
آشکزه	āshkaza
اشکستن	ishkastan
اشکش	ashkash
اشکفت	ashkift
اشکفه	ishkufa
اشکل	ashkal
اشکم	ishkam
اشکنبه	ishkaṃba
اشکنج	ishkanj
اشکنجه	ishkanja
اشکندن	ishkandan
اشکنه	ishkina
اشکوخ	ishkoḵẖ
اشکوخیدن	ishkoḵẖīdan
اشکوفه	ushkūfa
اشکوه	ushkoh
اشکوهه	ushkūha
اشکیل	ishkīl
اشکیوان	ishkewān
اشکیود	ashkyūd
اشگرف	ashgarf
اشگفت	ishguft
اشگون	āshgūn
اشگوی	āshgūy
اشل	ashall
اشم	ishm
اشم	ashamm
اشماس	ishmās
اشماع	ishmā‘
آشمالی	āshmālī
اشمام	ishmām
اشمخرار	ishmiḵẖrār
اشمل	ashmal
اشموسا	ashmūsā
آشمید	āshamīd
آشمیدن	āshamīdan
اشمئزاز	ishmi’zāz
اشن	ashan
آشنا	āshnā
اشنا	ashnā
آشناد	āshnād
اشناگر	āshnāgar
اشناو	āshnāv
آشناور	āshnāwar
آشناه	āshnāh
آشنایان	āshnāyān
آشنائی	āshnā’ī
اشنع	ashna‘
اشنود	ashnawad
اشنودن	ushnūdan
اشنوشه	ishnūsha
اشنه	āshna
اشنیدن	ishnīdan
اشو	āshū
اشو	ashū
اشواط	ashwāt̤
اشواک	askwāk
اشوب	āshob
آشوبتر	āshobtar
آشوبگاه	āshob-gāh
آشوبناک	āshobnāk
آشوبیدن	āshobīdan
آشور	āshor
آشوردن	āshordan
اشوس	ashwas
آشوفتگی	āshoftagī
آشوفتن	āshoftan
آشوفته	āshofta
اشه	usha
اشهاد	ashhād
اشهب	ashhab
اشهد	ashhadu
اشهر	ashhar
اشهل	ashhal
اشهیٰ	ashhā
آشیا	āshiyā
اشیاء	ashyā’
اشیاع	ashyā‘
آشیان	āshyān
آشیب	āshīb
آشیج	āshej
آشیگاه	āshīgāh
آشین	āshīn
آشینه	āshīna
اصابة	iṣābat
اصابع	aṣābi‘
اصاغر	aṣāg̱ẖir
اصالة	aṣālat
اصالتاً	aṣālatan
اصباج	aṣbāḥ
اصباغ	aṣbāg̱ẖ
اصباهان	isbāhān
اصبح	aṣbaḥ
اصبحی	aṣbaḥī
اصبغ	aṣbag̱ẖ
اصبهان	iṣbahān
اصح	aṣaḥḥ
اصحاب	aṣḥāb
اصدار	iṣdār
اصداغ	aṣdāg̱ẖ
اصداف	aṣdāf
اصداق	iṣdāq
اصدق	aṣdaq
اصدقاه	aṣdiqā’
اصر	aṣr
اصرار	iṣrār
اصراف	iṣrāf
اصرام	aṣrām
اصطباح	iṣt̤ibāḥ
اصطبار	iṣt̤ibār
اصطباغ	iṣt̤ibāg̱ẖ
اصطبة	uṣt̤ubbat
اصطبل	iṣt̤abl
اصطخر	iṣt̤aḵẖr
اصطر	uṣt̤ur
اصطرخ	iṣt̤araḵẖ
اصطرک	aṣt̤arak
اصطرلاب	uṣt̤urlāb
اصطره	uṣt̤ura
اصطفاه	iṣt̤ifā’
اصطفاف	iṣt̤ifāf
اصطفاق	iṣt̤ifāq
اصطفلین	iṣt̤aflīn
اصطفی	aṣt̤afī
اصطفین	aṣt̤afīn
اصطکاک	iṣt̤ikāk
اصطلاح	iṣt̤ilāḥ
اصطلاحات	iṣt̤ilāḥāt
اصطلاحی	iṣt̤ilāḥī
اصطلام	iṣt̤ilām
اصطناع	iṣt̤inā‘
اصطور	uṣt̤ūr
اصطیاد	iṣt̤iyād
اصعاق	iṣ‘āq
اصغاه	iṣg̱ẖā’
اصغر	aṣg̱ẖar
اصف	aṣaf
اصفاح	iṣfāḥ
اصفاد	aṣfād
اصفار	aṣfār
اصفاق	iṣfāq
اصفاهانک	iṣfāhānak
اصفر	aṣfar
اصفهان	iṣfahān
اصفهسالار	iṣfahsālār
اصفیٰ	aṣfá
اصفیاه	aṣfiyā
اصقیل	iṣqīl
اصل	aṣl
اصلاً	aṣlan
اصلاح	iṣlāḥ
اصلان	aṣlān
اصلح	aṣlaḥ
اصلع	aṣla‘
اصلی	aṣlī
اصلیان	aṣliyān
اصلیت	aṣlīyat
اصم	aṣamm
اصماء	iṣmā’
اصمام	iṣmām
اصمع	iṣma‘
اصناف	aṣnāf
اصنام	aṣnām
اصنان	iṣnān
اصوات	aṣwāt
اصوب	aṣwab
اصول	uṣūl
اصهار	aṣhār
اصیل	aṣīl
اض	aẓẓ
اضاءة	iẓā’at
اضاض	iẓāẓ
اضاعة	iẓā‘at
اضافی	iẓāfī
اضجاع	iẓjā‘
اضحاک	iẓḥāk
اضحوکة	uẓḥūkat
اضحیة	uẓḥīyat
اضداد	aẓdād
اضر	aẓarr
اضراب	aẓrāb
اضرار	aẓrār
اضراع	iẓrā‘
اضرام	iẓrām
اضزاز	iẓzāz
اضطباع	iẓt̤ibā‘
اضطجاع	iẓt̤ijā‘
اضطراب	iẓt̤irāb
اضطرابی	iẓt̤irābī
اضطرار	iẓt̤irār
اضطراری	iẓt̤irārī
اضطرام	iẓt̤irām
اضطلاع	iẓt̤ilā‘
اضعاف	aẓ‘āf
اضعف	aẓ‘af
اضغاث	āẓg̱ẖās̤
اضغان	aẓg̱ẖān
اضل	aẓall
اضلاع	aẓlā‘
اضلال	iẓlāl
اضم	aẓam
اضمار	iẓmār
اضمحلال	iẓmiḥlāl
اضواء	āẓwā‘
اضیاف	aẓyāf
اضیق	aẓyaq
اطا	at̤ā
اطابة	it̤ābat
اطاحة	it̤āḥat
اطاعة	it̤ā‘at
اطاعتگری	it̤ā‘at-garī
اطاق	ut̤āq
اطالة	it̤ālat
اطالیق	at̤ālīq
اطباء	it̤ibbā’
اطباع	at̤bā‘
اطراء	it̤rā’
اطراب	it̤rāb
اطراباس	at̤rābulus
اطراح	it̤t̤irāḥ
اطراد	it̤t̤irād
اطرار	it̤rār
اطراف	at̤rāf
اطرافی	at̤rāfī
اطراق	it̤rāq
اطروش	ut̤rūsh
اطریش	ot̤rīsh
اطریفل	it̤rīfal
اطعام	it̤‘ām
اطغاء	it̤g̱ẖā’
اطفاء	it̤fā’
اطفال	at̤fāl
اطلاع	it̤lā‘
اطلاعاً	it̤t̤ilā‘an
اطلاعات	it̤t̤ilā‘āt
اطلاعی	it̤t̤ilā‘ī
اطلاق	it̤lāq
اطلال	at̤lāl
اطلس	at̤las
اطلسی	at̤lasī
اطم	at̤m
اطماط	at̤māt̤
اطماع	it̤mā‘
اطموط	at̤mūt̤
اطمیسا	at̤mīsā
اطمئنان	it̤mi’nān
اطناب	at̤nāb
اطنه	at̤anah
اطوار	at̤wār
اطواراً	at̤wāran
اطوارین	at̤wārīn
اطوع	at̤wa‘
اطول	at̤wal
اطولاً	at̤walan
اطهار	at̤hār
اطهر	at̤har
اطیب	at̤yab
اطیط	at̤īt̤
اطیوط	at̤yūt̤
اظراف	iz̤rāf
اظفار	az̤fār
اظفر	az̤far
اظلال	az̤lāl
اظلام	iz̤lām
اظلم	az̤lam
اظهار	iz̤ḥār
اظهر	az̤har
اعاجم	a‘ājim
اعاجیب	a‘ājīb
اعادی	a‘ādī
اعاذة	i‘āẕat
اعارة	i‘ārat
اعاظم	a‘āz̤im
اعالة	i‘ālat
اعانة	i‘ānat
اعباء	a‘bā’
اعتاق	i‘tāq
اعتام	i‘tām
اعتباد	i‘tibād
اعتبار	i‘tibār
اعتباری	i‘tibārī
اعتباط	i‘tibāt̤
اعتداء	i‘tidā’
اعتداد	i‘tidād
اعتدال	i‘tidāl
اعتدالی	i‘tidālī
اعتذار	i‘tiẕār
اعتذاری	i‘tiẕārī
اعتراء	i‘tirā’
اعتراض	i‘tirāẓ
اعتراضات	i‘tirāẓāt
اعتراضی	i‘tirāẓī
اعتراف	i‘tirāf
اعتراک	i‘tirāk
اعتزاء	i‘tizā’
اعتزاز	i‘tizāz
اعتزال	i‘tizāl
اعتسار	i‘tisār
اعتساس	i‘tisās
اعتساف	i‘tisāf
اعتشاش	i‘tishāsh
اعتصار	i‘tiṣār
اعتصام	i‘tiṣām
اعتضاد	i‘tiẓād
اعتقاد	i‘tiqād
اعتقادات	i‘tiqādāt
اعتقادی	i‘tiqādī
اعتقال	i‘tiqāl
اعتکاف	i‘tikāf
اعتلاء	i‘tilā’
اعتلاف	i‘tilāf
اعتلاق	i‘tilāq
اعتلال	i‘tilāl
اعتماد	i‘timād
اعتمادی	i‘timādī
اعتمار	i‘timār
اعتمال	i‘timāl
اعتمام	i‘timām
اعتمید	i‘timīd
اعتناء	i‘tinā’
اعتناز	i‘tināz
اعتناق	i‘lināq
اعتوار	i‘tiwār
اعتیاد	i‘tiyād
اعتیاص	i‘tiyāṣ
اعتیاض	i‘tiyāẓ
اعتیاق	i‘tiyāq
اعجاب	i‘jāb
اعجاز	a‘jāz
اعجازور	i‘jāz-war
اعجال	i‘jāl
اعجام	i‘jām
اعجز	a‘jaz
اعجف	a‘jaf
اعجم	a‘jam
اعجمی	a‘jamī
اعجوبگی	u‘jūbagī
اعداء	a‘dā’
اعداد	a‘dād
اعدام	i‘dām
اعدل	a‘dal
اعدی	a‘dá
اعذاب	i‘ẕāb
اعذار	a‘ẕār
اعراب	a‘rāb
اعرابی	a‘rābī
اعراج	i‘rāj
اعراس	a‘rās
اعراض	a‘rāẓ
اعراف	a‘rāf
اعراق	i‘rāk
اعرج	a‘raj
اعرف	a‘raf
اعز	a‘azz
اعزاز	i‘zāz
اعزل	a‘zal
اعسار	i‘sār
اعسر	a‘sar
اعشار	a‘shār
اعشاش	a‘shāsh
اعشی	a‘shá
اعصاب	a‘ṣāb
اعصار	a‘ṣār
اعصام	i‘ṣām
اعصم	a‘ṣam
اعضاء	a‘ẓā’
اعضاض	i‘ẓāẓ
اعطاء	i‘t̤ā’
اعطاش	i‘t̤āsh
اعطاف	a‘t̤āf
اعطان	a‘t̤ān
اعظام	i‘z̤ām
اعظم	a‘z̤am
اعفاء	i‘fā’
اعفاف	i‘fāf
اعقاب	a‘qāb
اعقل	a‘qal
اعلاء	i‘lā’
اعلاق	i‘lāq
اعلال	i‘lāl
اعلام	a‘lām
اعلان	i‘lān
اعلم	a‘lam
اعلی	a‘lá
اعلیحضرت	a‘lá-haẓrat
اعم	a‘amm
اعماء	i‘mā’
اعمار	a‘mār
اعمال	a‘māl
اعمام	a‘mām
اعمش	a‘mash
اعمی	a‘má
اعناق	a‘nāq
اعنق	a‘naq
اعواز	i‘wāz
اعواص	i‘wāṣ
اعوال	i‘wāl
اعوام	a‘wām
اعوان	a‘wān
اعوج	a‘waj
اعوجاج	i‘wijāj
اعور	a‘war
اعیاء	i‘yā’
اعیان	a‘yān
اعیانی	a‘yānī
اعین	a‘yan
آغا	āg̱ẖā
آغادلاله	āg̱ẖā-dalāla
اغاثة	ig̱ẖās̤at
آغار	āg̱ẖār
آغارانیدن	āg̱ẖārānīdan
اغارة	ig̱ẖārat
آغارد	āg̱ẖārad
آغاردن	āg̱ẖārdan
آغاروز	āg̱ẖāroz
آغاره	āg̱ẖāra
آغاری	āg̱ẖārī
آغاریدن	āg̱ẖārīdan
اغاریقون	ag̱ẖārīqūn
آغاز	āg̱ẖāz
اغاز	ag̱ẖāz
آغازگاه	āg̱ẖāz-gāh
آغازنده	āg̱ẖāzanda
آغازه	āg̱ẖāza
اغازه	ag̱ẖāza
آغازیدن	āg̱ẖāzīdan
آغاشتن	āg̱ẖāshtan
آغال	āg̱ẖāl
آغالش	āg̱ẖālish
آغالشتن	āg̱ẖālishtan
اغالوخی	ag̱ẖālūḵẖī
آغالیدن	āg̱ẖālīdan
اغالیط	ag̱ẖālīt̤
اغانی	ag̱ẖānī
آغایان	āg̱ẖāyān
اغبر	ag̱ẖbar
اغبرار	ig̱ẖbirār
اغتباط	ig̱ẖtibāt̤
اغتراب	ig̱ẖtirāb
اغترار	ig̱ẖtirār
اغتراف	ig̱ẖtirāf
اغتسال	ig̱ẖtisāl
اغتشاش	ig̱ẖtishāsh
اغتصاص	ig̱ẖtiṣāṣ
اغتماز	ig̱ẖtimāz
اغتماس	ig̱ẖtimās
اغتماض	ig̱ẖtimāẓ
اغتمام	ig̱ẖtimām
اغتنام	ig̱ẖtinām
اغتیاظ	ig̱ẖtiyaz̤
اغتیال	ig̱ẖtiyāl
اغذیة	ag̱ẖziyat
آغر	āg̱ẖir
اغر	ag̱ẖarr
اغراء	ig̱ẖrā’
اغراب	ig̱ẖrāb
اغراض	ag̱ẖrāẓ
اغراق	ig̱ẖrāq
اغرام	ig̱ẖrām
اغرب	ag̱ẖrab
آغرده	āg̱ẖarda
اغرسطس	āg̱ẖarsat̤is
اغرغ	ug̱ẖrug̱ẖ
اغره	āg̱ẖra
اغری	ug̱ẖrī
اغریا	ag̱ẖriyā
اغریر	ag̱ẖrīr
اغریرث	ig̱ẖrīras̤
آغریوس	ag̱ẖriyūs
آغستن	āg̱ẖastan
آغسته	āg̱ẖasta
اغسطوس	ag̱ẖast̤ūs
آغش	āg̱ẖush
آغشتانیدن	āg̱ẖashtānīdan
آغشتگی	āg̱ẖashtagī
آغشته	āg̱ẖashta
آغشک	āg̱ẖashak
اغصاص	ig̱ẖṣāṣ
اغصان	ag̱ẖṣān
اغطاش	ig̱ẖt̤āsh
اغطش	ag̱ẖt̤ash
اغفال	ig̱ẖfāl
اغلاجون	ag̱ẖlājūn
اغلاط	ag̱ẖlāt̤
اغلاظ	ig̱ẖlāz̤
اغلاف	ig̱ẖlāf
اغلاق	ag̱ẖlāq
اغلال	ag̱ẖlāl
اغلام	ig̱ẖlām
اغلامی	ig̱ẖlāmī
اغلب	ag̱ẖlab
اغلظ	ag̱ẖlaz̤
اغلف	ag̱ẖlaf
اغلمش	ug̱ẖlumish
اغلن	ag̱ẖlan
اغلوطة	ug̱ẖlūt̤at
اغلیسون	ag̱ẖlisūn
اغلیقی	ag̱ẖlīqī
اغماء	ig̱ẖmā’
اغماد	ag̱ẖmād
اغماز	ig̱ẖmāz
اغماض	ig̱ẖmāẓ
اغماضی	ig̱ẖmāẓī
اغمام	ig̱ẖmām
اغمص	ag̱ẖmaṣ
اغن	ag̱ẖann
اغناء	ig̱ẖnā’
آغند	āg̱ẖand
آغندن	āg̱ẖandan
آغنده	āg̱ẖanda
اغنی	ag̱ẖná
اغنیاء	ag̱ẖniyā’
اغواء	ig̱ẖwā’
آغوات	āg̱ẖawāt
آغوز	āg̱ẖūz
آغوش	āg̱ẖosh
آغوشیدن	āg̱ẖoshīdan
آغول	āg̱ẖol
اغیار	ag̱ẖyār
اغیاری	ag̱ẖyārī
اغیاض	ag̱ẖyāẓ
آغیرس	āg̱ẖīras
اغیس	ag̱ẖīs
آغیشتن	āg̱ẖīshtan
آغیشیدن	āg̱ẖīshīdan
آغیل	āg̱ẖīl
آف	āf
اف	af
اف	uff
آفات	āfāt
افازة	ifāzat
افاضت	ifāẓat
افاضل	afāẓil
آفاق	āfāq
افاق	affāq
افاقیا	afāqiyā
افاک	affāk
افام	afām
افانین	afānīn
افائک	afā’ik
افپنتن	afpūnitan
آفة	āfat
افتا	uftā
افتاء	iftā’
آفتاب	āftāb
آفتابچی	āftābchī
آفتابگیر	āftāb-gīr
آفتابناک	āftābnāk
آفتابه	āftāba
آفتابی	āftābī
افباد	uftād
افتادگان	uftāda
افتادگی	uftādagī
افتادن	uftādan
افتاده	uftāda
افتافیا	aftāfiyā
افتال	iftāl
افتالیدن	iftālīdan
افتان	uftān
افتانیدن	uftānīdan
آفتاوا	āftāwā
افتایانیدن	uftāyānīdan
افتتاح	iftitāḥ
افتحاص	iftiḥāṣ
افتخار	iftiḵẖār
افتد	aftid
افتدن	uftadan
افتراء	iftirā’
افتراس	iftirās
افتراش	iftirāsh
افتراص	iftirāṣ
افتراض	iftirāẓ
افتراق	iftirāq
افتراکار	iftirā-kār
افتراکاری	iftirā-kārī
افتصاص	iftiṣāṣ
افتضاح	iftiẓāh
آفتفایا	āftafāyā
افتقاد	iftiqād
افتقار	iftiqār
افتکار	iftikār
افتکاک	iftikāk
افتن	uftan
آفته	āfta
افتیدن	uftīdan
آفتیمون	āftimūn
افجار	ifjār
افحاش	ifḥāsh
آفحام	ifḥām
افحوص	ufḥūṣ
افخام	ifḵẖām
افخر	afḵẖar
افخم	afḵẖam
آفد	āfad
افد	afid
افدام	ifdām
افدر	afdar
افدستا	afdistā
افده	ufda
افدیدن	afdīdan
افر	afr
افرا	afrā
افراختگی	afrāḵẖtagī
افراختن	afrāḵẖtan
افراخته	afrāḵẖta
افراد	afrād
افرار	ifrār
افراز	afrāz
افراز	ifrāz
افرازدان	afrāz-dān
افرازستان	afrāzistān
افرازانیدن	afrāzānīdan
افرازرخ	afrāz-ruḵẖ
آفرازه	āfrāza
افرازی	afrāzī
افرازیدن	afrāzīdan
افراس	ifrās
افراس	afrās
افراسیاب	afrāsiyāb
افراسیابی	afrāsiyābī
افراش	ifrāsh
افراشانیدن	afrāshānīdan
افراشتگی	afrāshtagī
افراشتن	afrāshtan
افراشته	afrāshta
افراص	ifrāṣ
افراض	ifrāẓ
افراط	ifrāt̤
افراغ	ifrāg̱ẖ
افراه	afrāh
افراهم	ifrāhām
افرای	afrāy
افربیون	afarbiyūn
افرتک	afartak
افردستا	afardastā
افرسب	ifrasb
افرع	afra‘
افرغ	afrag̱ẖ
افرنج	afranj
افرنجمشک	afranj-mushk
افرنجی	afranjī
افرنجیون	afrinjiyūn
افرند	afrand
افرندیدن	afrandīdan
افرنگ	afrang
افرنگان	afiringān
افروختگی	afroḵẖtagī
افروختن	afroḵẖtan
افروخته	afroḵẖta
افروز	afroz
فروزا	afrozā
افروزانیدن	afrozānīdan
افروزندن	afrozandan
افرزونده	afrozanda
افروزه	afroza
افروزیدن	afrozīdan
افروسالیین	afrūsāliyīn
افروسه	afrosa
افروغ	afrog̱ẖ
افره	afra
افرهنج	afrahanj
آفریدگار	āfrīdgār
آفریدن	āfrīdan
افریده	āfrīda
افریز	ifrīz
افریسموس	afrīsmūs
افریقیه	afrīsham
افریقیه	ifrīqīya
آفرینا	āfirīnā
آفرینش	āfirīnish
آفرینگان	āfirīnagān
افزا	afzā
افزار	afzār
افزاردان	afzārdān
افزاز	ifzāz
افزاع	ifzā‘
افزانیدن	afzānīdan
افزایا	afzāyā
افزایانیدن	afzāyānīdan
افزایدن	afzāyidan
افزایش	afzāyish
افزور	afzūd
افزودن	afzūdan
افزوده	afzūda
افزون	afzūn
افزونتر	afzūntar
افزونی	afzūnī
افژودن	afzhūdan
افژول	afzhūl
افژولانیدن	afzhūlānīdan
افژولنده	afzhūlanda
افژولیدن	afzhūlīdan
افژیدن	afzhīdan
افسا	afsā
افساد	ifsād
افسار	afsār
افساردن	afsārdan
افسان	afsān
افسانانیدن	afsānānīdan
افسانوس	ifsānūs
آفسانه	āfsāna
افسانیدن	afsānīdan
افسای	afsāy
افسایانیدن	afsāyānīdan
افساییدن	afsāyīdan
افسح	afsaḥ
افسد	afsad
افسر	afsar
افسرانیدن	afsurānīdan
افسردگی	afsurdagī
افسردن	afsurdan
افسرده	afsurda
افسرگر	afsargar
افسنتین	afsintīn
افسو	afsū
افسور	ufsūr
افسوس	afsos
افسوس	afsūs
افسون	afsūn
افسونکن	afsūn-kun
افسونگر	afsūngar
افسونگری	afsūngarī
افشاء	ifshā’
افشادن	afshādan
افشار	afshār
افشاردن	afshārdan
افشارده	afshārda
افشاری	afshārī
افشاگر	ifshā-gar
افشان	afshān
افشانانیدن	afshānānīdan
افشاندن	afshāndan
افشانده	afshāndah
افشانیدن	afshānīdan
افشودگی	afshurdagī
افشودن	afshurdan
افشرش	afshurish
افشرگر	afshurgar
افشره	afshura
افشک	afshak
افشنه	afshana
افشو	afshū
افشون	afshūn
افشه	afsha
افشین	afshīn
افصاح	ifṣāḥ
افصاص	ifṣāṣ
افصح	afṣaḥ
افضاء	ifẓā’
افضال	afẓāl
افضل	afẓal
افضلتر	afẓaltar
افضلیة	afẓalīyat
افطار	ift̤ār
افطاری	ift̤ārī
افطح	aft̤aḥ
افطس	aft̤as
افظاع	ifz̤ā‘
افعال	af‘āl
افعام	if‘ām
افعی	af‘á
افغان	afg̱ẖān
افغانستان	afg̱ẖānistān
افغانی	afg̱ẖānī
افق	afq
افک	afk
افکار	afkār
افگار	afgār
افگانیدن	afgānīdan
افگن	afgan
افگندگی	afgandagī
افگندن	afgandan
افگندنی	afgandanī
افگنده	afganda
افلاح	iflāḥ
افلاس	iflās
افلاس	iflāsī
افلاطون	aflāt̤ūn
افلاق	iflāq
افلاک	aflāk
افلاکیان	aflākiyān
افلج	aflaj
افلح	aflaḥ
افلس	aflas
افلنجه	iflunja
افن	afn
افناء	ifnā’
افنان	afnān
افنجیون	afanjiyūn
آفند	āfand
آفنداک	āfindāk
افندی	afandī
آفندیدن	āfandīdan
افواج	afwāj
افواه	afwāh
افواهی	afwāhī
افور	ufūr
افول	ufūl
افهام	afhām
افیق	afīq
افیلون	afīlūn
افین	afīn
افیوس	afyūs
افیون	afyūn
افیونی	afyūnī
آق	āq
اقا	aqā
اقارب	aqā-bābā
اقارب	aqārib
اقارون	aqārūn
اقاصی	aqāṣī
اقاقیا	aqāqiyā
آقال	āqāl
اقالة	iqālat
اقالیم	aqālīm
اقامة	iqāmat
اقانیم	aqānīm
آقاواینی	āqāwainī
اقاویل	aqāwīl
اقائی	āqā’ī
اقبار	iqbār
اقباس	iqbās
اقباض	iqbāẓ
اقبال	iqbāl
اقبالمندی	iqbālmandī
اقتاجی	aqtājī
اقتار	iqtār
افتباس	iqtibās
افتتال	iqtitāl
اقتحام	iqtiḥām
اقتداء	iqtidā’
اقتدار	iqtidār
اقتراح	iqtirāḥ
اقتراض	iqtirāẓ
اقتراع	iqtirā‘
اقتراف	iqtirāf
اقتران	iqtirān
اقتسار	iqtisār
اقتسام	iqtisām
اقتصار	iqtiṣār
اقتصاص	iqtiṣāṣ
اقتضاء	iqtiẓā’
اقتطاع	iqtit̤ā‘
اقتعاط	iqti‘āt̤
اقتفاء	iqtifā’
اقتلاع	iqtilā‘
اقتناء	iqtinā’
اقتناص	iqtināṣ
اقتنالوقی	aqtinālūqī
اقتیاس	iqtiyās
اقثاء	iqs̤ā’
اقجنوش	aqajnosh
اقچه	aqcha
اقحاط	iqḥāt̤
اقحاطی	aqḥāt̤ī
اقحام	iqḥām
اقداح	aqdāḥ
اقدام	aqdām
اقدس	aqdas
اقدم	aqdam
اقراء	aqrā’
اقرار	iqrār
اقراری	iqrārī
اقراش	iqrāsh
اقراص	aqrāṣ
اقراض	iqrāẓ
اقراع	iqrā‘
اقراف	iqrāf
اقران	aqrān
اقرانیا	iqrāniyā
اقرب	aqrab
اقرباء	aqribā’
اقرع	aqra‘
اقرعک	aqra‘ak
اقرن	aqran
اقساء	iqsā’
اقساط	iqsāt̤
اقسام	aqsām
آقسرا	āqsarā
اقسط	aqsat̤
آقسنقر	aqsunqur
اقسوس	aqsūs
اقسیاقنتا	aqsiyāqantā
آقشار	āqshār
آقشته	aqishta
اقشعرار	iqshi‘rār
اقشون	aqshūn
اقشه	aqsha
اقصاء	aqṣā’
اقصار	iqṣār
اقصاص	iqṣāṣ
اقصر	aqṣar
اقصم	aqṣam
اقصی	aqṣá
اقضی	aqẓá
اقط	aqt̤
اقطار	aqt̤ār
اقطاع	aqt̤ā‘
اقطاف	iqt̤āf
اقطع	aqta‘
اقطن	aqt̤in
اقطنالوقی	aqtinālūqī
اقطی	aqt̤á
اقعاء	iq‘ā’
اقعاس	iq‘ās
اقعاص	iq‘āṣ
اقعس	aq‘as
اقفار	iqfār
اقفال	aqfāl
اقل	aqall
اقلاً	aqallan
اقلاص	iqlāṣ
اقلاع	iqlā‘
اقلاق	iqlāq
اقلال	iqlāl
اقلام	aqlām
اقلف	aqlaf
اقلیٰ	aqlá
اقلید	iqlīd
اقلیدس	uklīdis
اقلیم	iqlīm
اقلیمیا	iqlīmīyā
اقمار	aqmār
اقماس	iqmās
اقماع	iqmā‘
اقناع	iqnā‘
اقنتالوقی	aqantālauqī
اقنتیون	aqantiyūn
اقواء	iqwā’
اقواق	aqwāq
اقوال	aqwāl
اقوام	aqwām
آقوش	āqūsh
اقوم	aqwam
اقومارثون	aqūmāris̤ūn
اقومالی	aqūmālī
اقویاء	aqwiyā’
اقویلاسمون	aqūyilāsamūn
اقهر	aqhar
اقیاد	aqyād
اقیانوس	iqyānos
آک	āk
اکابر	akābir
اکار	ukār
اکار	akkār
اکارس	akāris
اکارم	akārim
اکالیل	akālīl
آکام	ākām
اکباب	ikbāb
اکبر	akbar
اکبری	akbarī
اکبیا	akbiyā
آکپ	ākup
اکت	akt
اکتاف	aktāf
اکتحال	iktiḥāl
اکتراء	iktirā’
اکتساء	iktisā’
اکتساب	iktisāb
اکتفاء	iktifā’
اکتم	aktam
اکتناز	iktināz
اکتناف	iktināf
اکتناه	iktināh
اکتواء	iktiwā’
اکتیال	iktiyāl
اکثار	iks̤ār
اکثر	aks̤ar
اکثره	aks̤ara
اکثم	aks̤am
آکج	akaj
اکج	akaj
آکح	ākaḥ
اکحل	akḥal
اکحلها	akḥalhā
اکدر	akdar
اکر	ukar
اکر	akar
اکرام	ikrām
اکرانی	akarānī
اکراه	ikrāh
اکرساد	akarsād
اکرفس	akrafs
اکرم	akram
اکروفس	akrūfis
اکروهک	akrūhak
اکریت	ikrīt
آکس	ākus
اکساس	aksās
اکسال	iksāl
آکسته	ākasta
اکسح	aksaḥ
اکسد	aksad
اکسولایاتون	aksūlāyātūn
آکسه	ākasa
اکسیر	iksīr
اکسیری	iksīri
اکسیه	aksiya
آکشته	ākashta
اکشف	akshaf
اکشم	aksham
اکشوث	akshūs̤
اکفاء	akfā’
اکفار	ikfār
اکفال	ikfāl
اکفوده	akfūda
اکک	akak
اککرا	akakrā
اکلال	iklāl
اکلکا	ukulkā
اکلیل	iklīl
اکلیون	akalyūn
اکم	akam
اکماک	akmāk
اکمال	ikmāl
اکمام	akmām
اکمل	akmal
اکمه	akmah
اکناف	aknāf
اکنان	aknān
اکنة	akinnat
آکنج	ākanj
اکنون	aknūn
آکو	ākū
اکواب	akwāb
اکواریوم	ākwāriyūm
اکواز	akwāz
اکوان	akwān
آکوچ	ākūch
اکول	akūl
اکیاس	akyās
اکیخ	akīḵẖ
اکید	akyad
اکیل	akīl
آگ	āg
اگال	ugāl
آگاه	āgāh
آگاهانیدن	āgāhānīdan
آگاهی	āgāhī
آگاهیدن	āgāhīdan
آگده	āgada
اگر	agar
اگرا	ugrā
اگرچند	agar-chand
اگرچه	agar-chi
اگرنه	agar-na
اگرفت	agirift
آگره	āgra
آگری	āgrī
اگریون	agaryūn
اگست	agast
آگسته	āgasta
آگش	āgush
آکشته	āgashta
اگلیون	agilyūn
آگن	āgan
اگنان	agnān
آگنبالین	āgaṃ-bālīn
آگنج	āganj
آگند	āgand
آگندگی	āgandagī
آگندن	āgandan
آگنده	āganda
آگنش	āganish
اگنش	agnish
آگنه	āganah
آگنیدن	āganīdan
آگنیده	āganīda
آگوچ	āgūch
آگور	āgūr
آگوش	āgosh
آگوشیدن	āgoshīdan
آگون	āgūn
آگه	āgah
اگه	aga
آگهی	āgahī
آگیج	āgīj
آگیش	āgīsh
آگیلون	āgīlūn
آگین	āgīn
آل	āl
ال	al
ال	il
ال	ill
الا	ālā
الاء	ālā’
الا	alā
الا	a-lā
آلات	ālāt
الاچق	alāchiq
الاچی	alāchī
آلار	ālār
آلاریان	ālāriyān
الارم	alārum
آلاس	ālās
الاسافدرا	Alāsāndarā
الاطینی	alāt̤īnī
الاغ	ulāg̱ẖ
آلاف	ālāf
الاق	ilāq
الاقی	alāqī
الالف	al-alif
آلاله	ālāla
آلام	ālām
الام	ulām
الامان	al-āmān
الامان	alāmān
آلان	ālān
الان	al-ān
الانة	ilānat
آلانه	ālāna
الانی	alānī
الانیون	alāniyūn
آلاو	ālāv
آلاوه	ālāwa
الاهی	ilāhī
آلای	ālāy
الایچی	ilāychī
الایش	ālāyish
آلائیدن	ālā’īdan
الب	alb
البا	albā
البا	ulbā
الباء	alibbā’
الباب	albāb
الباد	ilbād
الباس	ilbās
الباق	ulbāq
البة	ulbat
البته	al-batta
البرز	alburz
البه	ulba
الپ	alp
الپتگین	alpitagīn
آلت	ālut
التباس	iltibās
التثام	iltis̤ām
التجاء	iltijā’
التحاء	iltihā’
التحاد	iltiḥād
التحاص	iltiḥāṣ
التحاف	iltiḥāf
التحام	iltiḥām
التذاذ	iltiẕāẕ
التزاق	iltizāq
التزام	iltizām
التزامانه	iltizāmānah
التعاب	ilti‘āb
آلتفات	iltifāt
التفاف	iltifāf
التقاء	iltiqā’
التقاط	iltiqāt̤
التقام	iltiqām
التماس	iltimās
التماع	iltimā‘
آلتمغا	āl-tamg̱ẖā
التواء	iltiwā’
التهاب	iltihāb
التیاح	iltiyāḥ
التیاذ	iltiyāẕ
التیاط	iltiyāt̤
التیاع	iltiyā‘
الج	alj
الجا	uljā
الجاء	iljā’
الجام	iljām
الجامش	uljāmish
الجبر	al-jabr
الجیر	aljīr
الاچق	alāchuq
الچنگ	alchang
الچی	ilchī
الچیچک	al-chīchak
الحاح	ilḥāḥ
الحاد	alḥād
الحاصل	al-ḥāṣil
الحاط	alḥāz̤
الحاف	ilḥāf
الحاق	ilḥāq
الحال	al-ḥāl
الحام	ilḥām
الحان	alḥān
الحمدی	al-ḥamde
الخ	alaḵẖ
الخالق	al-ḵẖāliq
الد	aladd
الدگز	ildigiz
الرد	alard
الز	alz
الزاق	ilzāq
الزام	ilzām
الزم	alzam
الزیدن	alzīdan
السا	alsā
آلست	ālast
آلسر	ālsur
السن	alsun
آلش	ālish
الط	alut̤
الطاف	alt̤āf
الطف	alt̤af
الطوسی	at̤-t̤ūsī
العطش	al-‘at̤ash
الغ	alig̱ẖ
الغ	ulug̱ẖ
الغاء	ilg̱ẖā’
الغاج	ilig̱ẖāj
الغاز	alg̱ẖāz
الغار	alg̱ẖār
الغرض	al-g̱ẖaraẓ
الغنجار	alg̱ẖunjār
الغنجیدن	alg̱ẖanjīdan
الغندن	alg̱ẖandan
آلغونه	ālg̱ẖūna
الغیاث	al-g̱ẖiyās̤
الف	alf
الفاء	alfā’
الفاختن	alfāḵẖtan
الفاش	ulfāsh
الفاظ	alfāz̤
الفاف	alfāf
الفة	ulfat
آلفتگان	āluftagān
الفتگری	ulfatgarī
آلفتن	āluftan
آلفته	ālufta
آلفتیدن	āluftīdan
الفخت	ālfaḵẖt
الفختن	alfaḵẖtan
الفخته	alfaḵẖta
الفغدن	alfag̱ẖdan
الفنج	alfanj
الفنجیدن	alfanjīdan
الفندن	alfandan
الفندیدن	alfandīdan
الفی	alifī
الفیدن	alfīdan
الفینه	alfīna
الق	alq
القاء	ilqā’
القاب	alqāb
القاح	ilqāḥ
القصه	al-qissa
القط	alqat̤
آلک	ālak
الک	alik
الکا	ulkā
الکن	alkan
الکن	ulkan
الکنی	alkanī
الکوص	alkūs
الکه	ulka
آلکی	ālkī
الگت	al-git
آلگونه	ālgūna
اللات	al-lāt
الله	allāh
الم	alum
الم	alam
الماس	almās
الماسی	almāsī
المالق	al-mālaq
المام	ilmām
المزده	alam-zada
الموت	alamūt
المون	ilimūn
آلنج	ālunj
النجان	alinjān
النجج	alanjaj
النکه	alanka
آلنگ	ālang
النی	alnī
النیون	alaniyūn
آلو	ālū
الو	ulū
الواث	alwās̤
الواح	alwāḥ
الواذ	alwāẕ
الواز	alwāz
الواط	alwāt̤
الوان	alwān
آلواه	ālwāh
الوج	alūj
الوچه	allūcha
آلود	ālūd
الوداع	al-widā‘
آلودگی	ālūdagī
آلودن	ālūdan
آلوده	ālūda
آلور	ālūr
آلوس	ālūs
الوس	alūs
آلوسن	ālūsan
الوسن	alūsan
الوش	alūsh
آلوشیدن	ālūshīdan
الوف	ulūf
الوک	ulūk
آلوند	ālwand
آلونه	ālūna
آلوه	ālūh
آلوه	āluwwa
الوهة	ulūhat
آله	āla
اله	ala
اله	ilāh
الهاه	ilhā’
الهاب	ilhāb
الهاج	ilhāj
الهام	ilhām
الهم	allahumma
الهی	ilāhī
الهیات	ilāhīyāt
الهیة	ilāhīyat
الهیجاج	ilhījāj
آلی	ālī
الی	ilá
الیا	alyā
الیاسین	alyāsīn
الیة	alyat
آلیختن	ālīḵẖtan
آلیدن	ālīdan
آلیزدن	ālīzidan
آلیزنده	ālīzanda
آلیزیدن	ālīzīdan
الیف	alīf
الیق	alyaq
الیل	alīl
الیم	alīm
الین	alyan
ام	am
ام	umm
آما	āmā
اما	ammā
اماتة	imātat
اماثل	amās̤il
آماج	āmāj
اماج	amāj
اماجد	amājid
آماجگاه	āmāj-gāh
آمادگی	āmādagī
آمادن	āmādan
آماده	āmāda
آمار	āmār
امار	amār
امارة	amārat
امارد	amārid
آمارگیر	āmār-gīr
آماره	āmāra
اماره	imāra
آماس	āmās
اماسا	āmāsā
آماسانیدن	āmāsānīdan
آماسیدن	āmāsīdan
آماسیده	āmāsīda
اماسیه	amāsiya
آماش	āmāsh
اماطة	imāt̤at
اماکن	amākin
آمال	āmāl
امالة	imālat
امام	amām
امامة	imāmat
امامزاده	imām-zāda
امامون	amāmūn
امامی	imāmī
امان	amān
امانة	amānat
امانتخانه	amānat-ḵẖāna
امانتدار	amānat-dār
امانتداری	amānat-dārī
امانتکار	amānat-kār
امانتگذار	amānat-guẕār
امانتی	amānatī
امانی	amānī
امانی	amānīy
آماه	āmāh
آماهیدن	āmāhīdan
آمای	āmāy
آمائی	āmā’i
آمائیدن	āmā’īdan
امبرباریس	ambarbārīs
امبرود	ambarūd
امبروسره	ambarūsira
امپراطریس	imparātrīs
امپراطور	imparātor
امة	amat
امت	amt
امتاع	imtā‘
امتان	ummatān
امتثال	imtis̤āl
امتحاش	imtiḥāsh
امتحان	imtiḥān
امتخاط	imtiḵẖāt̤
امتداد	imtidād
امتراء	imtirā’
امتراس	imtirās
امتراش	imtirāsh
امتزاج	imtizāj
امتساک	imtisāk
امتشاط	imtishāt̤
امتصار	imtiṣār
امتصاص	imtiṣāṣ
امتضاض	imtiẓāẓ
امتکاک	imtikāk
امتلاه	imtilā‘
امتناع	imtinā‘
امتنان	imtinān
امتهان	imtihān
امتی	ummatī
امتیاز	imtiyāz
امتیازی	imtiyāzī
امثال	ams̤āl
امثل	ams̤al
امجختن	amjaḵẖtan
امجد	amjad
امحاش	imḥāsh
امخاض	imḥāz
امحال	imḥāl
امخاض	imḵẖāẓ
آمختن	āmuḵẖtan
آمخته	āmuḵẖta
آمد	āmad
امد	amd
امد	amad
امداد	amdād
آمدانه	āmadāna
آمدن	āmadan
آمدنگاه	āmadan-gāh
آمدنی	āmadanī
آمده	āmada
امدی	āmadī
امر	āmir
آمرا	āmrā
امراء	imrā’
امراٴة	imra’at
امراض	amrāẓ
امراغ	imrāg̱ẖ
امرائی	umarā’ī
امرة	imrat
آمرد	āmard
امرد	amrad
امرداد	amurdād
آمرز	āmurz
آمرزگار	āmurzgār
آمرزگاری	āmurzgārī
آمرزندگان	āmurzandagān
آمرزنده	āmurzanda
آمرزیدن	āmurzīdan
امرط	amrat̤
امرغ	āmurg̱ẖ
امروت	amrūt
امروز	imroz
امروزی	imrozī
آمس	āmus
امس	ams
امساء	imsā’
امساس	imsās
امساک	imsāk
امسال	imsāl
امسالین	imsālīn
امشاج	amshāj
امشاسپند	amshāspand
امشاش	imshāsh
آمشام	āmshām
امشب	imshab
امصار	amṣār
امصاص	imṣāṣ
امضاء	imẓā’
امضاض	imẓāẓ
امطار	amt̤ār
آما	am‘ā’
امعاسیون	am‘āsiyūn
امعان	im‘ān
امغاص	imgāṣ
امفاسیون	umfāsiyūn
امکان	imkān
امکانی	imkānī
امکر	amkar
آمل	āmul
امل	amal
املاء	imlā’
املادان	imlā-dān
املاق	imlāq
املاک	amlāk
املال	imlāl
املج	amlaj
املح	amlaḥ
املس	amlas
آمله	āmula
املیس	imlīs
امم	umam
آمن	āman
آمن	āmin
امن	amn
آمنا	āmannā
امناء	umanā’
آمنة	āmina
آمنه	āmana
امنیه	amnīyat
آمو	āmū
اموات	amwāt
امواج	amwāj
اموال	amwāl
آموت	āmūt
آموتیا	āmūtīyā
آموختن	āmoḵẖtan
آموخته	āmoḵẖta
آمود	āmūd
آمودن	āmūdan
آموده	amūda
آمور	āmūr
امور	umūr
امورات	umūrāt
آموز	āmoz
آموزاننده	āmozānanda
آموزانیدن	āmozānīdan
آموزش	āmozish
آموزگار	āmozgār
آموزناک	āmoznāk
آموزنده	āmozanda
آموزی	āmōzī
آموزیدن	āmozīdan
آموغ	āmūg̱ẖ
آمولن	āmūlan
امومة	umūmat
آمون	āmūn
امون	amūn
آموی	āmūy
آمویه	āmūya
آمه	āma
امه	amah
امهات	ummahāt
امهال	imhāl
امهق	amhaq
امهوسپند	amhūspand
امی	ummīy
امیا	amyā
آمیختگی	āmeḵẖtagī
آمیختن	āmeḵẖtan
آمیخته	āmeḵẖta
امید	umed
امیدوار	umedwār
امیدواری	umedwārī
امیدی	ummedī
امیر	amīr
امیرال	amīrāl
امیرانه	amīrāna
امیرلو	amīrlū
امیرگان	amīrgān
امیری	amīrī
آمیز	āmez
امیز	amyaz
آمیزانیدن	āmezānīdan
آمیزش	āmezish
آمیزگاری	āmez-gārī
آمیزناک	āmeznāk
آمیزنده	āmezanda
آمیزه	ameza
آمیزیدن	āmezīdan
آمیژ	āmezh
آمیژه	āmezha
آمیغ	āmeg̱ẖ
آمیغه	āmeg̱ẖa
آمیغی	āmeg̱ẖī
امیل	amyal
امیله	amīla
امیم	imīm
آمین	āmīn
امین	amīn
آمینه	āmīna
امینی	amīnī
آن	ān
ان	an
اناء	anā’
انابة	inābat
انابیب	anābīb
اناة	anāt
اناتونتن	anātūnitan
اناث	inās̤
اناخة	ināḵẖat
انار	anār
انارة	inārat
انارستان	anāristān
انارین	anārīn
اناطولی	anāt̤ūlī
اناطیطس	anāt̤īt̤us
اناغاطس	anāg̱ẖāt̤us
اناغالس	ināg̱ẖālis
انافة	ināfat
اناق	ināq
انالیقی	anālīkī
انام	anām
انامل	anāmil
آنان	ānān
انان	unān
انان	annān
انانیة	anānīyat
اناهید	anāhīd
انائی	anā’ī
انب	anab
انباء	aṃbā
انبات	iṃbāt
انباخون	aṃbāḵẖūn
انباده	aṃbāda
انبار	aṃbār
انباردگی	aṃbārdagī
انباردن	aṃbārdan
انبارده	aṃbārda
انبارش	aṃbārish
انبارکش	aṃbār-kash
انباری	aṃbārī
انباریدن	aṃbārīdan
انباز	aṃbāz
انبازانیدن	aṃbāzānīdan
انبازده	aṃbāzada
انبازناک	aṃbāznāk
انبازی	aṃbāzī
انبازیدن	aṃbāzīdan
انباشتگی	aṃbāshtagī
انباشتن	aṃbāshtan
انباشته	aṃbāshta
انباغ	aṃbāg̱ẖ
انباق	aṃbāq
انبالس	aṃbālus
انبان	aṃbān
انبثاث	iṃbis̤ās̤
انبجاس	iṃbijās
انبجانی	aṃbajānī
انبر	aṃbur
انبرباریس	aṃbarbārīs
انبرد	aṃbarud
انبرو	aṃbarū
انبزان	aṃbazān
انبس	aṃbas
انبساط	iṃbisāt̤
انبست	aṃbast
انبسته	aṃbasta
انبطرون	aṃbat̤arūn
انبعاث	iṃbi‘ās̤
انبغاء	iṃbig̱ẖā’
انبله	aṃbala
انبمن	aṃbiman
انبوب	aṃbūb
انبوبه	aṃbūba
انبوت	aṃbūt
انبودن	aṃbūdan
انبوذن	aṃbūẕan
انبور	aṃbūr
انبوس	aṃbūs
انبوسیدن	aṃbūsīdan
انبوش	aṃbūsh
انبون	aṃbūn
انبوه	aṃbūh
انبوهناک	aṃbūhnāk
انبوهی	aṃbūhī
انبوی	aṃbūy
انبه	aṃba
انبیاء	aṃbiyā’
انبیر	aṃbīr
انبیره	aṃbīra
انبیس	aṃbīs
انبیسته	aṃbīsta
انبیق	aṃbīq
انبیلا	aṃbīlā
انپاشتگی	aṃpāshtagī
انپاشتن	aṃpāshtan
انپاشته	aṃpāshta
انپژ	iṃpazh
آنت	ānt
انتباذ	intibāẕ
انتباه	intibāh
انتجاء	intijā’
انتجاب	intijāb
انتجاع	intijā‘
انتحال	intiḥāl
انتخاب	intiḵẖāb
انتخابی	intiḵẖābī
انتخال	intiḵẖāl
انترج	untruj
انتزاع	intizā‘
انتساب	intisāb
انتساخ	intisāḵẖ
انتسال	intisāl
انتشار	intishār
انتصاب	intiṣāb
انتصاح	intiṣāḥ
انتصار	intiṣār
انتصاف	intiṣāf
انتضاح	intiẓāḥ
انتظار	intiz̤ār
انتظام	intiz̤ām
انتعاش	inti‘āsh
انتفاء	intifā’
انتفاخ	intifāḵẖ
انتفاش	intifāsh
انتفاض	intifāẓ
انتفاع	intifā‘
انتقاد	intiqād
انتقاش	intiqāsh
انتقاص	intiqāṣ
انتقاض	intiqāẓ
انتقال	intiqāl
انتقالکننده	intiqāl-kunanda
انتقالگیرنده	intiqāl-gīranda
انتقالنامه	intiqāl-nāma
انتقالی	intiqālī
انتقام	intiqām
انتکاس	intikās
انتماء	intimā’
انتون	antūn
انتونتن	antūnitan
انتهاء	intihā’
انتهاب	intihāb
انتهار	intihār
انتهاز	intihāz
انتهاس	intihās
انتهاض	intihāẓ
انتهاک	intihāk
انتثاش	inti‘āsh
انتیاش	intiyāsh
انتیلس	antīlis
انثلام	ins̤ilām
انشیٰ	unsá
انشیان	uns̤ayān
آنج	ānaj
انج	anj
آنجا	ānjā
انجاء	injā’
انجاح	injāḥ
انجار	anjār
انجاز	injāz
انجاس	anjās
آنجاق	ānjāq
انجالانیدن	anjālānīdan
انجالیدن	anjālīdan
انجام	anjām
انجامن	anjāman
انجامیدن	anjāmīdan
انجبار	injibār
انجبین	anjabīn
انجخ	anjuḵẖ
انجخت	anjuḵẖt
انجختن	anjuḵẖtan
انجخیدن	anjuḵẖīdan
انجدان	anjudān
انجذاب	injiẕāb
انجذام	injiẕām
انجرار	injirār
انجرک	anjirak
انجروت	anjarūt
انجره	anjara
انجس	anjas
انجسا	anjisā
انجسکیدن	anjaskīdan
انجغ	anjug̱ẖ
انجک	unjuk
انجکیدن	anjakīdan
انجم	anjum
انجماد	injimād
انجمن	anjuman
انجمنگاه	anjuman-gāh
انجن	anjan
انجناب	injināb
انجنیدن	anjanīdan
انجو	anjū
انجوج	anjūj
انجوخ	anjūḵẖ
انجوختن	anjūḵẖtan
انجوخیدگی	anjūḵẖīdagī
انجوخیدن	anjūḵẖīdan
انجوسا	anjūsā
انجوع	anju‘
انجوغ	anjūg̱ẖ
انجوغیدن	anjūg̱ẖīdan
انجوفتن	anjūftan
انجوک	anjūk
انجیدن	anjīdan
انجیده	anjīda
انجیر	anjīr
انجیردن	anjīrdan
انجیره	anjīra
انجیل	anjīl
انجیلی	injīlī
انجین	anjīn
آنچنان	ānchunān
انچخت	anchaḵẖt
آنچش	ānchish
آنچه	ānchi
انحاء	anḥā’
انحداب	inḥidāb
انحراف	inḥirāf
انحصار	inḥiṣār
انحطاط	inḥit̤āt̤
انحطام	inḥit̤ām
انحفطینا	anḥaft̤īnā
انحلال	inḥilāl
انحن	anḥan
انحناء	inḥinā’
انخداع	inḵẖidā‘
انخراع	inḵẖirā‘
انخراق	inḵẖirāq
انخزاع	inḵẖizā‘
انخزال	inḵẖizāl
انخساف	inḵẖisāf
انخصار	inḵẖiṣār
انخفاض	inḵẖifāẓ
انخفاف	inḵẖifāf
انخلاع	inḵẖilā‘
اند	and
اندا	andā
اندابه	andāba
انداچه	andācha
انداختن	andāḵẖtan
انداد	andād
اندادن	andādan
اندار	andār
اندارس	andāris
انداز	andāz
اندازا	andāzā
اندازه	andāza
اندازی	andāzī
اندازیدن	andāzīdan
انداس	andās
انداشگر	andāshgar
اندام	andām
اندام	indām
اندامه	andāma
اندان	andān
انداو	andāv
انداوش	andāwish
انداوه	andāwa
انداویدن	andāwīdan
انداویده	andāwīda
اندای	andāy
اندایش	andāyish
اندایشگر	andāyishgar
اندایه	andāya
اندائیدن	andā’īdan
اندباغ	indibāg̱ẖ
اندجان	andajān
اندخس	andaḵẖs
اندخسواره	andaḵẖas-wāra
اندخسیدن	andaḵẖsīdan
اندخش	andaḵẖsh
اندخواره	andaḵẖẉārah
اندر	andar
اندراب	andar-āb
اندراج	indirāj
اندراس	indirās
اندران	andarān
اندرایین	indarāyīn
اندربای	andar-bāy
اندربایست	andar-bāyist
اندربیگ	andar-beg
اندرجاه	andar-jāh
اندرجو	indirjav
اندرز	andarz
اندرو	andarū
اندروا	andarwā
اندروائی	andarwā’ī
اندروب	andurob
اندروخورون	andarūḵẖūrūn
اندروخون	andarūḵẖūn
اندرود	andarūd
اندرورد	andarward
اندروز	andarūz
اندروس	andarūs
اندروصارون	andarūṣārūn
اندروصاقس	andarūṣāqas
اندروطاقس	andarūt̤āqas
اندروماخس	andarūmāchus
اندرون	andarūn
اندرونه	andarūna
اندرونی	andarūnī
اندرهست	andarhast
اندریان	andarīn
اندریمان	andarīmān
اندز	andaz
اندساس	indisās
اندشمار	andishmār
اندشمال	andishmāl
اندفاع	indifā‘
اندفاق	indifāq
اندقاق	indiqāq
اندقوقو	andaqūqū
اندک	andak
اندکی	andakī
اندگان	andagān
اندلاص	indilāṣ
اندلس	andalus
آندم	ān-dam
اندمال	indimāl
اندمه	andama
اندو	andav
اندوب	andob
اندوختن	andoḵẖtan
اندوخته	andoḵẖta
اندوخش	andoḵẖish
اندود	andūd
اندودن	andūdan
اندودند	andwadand
اندوده	andūda
اندوز	andoz
اندوزنده	andozanda
اندوزه	andoza
اندوزیدن	andozīdan
اندوژه	andozhah
اندوک	andūk
اندول	andūl
آندون	āndūn
اندون	andūn
اندوند	andwand
اندوه	andūh
اندوهه	andūha
اندوهیدن	andūhīdan
انده	anduh
اندهاش	indihāsh
اندهان	anduhān
اندی	andī
اندیدن	andīdan
اندیسی	andīsī
اندیش	andesh
اندیشانیدن	andeshānīdan
اندیشمند	andeshmand
اندیشه	andesha
اندیشیدگی	andeshīdagī
اندیشیدن	andeshīdan
اندیک	andīk
اندینا	andīnā
انذار	inẕār
انذرو	anẕarū
انر	anar
آنرا	ānrā
انراره	inrāra
آنرو	ān-rū
انروب	anrūb
انز	anaz
انزاف	inzāf
انزال	anzāl
انزجار	inzijār
انزرو	anzarū
انزروت	anzarūt
انزع	anza‘
انزلی	anzalī
انزمان	ān-zamān
انزن	anzan
انزواء	inziwā’
انزوب	anzūb
انژه	anzha
انس	ānas
انساء	insā’
انساب	ansāb
انسان	insān
انسانی	insānī
انسانیة	insānīyat
انسب	ansab
انسپروک	insprūk
آنستان	ānistān
انسجال	insijāl
انسجام	insijām
انسحاب	insiḥāb
انسحاق	insiḥāq
انسداد	insidād
انسلاخ	insilāḵẖ
انسلاک	insilāk
انسلال	insilāl
آنسو	ān-sū
انسیٰ	ansá
انسی	insī
انسیاق	insiyāq
انشاء	inshā’
انشاثا	anshās̤a
انشاد	inshād
انشراح	inshirāḥ
انشقاق	inshiqāq
انشینیه	anshīniya
انصاب	anṣāb
انصات	inṣāt
انصار	anṣār
انصاری	anṣārī
انصاف	inṣāf
انصافاً	inṣāfan
انصباب	inṣibāb
انصداع	inṣidā‘
انصراف	inṣirāf
انصرام	inṣirām
انصف	anṣaf
انضباط	inẓibāt̤
انضمام	inẓimām
انطاق	int̤āq
انطاکیه	ant̤ākiya
انطباع	int̤ibā‘
آنطرفتر	ān-t̤araf-tar
انطفاء	int̤ifā’
انطلاق	int̤ilāq
انطلیون	ant̤alyūn
انطماس	int̤imās
انطواء	int̤iwā’
انطونیا	ant̤ūniyā
انظار	anz̤ār
انعام	an‘ām
انعامات	in‘āmāt
انعدام	in‘idām
انعصار	in‘iṣār
انعطاف	in‘it̤āf
انعفار	in‘ifār
انعکاس	in‘ikās
انغماس	ing̱ẖimās
انف	anf
انفاذ	infāẕ
انفار	anfār
انفاز	infāz
انفاس	anfās
انفاش	infāsh
انفاق	infāq
انفال	anfāl
انفتاق	infitāq
انفج	anfaj
انفجار	infijār
انفخت	anfaḵẖt
انفختن	anfaḵẖtan
انفده	anfada
انفراق	infirāq
انفس	anfas
انفساح	infisāḥ
انفست	anfast
انفصال	infiṣāl
انفصام	infiṣām
انفضاض	infiẓāẓ
انفطار	infit̤ār
انفع	anfa‘
انفعال	infi‘āl
انفغده	anfag̱ẖda
انفقده	anfaqda
انفکاک	infikāk
انفلاق	infilāq
انفنج	anfanj
انفوج	anfūj
انفیه	anfiya
انق	inaq
انق	anaq
انقاذ	inqāẓ
انقاس	anqās
انقاض	inqāẓ
انقاع	inqā‘
انقباض	inqibāẓ
انقحام	inqiḥām
انقد	anqad
انقدر	ān-qadar
انقراض	inqirāẓ
انقردیا	anqardiyā
انقسام	inqisām
انقص	anqaṣ
انقصام	inqiṣām
انقضاء	inqiẓā’
انقضاض	inqiẓāẓ
انقطاع	inqit̤ā‘
انقطریون	inqit̤riyūn
انقلاب	inqilāb
انقلاع	inqilā‘
انقله	anqala
انقلیا	inqiliyā
انقماع	inqimā‘
انقوج	anqūj
انقون	anqūn
انقیاد	inqiyād
آنک	ānak
آنک	ānuk
انکار	inkār
انکاری	inkārī
انکاس	inkās
انکال	ankāl
آنکجا	ān-kujā
انکر	ankar
آنکس	ān-kas
انکسار	inkisār
انکساری	inkisārī
انکساف	inkisāf
انکشاف	inkishāf
انکمش	inkimāsh
انکون	ankon
انکیس	inkīs
انکیشته	ankīshta
انگ	ang
انگار	angār
انگاردن	angārdan
انگارده	angārda
انگارش	angārish
انگاره	angāra
انگاریدن	angārīdan
انگارین	angārīn
انگاز	angāz
انگاژه	angāzha
انگاشتن	angāshtan
انگام	angām
انگامه	angāma
آنگاهی	ān-gāhī
انگبار	angubār
انگبان	angubān
انگبینه	angabīna
انگختن	angiḵẖtan
انگدار	angadār
انگدان	angudān
انگرده	angurda
انگرک	angurak
انگرو	angarū
انگروس	angarūs
انگریز	angrez
انگریزی	angrezī
انگز	anguz
انگزک	anguzak
انگژ	anguzh
انگژد	anguzhad
انگژک	anguzhak
انگژوا	angizhwā
انگژه	anguzha
انگسبه	angasba
انگشبة	angashba
انگسون	angsūn
انگشت	angisht
انگشت	angusht
انگشتال	angishtāl
انگشتان	angushtān
انگشتانه	angushtāna
انگشتر	angushtar
انگشتری	angushtarī
انگشترین	angushtarīn
انگشتک	angishtak
انگشتنه	angushtana
انگشتو	angushtū
انگشتوا	angishtwā
انگشتوانه	angishtwāna
انگشتیانه	angushtiyāna
انگل	angal
انگلش	ingilish
انگلگون	ingalgaun
انگلند	ingiland
انگلندو	angalandū
انگله	angala
انگلیز	ingiliz
انگلینه	angilīna
انگلیون	angalyūn
انگندن	āngandan
انگنده	ānganda
انگنوان	anguwān
انگوپا	angūpā
انگوتین	angūtīn
انگور	angūr
انگوردان	angūrdān
انگورک	angūrak
انگورستان	angūristān
انگورکش	angūr-kash
انگورکشان	angūr-kashān
انگوژد	angūzhad
انگوشیدن	angoshīdan
انگول	angūl
انگونی	angūnī
انگه	āngah
انگیان	anguyān
انگیبان	angībān
انگیبون	angībūn
انگیختن	angeḵẖtan
انگیخته	angeḵẖta
انگیدن	angīdan
انگیر	angīr
انگیز	angez
انگیزاندن	angezāndan
انگیزش	angezish
انگیزنده	angezanda
انگیزه	angeza
انگیزیدن	angezīdan
انگیسان	angīsān
انگیل	angīl
انگییون	angīyūn
انم	anamm
انماء	inmā’
انما	innamā
انمار	anmār
انماس	innimās
انملاق	inmilāq
انملة	anmilat
انمودج	anmūdaj
انناس	annanās
انوار	anwār
انواع	anwā‘
انوپا	anūpā
انوج	anwaj
انور	anwar
انورة	anwirat
انورس	anwars
انورسما	anūrasmā
انوری	anwarī
انوش	anosh
انوشا	anoshā
انوشیروان	anosherwān
انولوطیا	anūlūt̤iyā
انومیا	anūmiyā
انویید	anūyīd
انوییدن	anūyīdan
انه	āna
انها	ānhā
انهاء	inhā’
انهار	anhār
انهاض	inhāẓ
انهاک	inhāk
انهتاک	inhitāk
انهدام	inhidām
انهزام	inhizām
انهضاض	inhiẓāẓ
انهضام	inhiẓām
انهلال	inhilāl
انهمار	inhimār
انهماک	inhimāk
انهمام	inhimām
آنهمه	ān-hama
انهونا	anhūbā
آنی	ānī
انیٰ	aná
انیاب	anyāb
انیبا	anībā
انیة	āniyat
انیتا	anītā
انیث	anīs
انیر	anyar
انیر	anīr
انیراب	anīrāb
انیران	anīrān
انیزان	anīzān
انیژ	anīzh
انیس	anīs
انیسان	anīsān
آنیسته	ānīsta
انیسو	anīsū
انیسون	anīsūn
انیسه	anīsa
انیش	anīsh
انیشه	anīsha
انیق	anīq
انیقه	anīqa
آنین	ānīn
انین	anīn
آو	āv
او	o
آوا	āwā
اواب	awwāb
اوابد	awābid
آواخ	āwāḵẖ
اواخر	awāḵẖir
آوادان	āwādān
آوار	āwār
اوار	awār
اوار	uwār
آوارگی	āwāragī
آوراه	āwāra
اوراه	awāra
اورای	āwārī
آورایدن	āwārīdan
اورین	awārīn
آواز	āwāz
اواز	awāz
آوازک	āwāzak
آوازناک	āwāznāk
آوازه	āwāza
اوازی	awāzī
آوازیدن	āwāzīdan
اواسط	awāsit̤
اواقی	awāqīy
اوام	uwām
اوامر	awāmir
آوان	āwān
اوانی	awānī
اوانیدان	awānīdan
اواه	āwāh
اواه	awwāh
آواها	āwāhā
آوای	āwāy
اوائل	awā’il
اوائن	awā’in
اوب	aub
اوبار	aubār
اوباریدن	aubārīdan
اوباش	aubāsh
اوباشانه	aubāshānāh
اوباشتن	aubāshtan
اوباشی	aubāshī
اوبانیدن	aubānīdan
اوبردن	auburdan
اوبس	ūbis
اوبه	obih
اوبئة	aubi’at
اوپچه	aupcha
اوت	ot
اوتاد	autād
اوتار	autār
اوتاغ	otāgh
اوتانیدن	autānīdan
اوتی	otī
اوثان	aus̤ān
اوج	auj
اوجاع	aujā‘
اوجاقی	aujāqī
اوجام	aujām
اوجب	aujab
اوجس	aujas
اوجیز	ojīz
اوجین	aujīn
اوچ	ūch
اوچه	ochcha
اوچیز	ochīz
اوحاش	auḥāsh
اوحد	auḥad
آوخ	āwaḵẖ
اوخ	oḵẖ
اوخاش	auḵẖāsh
اود	aud
اودا	audā
اوداء	awiddā’
اوداج	audāj
اوداسالیون	audāsāliyūn
اوداغ	odāg̱ẖ
اودر	audir
اودردن	ūdurdan
اودس	audas
اودسلس	odasals
اوده	auda
اودیة	audiyat
اوذر	ūẕar
آور	āwar
اور	ūr
اورا	aurā
اوراد	aurād
اوراز	avrāz
اوراسالیون	aurāsāliyūn
اوراشتن	avrāshtan
اوراق	aurāq
اوراق	orāq
اورامن	orāman
اورتاق	ortāq
اورتاقی	ortāqī
آورجه	āwarja
آورد	āward
آوردگاه	āward-gāh
اوردن	āwardan
آوردنی	āwardanī
اوردو	ordū
آورده	āwarda
اوردیدن	awardīdan
اورس	awirs
آورسر	āwarsar
اورسلم	uwirsilim
اورق	oruq
اورق	auraq
اورک	aurak
اورکوه	awarkūh
آورگ	āwarag
اورگنج	ūrganj
آورگوس	āwargosh
اورمالی	ormālī
اورمان	ūrmān
اورمز	ormuz
اورمک	ūrmak
اورنج	auranj
اورنجن	auranjan
آورند	āvrand
اورند	aurand
اورندن	aurandan
آورنده	āwaranda
اورندیدن	aurandīdan
اورنگ	aurang
اورنگاباد	aurang-ābād
اورنگی	aurangī
اوروبنخی	ūrūbanḵẖī
اوروختن	auroḵẖtan
اوروق	orūq
آوره	āv-rah
اوره	aura
آوری	āwarī
اوریاء	ūriyā’
اوریب	ūreb
آوریدن	āwarīdan
اوریدن	aurīdan
آوریز	āv-rez
اوریسی	aurīsī
اوریم	ūrīm
اورین	āwarīn
اوریو	urev
اوریه	ūriya
اوز	ūz
اوزار	auzār
اوزاع	auzā‘
اوزان	auzān
اوزایش	auzāyish
اوزبک	ūzbak
اوزة	iwazzat
اوزجند	ozjand
اوزک	auzak
اوزن	auzan
اوزند	auzand
اوزون	avzūn
آوزیدن	āwizīdan
آوزین	āwzīn
اوزین	auzīn
اوژن	auzhan
اوژند	auzhand
اوژندیدن	auzhandīdan
اوژول	avzhūl
اوژولنده	avzhūlanda
اوژولیدن	avzhūlīdan
اوژه	āwizha
اوس	aus
اوساخ	ausāḵẖ
اوساط	ausāt̤
اوسان	ausān
اوست	ost
اوستا	awastā
اوستاخ	ūstāḵẖ
اوستاد	ūstād
اوستادگی	ūstādgī
اوستادی	ūstādī
اوستام	ostām
اوستان	ostān
اوستره	ostura
اوستیم	ostīm
اوسخ	ausaḵẖ
اوسط	ausat̤
اوسطی	ausatī
اوسع	ausa‘
اوسن	ausan
اوسو	ūsū
اوسون	ausūn
اوسیرس	osīris
اوسیمون	ausīmūn
اوشاقی	ushāqī
اوشال	aushāl
اوشان	aushān
اوشاندن	aushāndan
اوشانده	aushānda
اوشانیدن	aushānīdan
آوشن	āvshin
اوشندنه	aushandana
اوشنگ	aushang
اوشه	ausha
اوشهنگ	oshhang
اوصاف	auṣāf
اوصو	ūṣū
اوصیاء	auṣiyā’
اوضاع	auẓā‘
اوضح	auẓaḥ
اوطاس	aut̤ās
اوطاق	ot̤āq
اوطان	aut̤ān
اوطراق	ot̤urāq
اوعال	au‘āl
اوعیة	au‘iyat
اوغا	aughā
اوغان	aug̱ẖān
اوغر	aug̱ẖar
اوغروق	oghrūq
اوغل	aug̱ẖal
اوغور	aug̱ẖūr
اوغون	avg̱ẖūn
اوف	auf
اوفاز	aufāz
اوفاض	aufāẓ
اوفتادن	ūftādan
اوفتانیدن	ūftānīdan
اوفسانه	ofsāna
اوفق	aufaq
اوقات	auqāt
اوقار	auqār
اوقاف	auqāf
اوفدر	oqadar
اوقص	auqaṣ
اوقطاریون	auqat̤āriyūn
اوقلیدس	ūqulīdis
اوقیانوس	auqiyānūs
اوقیة	ūqīyat
اوک	ok
اوکار	aukār
آوکان	āwakān
اوکر	aukar
اوکو	ūkū
اوگ	aug
اوگار	augār
اوگر	augar
اوگنج	auganj
اوگندن	avgandan
اول	aul
اول	auwal
اول	ol
اولات	ūlāt
اولاد	aulād
اولاد	ūlād
اولاغ	ūlāg̱ẖ
اولتر	awwaltar
اولجا	ūljā
اولجامشی	ūljāmishī
اولسطیون	olustiyūn
اولقدر	olqadar
اولکا	ūlkā
اولنج	aulanj
اولنگ	ūlang
اولو	ūlū
اولوس	ūlūs
اولویة	ūluwīyat
اولیٰ	aulá
اولی	auwalī
اولیاء	auliyā’
اولیة	awwalīyat
اولیرا	ūlīrā
اولیقوس	ūlīqūs
اولئک	aula’ika
اولین	awwalīn
اوساج	ūmāj
اومادا	aumādā
اومالی	ūmālī
اومان	aumān
آون	āwan
اون	aun
اونار	aunār
اونانیدن	aunānīdan
اونانیس	aunānīs
اونج	uwanj
آوند	āwand
اوند	awand
اوندر	ūndar
آوندی	āwandī
اونکه	awinka
اونگ	āwang
آونگان	āwangān
اوننگ	aunang
اونو	aunū
آونوس	āvnūs
اونومالی	aunūmālī
اونی	ūnī
اونیا	ūniyā
آونیدن	āwanīdan
اونیورسیته	unīwarsīta
آوو	āwav
اوووک	uwawūk
آوه	āwa
اوه	auh
آوها	āvhā
اوهام	auhām
اوی	oy
اویا	ūyā
اویان	ūyān
آویج	āwej
آویختن	āweḵẖtan
آویخته	āweḵẖta
آویدن	āwīdan
اویرا	oyrā
اویرش	awīrash
آویز	āwez
اویزان	āwezān
اویزانیدن	āwezānīdan
اویزش	āwezish
اویزگن	āwezgin
اویزگی	āwezagī
اویزه	āweza
آویزیدن	āwezīdan
آویژگان	āwezhagān
آویژه	āwezha
اویس	uwais
اویستان	oyistān
آویش	awīsh
اویش	oyish
اویشگان	oyishgān
آویشن	āwīshan
اویشن	awīshin
اویشه	āwīsha
آوینا	āwīnā
آویندن	āwīndan
اویه	oya
اوییها	oyīhā
آه	āh
اه	ah
اهاب	ihāb
آهار	āhār
اهار	ahār
آهارداده	āhārdāda
آهازیدن	āhāzīdan
آهازیده	āhāzīda
اهالی	ahālī
اهان	ahān
اهان	ihān
اهانة	ihānat
آهافه	āhāna
اهباط	ihbāt̤
اهبة	uhbat
آهبنیابه	āhbanyāba
اهتجار	ihtijār
اهتداء	ihtidā’
اهتزاز	ihtizāz
اهتمام	ihtimām
اهتمامی	ihtimāmī
آهته	āhta
آهختن	āhiḵẖtan
آهخته	āhiḵẖta
اهداء	ihdā’
اهدار	ihdār
اهداف	ahdāf
اهداب	ahdab
اهذار	ihẕār
اهر	ahr
اهراء	ihrā’
اهرار	ihrār
اهراع	ihrā‘
اهرام	ahrām
اهرامن	ahrāman
اهران	ahrān
اهرستان	ahristān
اهرم	ahram
اهرون	ahrūn
اهزن	āhzan
اهزون	ahzūn
آهستگی	āhistagī
آهسته	āhista
آهشتگی	āhishtagī
آهک	āhak
اهل	ahl
اهلاً	ahlan
اهلاس	ihlās
اهلاک	ihlāk
اهلال	ihlāl
اهلبوب	ahlabūb
اهلة	ahilat
اهلیة	ahlīyat
اهلیه	ahlīya
اهم	ahamm
اهمال	ihmāl
اهمالی	ihmālī
اهمر	ahmar
آهمند	āhmand
اهمه	ahama
آهن	āhan
اهنامه	ahnāma
آهنبایه	āhaṃbāya
آهنج	āhanj
آهنجانیدن	āhanjānīdan
آهنجد	āhanjad
آهنجلوغ	āhanjalūg̱ẖ
آهنجه	āhanja
آهنجیدن	āhanjīdan
آهنخای	āhan-ḵẖāy
آهندیگ	āhan-dīg
آهنکش	āhan-kash
آهنگ	ahang
آهنگر	āhangar
آهنگری	āhangarī
آهنگی	āhangī
آهنگیدن	āhangīdan
آهنو	āhnū
اهنوخوشی	ahnūḵẖẉashī
اهنود	ahnawad
آهنه	āhana
آهنی	āhanī
اهنیٰ	ahná
آهنیابه	āhanyāba
آهنین	āhanīn
آهو	āhū
اهواء	ahwā’
اهوار	ahwār
اهواز	ahwāz
اهوال	ahwāl
اهوان	āhwān
اهواند	ahwānd
آهوای	āhwāy
آهوبره	āhū-bara
اهوج	ahwaj
اهور	ahwar
آهوری	āhorī
اهوس	ahwas
آهوگان	āhūgān
آهول	āhūl
اهول	ahwal
اهونبر	āhūn-bar
آهوی	āhuwī
اهویٰ	ahwá
آهویی	āhū’ī
آهی	āhī
آهیانه	āhiyāna
آهیختن	āheḵẖtan
آهیخته	āheḵẖta
آهیز	āhez
اهیس	āhyas
آهین	āhīn
آی	āy
آیا	āyā
ایا	ayā
ایاب	ī’āb
ایاب	aiyāb
آیات	āyāt
ایاد	iyād
ایادی	ayādī
ایار	ayār
ایار	iyār
ایار	ayyār
ایارج	iyārij
ایاره	ayāra
ایازی	ayāzī
ایاس	ayās
ایاس	iyās
ایاسرم	iyāsaram
ایاسه	ayāsa
ایاسی	ayāsī
ایاغ	āyāg̱ẖ
ایاغ	ayāg̱ẖ
ایاغخافه	ayāḵẖ-ḵẖāna
ایالة	iyālat
آیام	āyām
ایام	aiyām
ایامی	aiyāmī
ایامیٰ	ayāmá
آیان	āyān
ایباء	ībā’
ایباش	ībāsh
ایباص	ībāṣ
ایبد	aibad
ایبک	ebak
آیة	āyat
ایتار	ītār
ایتام	aitām
ایتبا	ītibā
ایتزار	ītizār
ایتگز	ītgaz
ایتگین	etgīn
ایتگینی	etgīnī
ایتلاف	ītilāf
ایتمار	ītimār
ایتمام	ītimām
ایتمان	ītimān
ایتناف	ītināf
ایتند	ītand
ایتوک	ītūk
ایثار	īs̤ār
ایثاق	īs̤āq
ایج	īj
ایجا	ījā
ایجاب	ījāb
ایجابی	ījābī
ایجاد	ījād
ایجاز	ījāz
ایجازانه	ījāzāna
ایجاس	ījās
ایجاع	ījā‘
ایجاف	ījāf
ایجو	ījū
ایچ	ech
ایچاایچ	ech-ā-ech
ایحاش	īḥāsh
ایخاش	īḵẖāsh
ایخان	īḵẖān
ایخشت	ayuḵẖshut
اید	aid
ایداع	īdā‘
ایداول	aidāwul
ایدر	īdar
ایدرا	īdrā
ایدری	īdarī
ایدع	aida‘
ایدمامید	īdamāmīd
ایدند	īdand
ایده	āyda
ایدی	aidī
ایذاء	īẕā’
ایذاده	īẕā-dih
ایذادهندی	īẕā-dihandī
ایذارسان	īẕā-rasān
ایذارسانی	īẕā-rasānī
ائذان	i’ẕān
ایذج	aiẕaj
ایذون	īẕūn
ایرا	īrā
ایراد	īrād
ایراس	īrās
ایراف	īrāf
ایراق	īrāq
ایراک	īrāk
ایرال	īrāl
ایران	īrān
ایرانی	īrānī
ایرسا	īrsā
ایرسون	īrsūn
ایرسیا	īrsiyā
ایرقان	īrqān
ایرگ	īrg
ایرمان	īrmān
ایرمانخور	īrmān-ḵẖẉur
ایرمانسرای	īrmān-sarāy
ایرون	īrūn
ایری	īrī
ایزاره	īzāra
ایزاری	īzārī
ایزان	īzān
ایزدی	īzidī
ایزغنج	ezg̱ẖunj
آیژ	āyizh
ایس	ais
آیسا	īsā
ایساخ	īsāḵẖ
ایسار	īsār
ایساع	īsā‘
ایستا	īstā
ایستادگی	īstādagī
ایستادن	īstādan
ایستاده	īstāda
ایستاندن	īstāndan
ایستانیدن	īstānīdan
ایستیدن	īstīdan
ایستیده	īstīda
ایسر	aisar
ایسو	aisū
ایش	esh
ایشا	īshā
ایشانان	eshānān
ایشانه	īshāna
آیشتنه	āyishtana
آیشم	āyishm
آیشنه	āyishna
ایشه	esha
ایشی	eshī
ایشیم	īshīm
ایصاء	īṣā’
ایصاد	īṣād
ایصال	īṣāl
ایض	aiẓ
ایضاً	aiẓan
ایضاح	īẓāḥ
ایضاحاً	īẓāḥan
ایضاع	īẓā‘
ایطاء	īt̤ā’
ایعاد	ī‘ād
ایعاز	ī‘āz
ایغار	īg̱ẖār
ایغر	aig̱ẖir
ایغری	aig̱ẖirī
ایغور	īg̱ẖūr
ایفاء	īfā’
ایفاض	īfāẓ
ایفاع	īfā‘
ایفاغ	īfāg̱ẖ
ایفاق	īfāq
ایفده	īfuda
ایقاد	īqād
ایقار	īqār
ایقاص	īqāṣ
ایقاظ	aiqāz̤
ایقاع	īqā‘
ایقال	īqāl
ایقان	īqān
ایقون	īqūn
ایقونة	aiqūnat
ایک	īk
ایک	aik
ایکال	īkāl
ایگ	īg
ایگر	aigar
ایل	īl
ایل	el
ایلا	īlā
ایلاء	īlā’
ایلاع	īlā‘
ایلاف	īlāf
ایلاق	ailāq
ایلام	īlām
ایلاوس	īlāwus
ایلاول	ailāwil
ایلچی	īlchī
ایلخان	īl-ḵẖān
ایلخانی	īlḵẖānī
ایلخی	īlḵẖī
ایلدانه	eldāna
ایلغار	īlg̱ẖār
ایلقی	īlqī
ایلکان	ailakān
ایلول	aylūl
ایله	īla
ایلیاء	īliyā’
ایلیاین	īlyāyin
ایلیایوهن	īliyāyūhan
ایم	aim
ایم	īm
ایما	īmā
ایماء	īmā’
ایماض	īmāẓ
ایماق	īmāq
ایمان	aimān
ایمبار	īmbār
ایمپراطور	īmparāt̤ūr
ایمد	aimad
ایمن	aiman
ایمن	eman
ایمه	aima
ایمید	aimīd
ایمین	īmīn
آین	āyan
این	ain
این	īn
ایناث	īnās̤
ایناس	īnās
ایناع	īnā‘
ایناق	īnāq
ایناک	īnāk
اینان	īnān
اینانوشت	īnānūsht
آینةً	āyinatan
اینت	āyunt
اینت	inat
اینجا	īnjā
اینجائی	īnjā’ī
اینجو	īnjū
اینجیدن	īnjīdan
اینچار	īn-chār
اینچنین	īnchunīn
ایند	īnad
آیندگان	āyandagān
اینده	āyanda
اینسا	īnsā
اینست	īnast
اینسو	īnsū
اینسه	īnasa
اینطرف	īn-t̤araf
اینفت	īnaft
اینقدر	īn-qadar
اینک	īnak
اینکت	īnakat
اینکم	īnakam
اینکیم	īnakīm
اینگر	īngar
اینما	ainamā
اینمعنیٰ	īn-ma‘ná
اینند	īnand
آینه	āyina
اینها	īnhā
اینهسه	īnhasa
اینهم	īn-ham
اینهمه	īn-hama
اینی	ainī
ایواء	īwā’
ایوار	ewār
ایواز	ewāz
ایواغلان	īwāg̱ẖlān
ایوان	aiwān
ایوانس	aiwānis
ایواه	aywāh
ایوب	aiyūb
ایوره	ewara
ایوز	ewaz
ایومن	ayūmin
ایه	īh
ایها	aihā
ایها	aiyuhā
ایهام	īhām
ایهان	īhān
ایهقان	aihuqān
آییان	āyiyān
آییدن	āyīdan
آییر	āyīr
آییژ	āyīzh
آییشه	āyīsha
آیین	āyīn
آیینه	āyīna
ب	b
ب	bi-
باب	ba-āb
باب	bāb
بابا	bābā
بابات	bābāt
باباری	bābārī
بابایان	bābāyān
بابایانه	bābāyānah
بابت	bābat
بابر	bābar
بابره	bābira
بابری	bābarī
بابزن	bābzan
بابسر	bābasir
بابک	bābak
بابلس	bābilus
بابو	bābū
بابوار	bāb-wār
بابواری	bābwārī
بابوته	bābūta
بابوک	bābūk
بابونه	bābūna
بابه	bāba
بابی	bābī
بابیافت	bāb-yāft
بابیزان	bābīzān
بابیزن	bābīzan
بات	bāt
باتاب	bātāb
باتب	bātab
باتر	bātir
باتره	bātara
باتس	bātus
بآتش	ba-ātish
باتفاق	ba-ittifāq
باتک	bātik
باتماشا	bā-tamāshā
باتنگان	bātingān
باتنگل	bātangal
باتو	bātū
باتوته	bātūta
باتون	bātūn
باتونه	bātūna
باج	bāj
باجبان	bājbān
باجدار	bāj-dār
باجرا	bājrā
باجفته	bā-jufta
باجگذار	bāj-guẕār
باجگیر	bāj-gīr
باجلوه	bā-jalwa
باجنگ	bājang
باجه	bāja
باجی	bājī
باجیان	bājyān
باچو	bāchū
باحر	bāḥir
باخ	bāḵẖ
باخسه	bāḵẖsa
باخه	bāḵẖa
باد	bād
بادا	bādā
باداباد	bād-ā-bād
بادابرنک	bādābrang
باداش	bādāsh
بادام	bādām
بادامتره	bādāmtara
بادامستان	bādāmistān
بادامه	bādāmah
بادامی	bādāmī
بادان	bādān
بادبان	bādbān
بادبانه	bādbānah
بادر	bādar
بادرار	ba-idrār
بادرام	bādrām
بادرس	bād-ras
بادرنبو	bādraṃbū
بادرنبویه	bādraṃbūya
بادرنگ	bād-rang
بادرنگبو	bādrang-bū
بادرنگین	bād-rangīn
بادرو	bād-ro
بادروج	bādrūj
بادروچه	bādrūcha
بادروز	bādroz
بادروزه	bādroza
بادروک	bādrūk
بادروم	bādrūm
بادره	bādra
بادریس	bādrīs
بادریش	bādresh
بادیه	bādriya
بادزد	bād-zad
بادزم	bādzam
بادزن	bād-zan
بادزنام	bādaznām
بادزهر	bād-zahr
بادزهره	bād-zahra
بادزین	bād-zīn
بادژ	bādizh
بادژفام	bādizhfām
بادژنام	bādizhnām
بادژوام	bādizhwām
بادسار	bād-sār
بادسخا	bād-saḵẖā
بادسر	bād-sar
بادسره	bād-sara
بادسری	bād-sarī
بادسنج	bād-sanj
بادسوار	bād-suwār
بادسیر	bād-sair
بادسین	bād-sīn
بادش	bādish
بادشاه	bādshāh
بادشاهت	bādshāhat
بادشاهی	bādshāhī
بادشفام	bādishfām
بادشة	bādshah
بادعنان	bād-‘inān
بادغد	bād-g̱ẖad
بادغس	bād-g̱ẖis
بادغن	bād-g̱ẖan
بادغیس	bādg̱ẖīs
بادفت	bādaft
بادفر	bād-far
بادفرا	bādafrā
بادفراه	bādafrāh
بادفره	bādafra
بادکش	bād-kash
بادگان	bādgān
بادگانه	bād-gāna
بادگاه	bād-gāh
بادگذار	bād-guẕār
بادگر	bādgar
بادگنج	bād-gunj
بادگی	bād-gī
بادلجان	bādiljān
بادلیجه	bādalīja
بادم	bādam
بادمهره	bād-muhra
بادنج	bādinj
بادنجان	bādinjān
بادنگ	bādang
بادنگان	bādingān
بادوان	bādwān
بادوبان	bādūbān
بادویز	bād-wez
باده	bāda
بادهلج	bād-hilj
بادی	bādī
بادیار	bādyār
بادیان	bādyān
بادیاوند	bādyāwand
بادیاوندی	bādyāwandī
بادیج	bādīj
بادید	bā-dīd
بادیدار	bā-dīdār
بادیر	bādīr
بادیه	bādiya
باذارنگ	bāẕārang
باذام	bāẕām
باذان	bāzān
باذاورد	bāẕāward
باذم	bā-ẕamm
باذرو	bāẕaro
باذروج	bāẕarūj
باذزنام	bāẕaznām
باذغیش	bāẕg̱ẖīsh
باذفت	bāẕaft
باذل	bāẕil
باذوق	bā-ẕauq
بار	bār
باٴر	ba’r
بار	bārr
باراب	bār-āb
بارات	bārāt
باراج	bārāj
بارآغوش	bār-āg̱ẖosh
باران	bārān
بارانه	bārāna
بارانی	bārānī
بارانیدن	bārānīdan
باراهی	bā-rāhī
باربد	bārbud
باربرداری	bār-bar-dārī
باربیگی	bār-begī
بارتنگ	bāritang
بارج	bāraj
بارجا	bār-jā
بارجات	bārjāt
بارجامه	bār-jāma
بارجای	bārjāy
بارچا	bār-chā
بارچه	bārcha
بارح	bāriḥ
بارخدا	bār-ḵẖudā
بارد	bārid
بارداد	bār-dād
باردار	bār-dār
باردان	bārdān
باردست	bārdast
باردو	bār-dū
باردیج	bārdīj
باررنگ	bārrang
بارروج	bārrūj
بارز	bāriz
بارزد	bārzad
بارسا	bārsā
بارسات	bārsāt
بارسطلارون	bārastalārūn
بارسنج	bār-sanj
بارش	bārish
بارع	bāri‘
بارق	bāriq
بارک	bārik
بارکش	bār-kash
بارکشی	bār-kashī
بارگان	bārgān
بارگاو	bārgāv
بارگاه	bār-gāh
بارگه	bār-gah
بارگی	bāragī
بارگیرٰ	bār-gīr
بارگین	bārgīn
بارمان	bārmān
بارمبوی	bāramboy
بارنب	bārnab
بارنبوی	bāran-boy
بارنج	bāranj
بارندگی	bārandagī
بارنده	bāranda
بارنگ	bārang
بارنگبوی	bārangboy
بارنگبویه	bārangboya
بارنگو	bārangū
بارو	bārū
باروت	bārūt
باروچه	bārūcha
باروح	bā-rauḥ
بارود	bārūd
بارور	bārwar
باروزنه	bārauzana
باروزه	bā-roza
باروق	bārūq
باروم	bārūm
باره	bāra
بارها	bārhā
بارهی	bārhī
باری	bāri’
باری	bāre
باریا	bāryā
باریاب	bār-yāb
باریابی	bār-yābī
باریار	bār-yār
باریافته	bār-yāfta
باریدگی	bārīdāgī
باریدن	bārīdan
باریز	bārīz
باریقون	bārīkūn
باریک	bārīk
باریکی	bārīkī
بارین	bārīn
باز	bāz
بازا	bāzā
بازاء	ba-izā’
بازار	bāzār
بازارچه	bāzārcha
بازارگان	bāzārgān
بازاره	bāzāra
بازاری	bāzārī
بازاریا	bāzāriyā
بازافگن	bāz-afgan
بازام	bāzām
بازان	bāzān
بازبر	bāzbar
بازبزه	bāzbaza
بازپرس	bāz-purs
بازپره	bāz-para
بازپس	bāz-pas
بازخ	bāzaḵẖ
بازد	bāzud
بازدار	bāz-dār
بازرگان	bāzargān
بازرگانی	bāzargānī
بازرنجویه	bāzranjoya
بازرنگ	bāzrang
بازرو	bāzrū
بازغ	bāzig̱ẖ
بازک	bāzak
بازگان	bāzgān
بازل	bāzil
بازن	bāzan
بازنجان	bāzinjān
بازنده	bāzanda
بازندگی	bāzandagī
بازنیچ	bāznīch
بازو	bāzū
بازور	bāzūr
بازوشتن	bāzūshtan
بازه	bāza
بازی	bāze
بازیار	bāz-yār
بازیج	bāzīj
بازیچه	bāzīcha
بازیدن	bāzīdan
بازیره	bāzera
بازیزه	bāzīza
بازیگاه	bāzī-gāh
بازیگر	bāzīgar
بازیگرن	bāzī-garn
بازیگوش	bāzī-gosh
باژ	bāzh
باژبان	bāzhbān
باژدان	bāzhdān
باژگاه	bāzh-gāh
باژن	bāzhan
باژه	bāzha
باٴس	ba’s
باس	bās
باٴساء	ba’sā’
باساتیر	bāsātīr
باسان	bāssān
باسبوس	bāsbūs
باسة	bāssat
باستار	bāstār
باستان	bāstān
باستراک	bāstarāk
باستی	bāstī
باستیان	bāstiyān
باستین	bāstīn
باسرم	bāsram
باسره	bāsara
باسط	bāsit̤
باسطیوس	bāst̤iyūs
باسغاق	bāsg̱ẖāq
باسق	bāsiq
باسک	bāsuk
باسگونه	bāsgūna
باسل	bāsil
باسلوس	bāsilūs
بلسلیق	bāsilīq
باسمر	bāsmar
باسو	bāsū
باسور	bāsūr
باسوس	bāsūs
باسه	bāsa
باسیج	bāsīj
باسیدن	bāsīdan
باسیره	bāsīra
باش	bāsh
باشا	bāshā
باشم	bāshām
باشامه	bāshāma
باشانه	bāshāna
باشت	bāsht
باشترک	bāshtarak
باشتین	bāshtīn
باشد	bāshad
باشر	bāshir
باشش	bāshish
باشق	bāshaq
باشقه	bāshiqa
باشکو	bāshkū
باشکوه	bā-shukūh
باشگوک	bāshgūk
باشگون	bāsh-gūn
باشگونگی	bāsh-gūnagī
باشلیغ	bāshlīg̱ẖ
باشمقچی	bāshmaqchī
باشنامه	bāshnāma
باشنده	bāshanda
باشنک	bāshank
باشنگان	bāshingān
باشنین	bāshnīn
باشو	bāshū
باشورة	bāshūrat
باشومه	bāshūma
باشه	bāsha
باشی	bāshī
باشیدن	bāshīdan
باشین	bāshīn
باصله	bi-aṣli-hi
باضح	bāẓi‘
باطرون	bātarūn
باطس	bāt̤is
باطسه	bāt̤isa
باطلاق	bāt̤lāq
باطل	bāt̤il
باطله	bāt̤ila
باطلی	bāt̤ilī
باطن	bāt̤in
باطنی	bāt̤inī
باطیسه	bat̤īsa
باعتبار	ba-i‘tibār
باعث	bā‘is̤
باعد	bā‘id
باعورا	bā‘ūrā
باغ	bāg̱ẖ
باغات	bāg̱ẖāt
باغبان	bāg̱ẖbān
باغبانی	bāg̱ẖbānī
باغچ	bāg̱ẖach
باغچوان	bāg̱ẖchiwān
باغچه	bāg̱ẖcha
باغر	bāg̱ẖir
باغستان	bāg̱ẖistān
باغل	bāg̱ẖil
باغمی	bā-g̱ẖamī
باغنج	bāg̱ẖanj
باغند	bāg̱ẖand
باغوان	bāg̱ẖwān
باغوش	bāg̱ẖosh
باغی	bāg̱ẖī
باف	bāf
بافت	bāft
بافتگی	bāftagī
بافتن	bāftan
بافته	bāfta
بافراط	ba-ifrāt̤
بافرجن	bāfarjan
فرهنگ	bā-farhang
بافرهی	bāfarrahī
بافرین	ba-āfirīn
بافکار	bāf-kār
بافق	bāfaq
بافقی	bāfaqī
بافل	bāfal
بافندگی	bāfandagī
بافنده	bāfandah
بافنگ	bāfanag
بافیدن	bāfīdan
باقر	bāqir
باقعة	bāqi‘at
باقل	bāqil
باقلاء	bāqilā’
باقلانی	bāqillānī
باقو	bāqū
باقی	bāqī
باقیات	bāqiyāt
باک	bāk
باکار	bā-kār
باکند	bākand
باکو	bākū
باکور	bākūr
باکویه	bākawaih
باکی	bākī
باکیدن	bākīdan
باکیده	bākīda
باگره	bāgra
باگل	bāgal
باگهر	bā-guhar
بال	bāl
بالا	bālā
بالاتر	bālātar
بالاد	bālād
بالاده	bālāda
بالاذ	bālāẕ
بالار	bālār
بالاز	bālāz
بالاس	bālās
بالافتن	bālāftan
بالاگر	bālāgar
بالال	bālāl
بالان	bālān
بالاندن	bālāndan
بالانده	bālānda
بالانه	bālāna
بالانی	bālānī
بالانیدن	bālānīdan
بالاور	bālāwar
بالای	bālāy
بالایانیدن	bālāyānīdan
بالایک	bālāyak
بالائین	bālā’īn
بالبوس	bālbūs
بالپر	bāl-par
بالزن	bāl-zan
بالزین	bāl-zīn
بالست	bālast
بالستن	bālustan
بالش	bālish
بالشت	bālisht
بالشتچه	bālishtcha
بالشتک	bālishtak
بالشتن	bālushtan
بالشچه	bālishcha
بالشک	bālishak
بالشنک	bālishnak
بالغ	bālag̱ẖ
بالغ	bālig̱ẖ
بالغه	bālig̱ẖa
بالقس	bālqis
بالکانه	bālkāna
بالکون	bālkon
بالنده	bālanda
بالنگ	bālang
بالنگو	bālingū
بالو	bālū
بالوا	bālawā
بالواد	bālwād
بالوار	bālwār
بالوازه	bālwāza
بالواسه	bālwāsa
بالوانه	bālwāna
بالواه	bālwāh
بالوایه	bālwāya
بالود	bālūd
بالودن	bālūdan
بالور	bālwar
بالورته	bālwarta
بالورگی	bālūrgī
بالوس	bālūs
بالوش	bālūsh
بالوعت	bālū‘at
بالویه	bālūya
باله	bāla
بالی	bālī
بالید	bālīd
بالیدگی	bālīdagī
بالیدن	bālīdan
بالیده	bālīda
بالیسر	bālesar
بالیک	bālīk
بالین	bālīn
بالیوس	bālyūs
بام	bām
بامبره	bāmbara
بامداد	bāmdād
بامدادی	bāmdādī
بامدن	bāmadan
بامره	bām-rah
بامستون	bām-sutūn
بامسکنت	bā-maskanat
بامشاد	bāmshād
بامگاه	bām-gāh
بامنشین	bām-nishīn
بامون	bāmūn
بامه	bāma
بامهر	bā-muhr
بامی	bāmī
بامیان	bāmiyān
بامیره	bāmī-rah
بامین	bāmīn
بامیه	bāmiya
بان	bān
بانات	bānāt
بانارس	bānāras
بانب	bānab
بانتجاب	ba-intijāb
بانجا	bānjā
بانس	bāns
بانطرف	ba-ānt̤araf
بانقش	bānqish
بانکش	bānkash
بانگ	bāng
بانگه	bānga
بانگه	bāngah
بانگیدن	bāngīdan
بانو	bānū
بانوج	bānūj
بانه	bāna
بانی	bānī
باٴو	ba’w
باور	bāwar
باورچی	bāwarchī
باورچیخانه	bāwarchī-ḵẖāna
باورد	bāward
باوردی	bāwardī
باورس	bāwars
باوریدن	bāwarīdan
باوسنی	bāwusnī
باول	bāwal
باولی	bāvlī
باویر	bāwer
باوین	bāwīn
باه	bāh
باها	bāhā
باهار	bāhār
باهت	bāhat
باهده	bā-huda
باهر	bāhir
باهش	bā-hush
باهظ	bāhiz̤
باهک	bāhak
باهکیدن	bāhakīdan
باهل	bāhil
باهم	bā-ham
باهم	bāhum
باهمان	bāhmān
باهمت	bā-himmat
باهو	bāhū
باهه	bāha
بای	bāy
بایا	bāyā
باید	bāyad
بایزید	bāyizīd
بائس	bā’is
بایست	bāyist
بایستگاه	bāyistagāh
بایستگی	bāyistagī
بایستن	bāyistan
بایستنی	bāyistanī
بایسته	bāyista
بایستی	bāyistī
بایسک	bāyisk
بائع	bā’i‘
بایش	bāyish
بایکر	bāyikar
بایگان	bāygān
باین	ba-īn
بایندان	bāyandān
باینمعنی	ba-īn-ma‘ná
بایونیستی	bāyūnīstī
بائیدن	bā’īdan
ببا	babā
بباره	babāra
ببازار	ba-bāzār
بباعت	ba-bā‘is̤
ببالا	ba-bālā
ببای	bi-bāy
ببتک	bibtak
ببدی	ba-badī
ببر	babr
ببراله	bubrāla
ببروج	babrūj
ببسوده	bibsūda
ببغی	babg̱ẖī
ببک	babak
ببلس	bablus
ببول	babūl
بپا	ba-pā
بپای	ba-pāy
بپساویدن	bipsāwīdan
بپسودان	bipsūdān
بپسودن	bipsūdan
بپسوده	bipsūda
بپغا	bapg̱ẖā
بپگن	bipgan
بپلس	baplus
بپیش	ba-pesh
بت	bat
بت	batt
بتا	batā
بتات	batāt
بتاره	batāra
بتاز	ba-tāz
بتارگی	ba-tāzagī
بتاشه	batāsha
بتاٴمل	ba-ta’ammul
بتانج	butānj
بتاوار	batāwār
بتاوان	ba-tāwān
بتبو	batbū
بتپرست	but-parast
بتپرستی	but-parastī
بتخ	batḵẖ
بتخا	batḵẖā
بتخاک	butḵẖāk
بتخال	bat-ḵẖāl
بتخاله	but-ḵẖāla
بتخانه	but-ḵẖāna
بتدریج	ba-tadrīj
بتر	batr
بتراهنگ	batar-āhang
بترجا	batarjā
بترک	ba-tark
بتره	batra
بتستان	butistān
بتسیار	bitisyār
بتع	bata‘
بتفور	batfūr
بتقریب	ba-taqrīb
بتک	batk
بتک	bitik
بتکچی	bitikchī
بتکده	but-kada
بتکن	bitkan
بتکندن	bitkandan
بتکوب	batkob
بتکیش	batkesh
بتل	batl
بتلاب	bitlāb
بتلوب	batlob
بتنها	ba-tanhā
بتو	batau
بتواز	batwāz
بتوراک	batūrāk
بتوسط	ba-tawassut̤
بتوک	batūk
بتول	batūl
بته	bata
بته	battah
بتهوا	bat-huwā
بتیاب	but-yāb
بتیار	batyār
بتیاره	batyāra
بتیله	batīla
بتینا	butīnā
بتیه	bitīya
بث	bas̤s̤
بثر	bas̤r
بثور	bus̤ūr
بج	baj
بج	bajj
بجا	ba-jā
بجال	bujāl
بجان	ba-jān
بجانب	ba-jānib
بجای	ba-jāy
بجبر	ba-jabr
بجتاق	bajtāq
بجع	bajah
بجدا	ba-judā
بجر	bajar
بجره	bajara
بجز	ba-juz
بجس	bajs
بجس	bajas
بجست	bajast
بجشاک	bijashāk
بجشک	bijishk
بجکله	bajkala
بجکم	bajkam
بجل	bujul
بجنس	ba-jins
بجملگی	ba-jumlagī
بجنسه	bi-jinsi-hi
بجنود	bujnūd
بجوج	bajūj
بجوجیا	bajūjiyā
بجور	bijwar
بجول	bujūl
بجه	baja
بجهت	ba-jihat
بجلیة	bajīlat
بچبچ	buch-buch
بچش	bachash
بچشاک	bichashāk
بچشک	bichishk
بچشم	ba-chashm
بچک	bachak
بچکافدن	bi-chakāndan
بچکله	bachkala
بچگان	bachagān
بچگانه	bachagāna
بچگین	bachagīn
بچل	bachal
بچم	bicham
بچند	ba-chand
بچهام	bachahām
بچیج	bachīj
بچیچه	bachīcha
بچیز	ba-chīz
بحاث	biḥās̤
بحار	biḥār
بحارزندان	buḥārzandān
بحال	ba-ḥāl
بحالی	ba-ḥālī
بحت	baḥt
بحث	baḥs̤
بحد	ba-ḥadd
بحدی	ba-ḥadde
بحر	baḥr
بحران	baḥrān
بحرگان	baḥrgān
بحری	baḥrī
بحرین	baḥrain
بحساب	ba-ḥisāb
بحسب	ba-ḥasb
بحضور	ba-ḥuẓūr
بحقد	biḥuqad
بحکم	ba-ḥukm
بحوالی	ba-ḥawālī
بحیرا	buḥairā
بخ	baḵẖ
بخار	ba-ḵẖār
بخار	buḵẖār
بخارا	buḵẖārā
بخارات	buḵẖārāt
بخاری	buḵẖārī
بخاطر	ba-ḵẖāt̤ir
بخاع	biḵẖā‘
بخاک	ba-ḵẖāk
بخاو	baḵẖāv
بخت	baḵẖt
بخت	buḵẖt
بختاق	buḵẖtāq
بختاور	baḵẖt-āwar
بختر	baḵẖtar
بختک	baḵẖtak
بختگار	buḵẖtagār
بختگاره	buḵẖtigāra
بختگاری	baḵẖtigārī
بختگاو	buḵẖtgāv
بختمندی	baḵẖtmandī
بخته	baḵẖta
بختی	buḵẖtī
بختیار	baḵẖt-yār
بختیاری	baḵẖt-yārī
بختیاور	baḵẖtyāwar
بخجج	baḵẖjaj
بخجد	baḵẖjad
بخجوان	baḵẖjawān
بخجور	baḵẖjūr
بخچ	baḵẖch
بخپه	baḵẖcha
بخپیریدن	baḵẖchīrīdan
بخدا	ba-ḵẖudā
بخر	baḵẖr
بخرا	baḵẖrā
بخرد	biḵẖrad
بخردن	buḵẖridan
بخرک	buḵẖrak
بخریت	baḵẖrait
بخریده	buḵẖrīda
بخس	baḵẖs
بخسان	baḵẖsān
بخسانیدن	baḵẖsānīdan
بخست	baḵẖast
بخستانیدن	baḵẖastānīdan
بخسلوس	baḵẖsilūs
بخسم	baḵẖsum
بخسودن	baḵẖsūdan
بخسی	baḵẖsī
بخسیدن	baḵẖsīdan
بخسیده	baḵẖsīda
بخش	baḵẖsh
بخشا	baḵẖshā
بخشاد	baḵẖshād
بخشانیده	baḵẖshānīda
بخشای	baḵẖshāy
بخشایا	baḵẖshāyā
بخشایش	baḵẖshāyish
بخشایشگر	baḵẖshayishgar
بخشایندگی	baḵẖshāyandagī
بخشاینده	baḵẖshāyanda
بخشائیدن	baḵẖshā’īdan
بخشبندر	baḵẖsh-bandar
بخشش	baḵẖshish
بخشندگی	baḵẖshandagī
بخشنده	baḵẖshanda
بخشودن	baḵẖshūdan
بخشودنی	baḵẖshūdanī
بخشوده	baḵẖshūda
بخشه	baḵẖsha
بخشی	baḵẖshī
بخشیدن	baḵẖshīdan
بخشیش	baḵẖshīsh
بخص	baḵẖṣ
بخصوص	ba-ḵẖuṣūṣ
بخع	baḵẖ‘
بخفد	bi-ḵẖafad
بخکلول	baḵẖkalūl
بخل	buḵẖl
بخلاء	buḵẖalā’
بخلاف	ba-ḵẖilāf
بخلوت	ba-ḵẖalwat
بخله	buḵẖla
بخمه	baḵẖma
بخنو	baḵẖnū
بخنود	baḵẖnūd
بخنودن	baḵẖnūdan
بخنونه	baḵẖnūna
بخنوه	buḵẖnūh
بخنویدن	baḵẖnawīdan
بخود	ba-ḵẖẉud
بخور	baḵẖūr
بخور	ba-ḵẖẉar
بخورات	baḵẖūrāt
بخورانیدن	bi-ḵẖẉurānīdan
بخوردان	baḵẖūrdān
بخوره	baḵẖūra
بخوریدن	buḵẖūrīdan
بخوریده	buḵẖūrīda
بخون	ba-ḵẖūn
بخیازی	baḵẖyāzī
بخیچ	baḵẖīch
بخیدن	baḵẖīdan
بخیده	baḵẖīda
بخیر	baḵẖīr
بخیر	ba-ḵẖair
بخیز	bi-ḵẖez
بخیزیدن	baḵẖīzīdan
بخیل	baḵẖīl
بخیلک	baḵẖīlak
بخیله	baḵẖīla
بخیلی	baḵẖīlī
بخیه	baḵẖya
بد	bad
بد	badd
بده	bad’
بدا	badā
بداء	badā’
بداٴة	badā’at
بداح	badāḥ
بدار	badār
بدار	bidār
بداز	badāz
بداق	bidāq
بداک	badāk
بدال	baddāl
بدان	badān
بدانک	badānk
بداو	bado
بداهة	badāhat
بدائع	badā’i‘
بدبدک	budbudak
بدت	baddat
بدتر	badtar
بدتربن	badtarīn
بدجلو	bad-jalav
بدح	badḥ
بدحالی	bad-ḥālī
بدخشانی	badaḵẖshānī
بدخشی	badaḵẖshī
بدخصال	bad-ḵẖiṣāl
بداخواه	bad-ḵẖẉāh
بدر	badr
بدر	ba-dar
بدران	badrān
بدراه	bad-rāh
بدراٴی	bad-ra’y
بدرج	badruj
بدرج	ba-darj
بدرجه	ba-darja
بدررو	badar-rav
بدرزق	bad-rizq
بدرزه	badarza
بدرستی	ba-durustī
بدرشب	badr-shab
بدرقه	badraqa
بدرگ	bad-rag
بدرگی	bad-ragī
بدرنگ	bad-rang
بدرو	bad-rav
بدرود	bidrūd
بدروش	badrūsh
بدروغ	ba-durog̱ẖ
بدرة	badra
بدری	badrī
بدزدیدة	ba-duzdīda
بدس	badas
بدستور	ba-dastūr
بدع	bid‘
بدعة	bid‘at
بدعتی	bid‘atī
بدفوز	badfūz
بدق	badaq
بدقت	ba-diqqat
بدقدم	bad-qadam
بدک	budak
بدکیش	bad-kesh
بدگزین	bad-guzīn
بدل	ba-dil
بدل	badal
بدلاء	budalā’
بدله	bidla
بدلیس	bidlīs
بدلیون	badliyūn
بدم	ba-dam
بدماندس	badmāndas
بدمذهب	bad-maẕhab
بدمرد	badmard
بدمزاج	bad-mizāj
بدمزاجی	bad-mizājī
بدن	badan
بدن	budan
بدنک	budank
بدنی	badanī
بدو	bado
بدو	badū
بدوار	badwār
بدواز	badwāz
بدور	budūr
بدوس	badūs
بدوی	badawīy
بده	badh
بده	bada
بدهاد	bi-dihād
بدی	badī
بدیج	badīj
بدیخ	badīḵẖ
بدیسه	badīsa
بدیشان	badeshān
بدیع	badī‘
بدیل	badīl
بدین	badīn
بدیه	badya
بذ	baẕẕ
بذاء	baẕā’
بذاته	bi-ẕāti-hi
بذبار	baẕbār
بذح	baẕḥ
بذخ	baẕaḵẖ
بذر	baẕr
بذرام	baẕrām
بذریعه	ba-ẕarī‘a
بذرفتن	biẕruftan
بذرقة	baẕraqat
بذره	baẕra
بذست	biẕist
بذع	baẕa‘
بذل	baẕl
بذله	baẕla
بذم	buẕm
بذه	baẕh
بذی	baẕī
بذیون	baẕyūn
بر	bar
بر	barr
برا	barā
براء	bara’
برابر	bar-ā-bar
برابر	barābir
برابران	barābarān
برابری	bar-ā-barī
برابط	barābit̤
براءة	barā’at
برات	barāt
براتی	barātī
براجم	barājim
براجیل	barājīl
براح	barāḥ
براحت	ba-rāḥat
براداندر	birādandar
برادر	birādar
برادرانه	birādarāna
برادرپرور	birādar-parwar
برادرنده	birādaranda
برادری	birādarī
براذر	birāẕar
برآر	bar-ār
برار	barār
برارم	birāram
برآرنده	bar-āranda
برآریدن	bar-ārīdan
براریر	barārīr
براز	barāz
براز	birāz
برازبان	birāzbān
برازد	barāzad
برازده	barāzda
برازر	birāzar
برازش	barāzish
برازندگی	barāzandagī
برازنده	barāzanda
برازوان	birāzwān
برازین	barāzīdan
برازیل	barāzīl
براستا	barāstā
برآسودن	bar-āsūdan
براش	barāsh
برآشفته	bar-āshufta
برآشفتگی	bar-āshuftagī
براشیدن	barāshīdan
براعة	barā‘at
براغ	barrāg̱ẖ
براغالیدن	bar-āg̱ẖālīdan
برافتاده	bar-uftāda
براق	burāq
براقش	barāqish
براقی	barrāqī
براکوه	barākūh
براگنده	barāganda
براماهیدن	bar-āmāhīdan
برآمد	bar-āmad
برآمدگی	bar-āmadagī
برآمده	bar-āmada
برامکة	barāmikat
برآمود	bar-āmūd
برآمهیدن	bar-āmahīdan
بران	burrān
برانداختن	bar-andāḵẖtan
برانداز	bar-andāz
برانداف	burāndāf
براندن	burāndan
برانگار	barāngār
برانه	barāna
برانی	barānī
برانیدن	burānīdan
براو	barāv
برآویخستن	bar-āweḵẖtan
براه	ba-rāh
براهام	barāhām
براهم	barāhim
براهمة	barāhimat
براهمن	barāhman
برآهنجیدن	bar-āhanjīdan
برآهیختن	bar-āheḵẖtan
براهین	barāhīdan
براهین	barāhīn
برایا	barāya’
برایه	barāya
بربار	barbār
برباره	barbāra
برباشک	barbāshk
بربال	birbāl
بربد	barbad
بربرستان	barbaristān
بربری	barbarī
بربریس	barbarīs
بربستن	bar-bastan
بربون	barbūn
بربهین	barbahīn
برپز	bar-paz
برپوز	barpoz
برپون	barpūn
برپهن	barpahan
برتاس	bartās
برتاشک	bartāshak
برتر	bartar
برتراسک	bartarāsak
برترمنش	bartar-manish
برترین	bartarīn
برتک	bartak
برتل	bartal
برتله	bartula
برتمیدن	bartamīdan
برتن	bartan
برتنگ	bartang
برتنی	bartanī
برته	barta
برتهیدن	bartahīdan
برتیبا	bartībā
برث	bars̤
برثن	burs̤un
برج	barj
برج	burj
برجاسب	burjāsb
برجاف	burjāf
برجان	burjān
برجی	burjī
برجیس	birjīs
برچاف	burchāf
برچخ	barchaḵẖ
برچدن	bar-chidan
برچم	barjam
برچند	birchand
برچه	barcha
برچی	barchī
برح	barḥ
برحاء	buraḥā’
برخ	barḵẖ
برخاج	barḵẖāj
برخاستن	bar-ḵẖāstan
برخاسته	bar-ḵẖāsta
برخاش	birḵẖāsh
برخان	barḵẖān
برخش	baraḵẖsh
برخفچ	barḵẖafch
برخفچی	barḵẖafchī
برخفنچ	barḵẖafanch
برخنجو	barḵẖanjū
برخوز	barḵẖūz
برخوهل	bar-ḵẖẉahl
برخه	barḵẖa
برخی	barḵẖī
برخیا	barḵẖiyā
برخیدن	barḵẖīdan
برخیز	barḵẖez
برخیرا	barḵẖezā
برخیزانیدن	barḵẖezānīdan
برخیزش	barḵẖezish
برخین	barḵẖīn
برد	bard
بردا	bardā
بردابرد	bard-ā-bard
بردادن	bar-dādan
برداریدن	bar-dārīdan
برداشت	bardāsht
برداغ	bardāg̱ẖ
بردال	bardāl
بردان	bardān
بردانه	bardāna
بردة	burdat
بردج	bardaj
بردجرد	burudjird
بردع	barda‘
بردک	bardak
بردگان	bardagān
بردگی	bardagī
بردمیدن	bar-damīdan
بردن	birdan
بردن	burdan
بردنگ	bardang
بردنی	burdanī
بردو	bardū
بردوان	bardwān
بردوست	bar-dost
بردون	birdūn
برده	barda
بردی	bardī
بردین	bardīdan
بردیف	ba-radīf
بردیق	bardīq
بردین	bardīn
برذون	birẕaun
برذین	barẕīn
بررة	bararat
برز	barz
برزج	burzaj
برزخ	barzaḵẖ
برزغه	barazg̱ẖa
برزقی	barzaqī
برزک	barzak
برزگر	barzgar
برزگری	barzgarī
برزم	barzam
برزن	barzan
برزندن	barzandan
برزون	barzūn
برزویلا	burzūyalā
برزه	barza
برزگاو	barza-gāv
برزی	barzī
برزیدن	barzīdan
برزیق	barzīq
برزیگرر	barzīgar
برزیگری	barzīgarī
برزین	barzīn
برزیه	barziya
برژ	barzh
برس	bars
برسات	barsāt
برسانیدن	bursānīdan
برسد	bi-rasad
برسم	ba-rasm
برسم	barsam
برسن	birsun
برسنگ	barsang
برسی	barsī
برسیان	barsiyān
برسیانا	barsiyānā
برسیدن	burasīdan
برسین	barsīn
برسینا	barsīnā
برش	barsh
برش	barash
برشاوش	barshāwash
برشت	birisht
برشتن	birishtan
برشته	birishta
برشجا	barshajā
برشخا	barshaḵẖā
برشک	barshak
برشکال	barshakāl
برشن	barshan
برشنان	barshunān
برشوم	barshūm
برشهی	barshahī
برص	baraṣ
برصیصا	barṣīṣā
برض	barẓ
برطاس	bart̤ās
برطانیقی	bart̤ānīqī
برطایل	bart̤āyil
برطیسقون	bart̤īsqūn
برغآب	barg̱ẖ-āb
برغالیدن	barg̱ẖālīdan
برغبت	ba-rug̱ẖbat
برغست	barg̱ẖast
برغستوا	barg̱ẖast-wā
برغلانیدن	barg̱ẖalānīdan
برغمان	barg̱ẖamān
برغندان	barg̱ẖandān
برغو	burg̱ẖo
برغوث	barg̱ẖūs̤
برغوثی	barg̱ẖūs̤ī
برغول	barg̱ẖol
برغه	barg̱ẖa
برف	barf
برفان	barfān
برفخج	barfaḵẖi
برفدان	barfdān
برفر	barfar
برفرازنده	bar-farāzanda
برفره	barfara
برفناک	barfnāk
برفنج	barfanj
برفنجک	barfanjak
برفند	barfand
برفندار	barfandār
برفنده	barfanda
برفوز	barfoz
برفی	barfī
برفیر	barfīr
برق	barq
برقان	barqān
برقة	barqat
برقش	birqish
برقش	barqish
برقک	barqak
برقندان	barqandān
برقوق	barqūq
برقوه	barqūh
برقه	barqa
برقی	barqī
برک	barak
برکاپوز	barkāpoz
برکات	barakāt
برکة	barakat
برکردن	bar-kardan
برکم	barkam
برکنج	barkanj
برکند	barkand
برکنده	bar-kanda
برکوه	burkūh
برکوهان	barkūhān
برکه	birka
برکی	barakī
برکینج	barkīnaj
برکینه	barkīna
برگ	barg
برگان	bargān
برگدار	barg-dār
برگر	bargar
برگس	bargas
برگستان	bar-gustān
برگستوانور	bargustuwān-war
برگسه	bargasa
برگوک	bargūk
برگی	baragī
برلاص	barlās
برلنت	barlant
برم	barm
برم	baram
برماس	barmās
برماسیدن	barmāsīdan
برماورد	barm-āward
برماه	barmāh
برمایون	birmāyūn
برمة	burmat
برمچ	bar-mach
برمچیدن	bar-machīdan
برمخیده	bar-maḵẖīda
برمر	barmar
برمسیدن	bar-masīdan
برمک	barmak
برمکی	barmakī
برمکیه	barmakiya
برمگان	baramgān
برمو	barmū
برموته	barmūta
برموده	barmūda
برمور	barmūr
برموزه	birmoza
برمه	barma
برمیل	barmīl
برمیو	barmiyū
برن	barn
برنادل	barnā-dil
برناس	barnās
برناساء	barnāsā’
برناق	barnāq
برنامه	bar-nāma
برنان	birnān
برنانه	birnāna
برنایشتی	barnāyishtī
برنائی	barnā’ī
برنبور	baraṃbūr
برنج	baranj
برنجار	birinjār
برنجاسب	birinjāsb
برنجمشک	baranj-mushk
برنجن	baranjan
برنجین	baranjīn
برند	barand
برنداف	barandāf
برنداور	barand-āwar
برندک	barandak
برندکام	birandakām
برندن	burundan
برنده	baranda
برندیزی	birindīzī
برنز	birunz
برنس	barnas
برنس	burnus
برنغار	baranghār
برنک	barank
برنگ	barang
برنو	barnū
برنوس	barnos
برنون	barnūn
برنه	barna
برنی	barnī
برنیان	barniyān
برنیش	burnesh
برنیک	barnīk
برو	barv
بروات	barawāt
بروار	barwār
برواره	barwāra
برواز	barwāz
بروازه	barwāza
بروان	barwān
بروانه	barwāna
بروانیا	barwāniyā
بروت	burūt
بروج	barwaj
بروج	burūj
بروح	burūḥ
برود	barūd
برودة	burūdat
برودست	baro-dast
برور	barwar
بروز	barūz
بروز	burūz
بروسان	barūsān
بروشک	burūshak
بروض	burūẓ
بروع	burū‘
بروفه	barūfa
بروق	burūq
بروقه	barwaqa
بروک	barūk
بروک	burūk
برومند	baromand
برومندی	baromandī
برون	birūn
برونده	barwanda
برونوس	burūnos
برهان	barhān
برهان	burhān
برهانج	barhānaj
برهانراج	burhān-rāj
برهانی	burhānī
برهل	barhal
برهلیا	barhiliyā
برهمپتر	barahmaputar
برهنگی	barahnagī
برهنه	barahna
برهوت	barhūt
برهود	barhod
برهودن	barhodan
برهیختن	barheḵẖtan
برهیون	barhiyūn
بری	bary
برتاش	baryāsh
بریان	biryān
برئة	bari’at
بریج	barīj
بریجن	barījan
برید	barīd
بریدگان	burīdagān
بریدگی	burīdagī
بریدن	barīdan
بریده	barīda
بریره	barīra
بریزن	barezan
بریزه	bireza
بریسال	barīsāl
بریسمان	ba-rīsmān
بریش	birīsh
بریشم	barīshim
بریشوی	barīshawī
بریغ	bireg̱ẖ
بریم	barīm
برین	barīn
برینش	burīnish
برینقدر	bar-īn-qadar
برینه	birīna
بریون	baryūn
بز	baz
بز	bazz
بزاختن	buzāḵẖtan
بزادی	bazādī
بزاریدن	buzārīdan
بزاز	bazāz
بزاز	bazzāz
بزازستان	bazzāzistān
بزازی	bazzāzī
بزاق	buzāq
بزان	bazān
بزافه	bazāna
بزایانیدن	ba-zāyānīdan
بزباز	bazbāz
بزبچه	buz-bacha
بزبها	buz-bahā
بزپونتن	bazpūnitan
بزجامه	baz-jāma
بزخید	buz-ḵẖīd
بزداییدن	bizdāyīdan
بزدة	bazdat
بزدل	buz-dil
بزر	bazr
بزرا	bazrā
بزرج	buzurj
بزرجمهر	buzurj-mihr
بزرقطونا	bazr-qat̤ūnā
بزرقی	bazarqī
بزرک	bazrak
بزرکار	bazr-kār
بزرگ	bazarg
بزرگان	buzurgān
بزرگانه	buzurgāna
بزرگتر	buzurgtar
بزرگر	bazrgar
بزرگزاده	buzurg-zāda
بزرگسال	buzurg-sāl
بزرگوار	buzurgwār
بزرگواری	buzurgwārī
بزرگی	buzurgī
بزرور	bazrwar
بزز	bazaz
بزستان	bazistān
بزسک	buzisk
بزشک	bizishk
بزشکی	bizishkī
بزشم	buzashm
بزغ	bazg̱ẖ
بزغاله	buz-g̱ẖāla
بزغالغی	buzg̱ẖālag̱ẖī
بزغش	buzg̱ẖush
بزغم	bazg̱ẖam
بزغنج	buzg̱ẖunj
بزغه	bazg̱ẖa
بزفل	bazfal
بزفند	bazfand
بزق	bazq
بزق	bazaq
بزک	bazak
بزگوش	buzgosh
بزگله	buz-gala
بزل	bazl
بزله	bazla
بزم	bazm
بزماورد	bazm-āward
بزمایون	bazmāyūn
بزمگاه	bazm-gāh
بزمونه	bazmūna
بزمه	bazma
بزن	bazn
بزندار	bazindār
بزنطیه	bizant̤īh
بزنگ	bazang
بزو	bazw
بزودی	ba-zūdī
بزور	buzūr
بزوری	buzūrī
بزوش	buz-wash
بزوشم	buz-washm
بزوشه	buzausha
بزوغ	buzūg̱ẖ
بزونه	bazūna
بزه	baza
بزهش	buzhish
بزیچه	buzīcha
بزیدن	bazīdan
بزیده	bazīda
بزیر	ba-zīr
بزیشه	bazesha
بزیع	bazī‘
بزین	bazīn
بژ	bazh
بژج	bazhuj
بژرفی	ba-zharfī
بژرنی	bazharnī
بژغرده	bazhg̱ẖurda
بژکم	bazhkam
بژم	bazhm
بژمژه	buzhmazha
بژن	bazhan
بژند	bazhand
بژندی	bazhandī
بژنگ	bazhang
بژوال	bazhwāl
بژوج	bazhūj
بژول	buzhūl
بژهان	buzhhān
بژیر	bazhīr
بس	bas
بس	bass
بسابس	basābis
بساتین	basātīn
بساتینی	basātīnī
بساج	basāj
بسادست	basādast
بسارده	basārda
بساروب	basārob
بساز	bisāz
بساص	basās
بساط	basāt̤
بساطة	basāt̤at
بساطی	bisāt̤ī
بساک	basāk
بسالة	basālat
بسام	bassām
بسامان	ba-sāmān
بسان	ba-sān
بسانج	basānij
بسانی	basānī
بسانیدن	basānīdan
بساوند	basāwand
بسباس	basbās
بسباسة	basbāsat
بسبب	ba-sabab
بسبس	basbas
بسبک	ba-sabk
بسپایه	bas-pāya
بست	bast
بستا	bastā
بستاخ	bustāḵẖ
بستار	bistār
بستام	bistām
بستان	bi-satān
بستانی	bustānī
بستاوند	bustāwand
بستر	bistar
بستردن	bistardan
بسترک	bistarak
بسترم	busturm
بستری	bistarī
بستق	bastaq
بستقان	bustaqān
بستک	bastak
بستگی	bastagī
بستم	bistum
بستن	bastan
بستنگاه	bastan-gāh
بستنی	bastanī
بستو	bastū
بستوقه	bastūqa
بستوه	bistūh
بسته	basta
بستی	bustī
بستیان	bastiyān
بستیباج	bastībāj
بستیغ	bastīg̱ẖ
بسجین	basjīn
بسخندن	basḵẖandan
بسد	busd
بسدک	basadk
بسذ	bussaẕ
بسر	ba-sar
بسر	basr
بسرازیری	ba-sarāzīrī
بسراق	busrāq
بسریا	bisriyā
بسط	bast̤
بسطامی	bast̤āmī
بسعی	ba-sa‘ī
بسغ	basag̱ẖ
بسفاتج	basfātaj
بسقپوس	bisqupos
بسک	bask
بسکله	baskala
بسکلیدن	biskilīdan
بسگوی	bas-goy
بسل	basl
بسل	basal
بسلانیدن	bisilānīdan
بسله	basla
بسم	basm
بسمل	bismil
بسملة	basmalat
بسملگاه	bismil-gāh
بسملی	bismilī
بسمه	basma
بسن	ba-sinn
بسناس	basnās
بسنج	bisanj
بسنجیدن	basanjīdan
بسنخدن	basanaḵẖdan
بسند	basand
بسنده	basanda
بسنک	busunk
بسنگ	bisang
بسنه	basna
بسور	busūr
بسوریدن	busūrīdan
بسوس	basūs
بسوق	busūq
بسول	busūl
بسولیدن	busulīdan
بسوه	biswa
بسوی	ba-suwī
بسه	basa
بسهولت	ba-suhūlat
بسی	basī
بسیا	basyā
بسیار	bisyār
بسیاران	bisyārān
بسیاری	bisyārī
بسیجنده	basejanda
بسیجیدن	basejīdan
بسیجیده	basejīda
بسیچ	basech
بسیط	basīt̤
بسیل	basīl
بسیله	basīla
بسیم	basīm
بش	bash
بش	bashsh
بشاسب	bushāsb
بشاش	bashshāsh
بشاشة	bashāshat
بشاعة	bashā‘at
بشام	bashām
بشاورد	bushāward
بشبق	bashbaq
بشپول	bishpol
بشت	busht
بشتاب	bi-shtāb
بشتالم	bishtālam
بشتر	bashtar
بشتره	bashtara
بشتری	bushtarī
بشجیر	bushjīr
بشخشم	bishaḵẖsham
بشخمه	ba-shaḵẖṣi-hi
بشخودن	bishḵẖūdan
بشخوده	bishḵẖūda
بشخور	bushḵẖor
بشخیدن	bashḵẖīdan
بشدت	ba-shiddat
بشر	bashr
بشر	ba-sharr
بشرة	basharat
بشرط	ba-shart̤
بشرونتن	bashrūnitan
بشریٰ	bushrá
بشری	basharīy
بشریة	basharīyat
بشستن	bishistan
بشع	basha‘
بشغره	bashg̱ẖara
بشقاب	bushqāb
بشک	bashk
بشکاری	bashkārī
بشکرش	ba-shakar-ash
بشکستن	bishkastan
بشکفه	bishkufa
بشکل	bishkal
بشکلید	bishkalīd
بشکلیدن	bishkalīdan
بشکنج	bashkanj
بشکنه	bishkina
بشکوفه	bishkūfah
بشکون	bashkūn
بشکونه	bishkūna
بشکوه	bishkoh
بشگر	bishgar
بشگرد	bishgard
بشگیر	bashgīr
بشل	bashal
بشلشکه	bishilshaka
بشلنگ	bishlang
بشلیدن	bashlīdan
بشم	bashm
بشم	basham
بشما	ba-shumā
بشماط	bishmāt̤
بشماق	bashmāq
بشمخ	bashmaḵẖ
بشمقدار	bashmaq-dār
بشمول	ba-shumūl
بشمه	bashma
بشن	bashn
بشنج	bashanj
بشنجه	bishanja
بشنژه	bushnazha
بشنگ	bishing
بشنیز	bashnīz
بشنین	bushnīn
بشوتن	bashūtan
بشودن	bushūdan
بشورنتن	bashūrintan
بشوریدن	bishorīdan
بشوش	bishūsh
بشوللانیدن	busholānīdan
بشولش	bisholish
بشولیده	bisholīda
بشولیون	bishūliyūn
بشیج	bashīj
بشیر	bashīr
بشیز	bishez
بشیک	bashek
بشیمة	bashīma
بشین	bishīn
بشیون	bashyūn
بصاق	buṣāq
بصائر	baṣā’ir
بصر	baṣar
بصراء	buṣarā
بصریٰ	buṣrá
بصری	baṣrī
بصع	baṣ‘
بصل	baṣal
بصلیة	baṣalīyat
بصم	buṣm
بصورت	ba-ṣūrat
بصیر	baṣīr
بصیرة	baṣīrat
بصیص	baṣīṣ
بصیغا	ba-ṣīg̱ẖā
بض	baẓẓ
بضاعة	biẓā‘at
بضع	baẓ‘
بضیع	baẓī‘
بط	bat̤t̤
بطارس	bat̤āris
بطاقة	bit̤āqat
بطال	bat̤t̤āl
بطالة	bat̤t̤ālat
بطان	bit̤ān
بطباط	bat̤bāt̤
بطح	bat̤ḥ
بطحاء	bat̤ḥā’
بطر	bat̤r
بطرا	bat̤rā
بطراخو	bat̤rāḵẖū
بطراخیون	bat̤rāḵẖiyūn
بطراسالیون	bat̤rāsāliyūn
بطرالاون	bat̤rālāwan
بطرح	bat̤raḥ
بطرز	ba-t̤arz
بطرف	ba-t̤araf
بطری	but̤rī
بطریق	bi-t̤arīq
بطریق	bit̤rīq
بطش	bat̤sh
بطک	bat̤ak
بطل	bat̤l
بطلاق	bat̤lāq
بطلان	but̤lān
بطلیوس	bat̤layūs
بطن	bat̤n
بطنة	bit̤nat
بطنی	bat̤anī
بطور	ba-t̤aur
بطون	bat̤ūn
بطیٴ	bat̤i’
بطیخ	bit̤t̤īḵẖ
بطیخی	bit̤t̤īḵẖī
بطیط	bat̤īt̤
بطین	bat̤īn
بظاهر	ba-z̤āhir
بظر	baz̤r
بظور	buz̤ūr
بعاث	bu‘ās̤
بعاد	bi‘ad
بعال	bi‘āl
بعث	ba‘s̤
بعثة	bi‘s̤at
بعثرة	ba‘s̤arat
بعج	ba‘j
بعد	ba‘d
بعده	ba‘dahu
بعر	ba‘r
بعرة	ba‘arat
بعزت	ba-‘izzat
بعض	ba‘ẓ
بعل	ba‘l
بعلبک	ba‘labak
بعلة	ba‘lat
بعلزبوب	ba‘alzabūb
بعمداً	ba-‘amdan
بعمل	ba-‘amal
بعوض	ba-‘iwaẓ
بعوض	ba‘ūẓ
بعول	bu‘ūl
بعولة	bu‘ūlat
بعید	ba‘īd
بعینه	bi-‘ainihi
بغ	bag̱ẖ
بغا	baghā
بغاء	big̱ẖā
بغار	bag̱ẖār
بغال	big̱ẖāl
بغامه	bag̱ẖāma
بغان	bag̱ẖān
بغانوش	bag̱ẖānūsh
بغاره	bag̱ẖāwat
بغپور	bag̱ẖ-pūr
بغتاف	bag̱ẖtāf
بغتاق	bag̱ẖtāq
بغثرانیدن	bug̱ẖs̤arānīdan
بغثری	bug̱ẖs̤arī
بغثریدن	bug̱ẖs̤arīdan
بغثور	bag̱ẖs̤ūr
بغچه	bug̱ẖcha
بغداد	bag̱ẖdād
بغدا	bug̱ẖdā
بغر	bag̱ẖar
بغرا	bag̱ẖrā
بغراس	bag̱ẖrās
بغراو	bug̱ẖrāv
بغرتاش	bug̱ẖartāsh
بغز	bag̱ẖz
بغشور	bag̱ẖshūr
بغض	bag̱ẖẓ
بغطاق	bag̱ẖt̤āq
بغل	bag̱ẖal
بغل	bag̱ẖl
بغلان	bag̱ẖlān
بغلتاق	bag̱ẖltāq
بغلطاق	bag̱ẖlt̤āq
بغلک	bag̱ẖalak
بغلنقار	bag̱ẖlanqār
بغلی	bag̱ẖlī
بغماز	bug̱ẖmāz
بغنج	būg̱ẖunj
بغند	bag̱ẖand
بغور	bug̱ẖūr
بغیار	bag̱ẖyār
بغیازی	bag̱ẖyāzī
بف	baf
بفا	bafā
بفار	bafār
بفاعله	ba-fāṣila
بفتره	baftara
بفتری	baftarī
بفج	bafj
بفجم	bafjam
بفردا	ba-fardā
بفرما	bi-farmā
بفرود	ba-firod
بفش	bafsh
بفکین	bafkīn
بفنج	bafnaj
بفور	ba-faur
بق	baqq
بقاء	baqā’
بقار	baqqār
بقاع	biqā‘
بقاعده	ba-qā‘ida
بقال	baqqāl
بقای	baqā’ī
بقایا	baqāyā
بقچه	buqcha
بقدر	ba-qadr
بقر	baqr
بقراط	buqrāt̤
بقسمات	buqsumāt
بقسمیه	ba-qasmīya
بقع	baq‘
بقفا	ba-qafā
بقل	baql
بقلنقار	baqlanqār
بقول	ba-qaul
بقیتی	baqīyatī
بقید	ba-qaid
بقیع	baqī‘
بک	bak
بک	bakk
بکاٴ	bak’
بکاٴ	bukā’
بکار	ba-kār
بکارة	bakārat
بکاس	bakās
بکالة	bakālat
بکاولی	bakāwalī
بکاین	bakāyin
بکبر	bakbar
بکبکه	bakbaka
بکة	bakkat
بکتانوش	baktānosh
بکتر	baktar
بکتوسان	baktūsān
بکتوش	baktūsh
بکثرت	ba-kas̤rat
بکجا	ba-kujā
بکخا	bikḵẖā
بکدامین	ba-kudāmīn
بکر	bakr
بکران	bukrān
بکرائی	bakrā’ī
بکرة	bakrat
بکردار	ba-kirdār
بکرس	bakras
بکروی	bakrawī
بکره	bukra
بکسر	baksir
بکسستن	buksistan
بکسلک	baksalak
بکسمات	baksamāt
بکسه	buksa
بکشتن	bu-kushtan
بکشه	baksha
بکف	ba-kaff
بکل	bakl
بکم	bukm
بکم	bakam
بکن	bi-kan
بکور	bukūr
بکوک	bakūk
بکونک	bakūnak
بکه	ba-ki
بکهان	bakhān
بکهوجتان	bakhūjtān
بکیاسا	bikyāsā
بکیت	bakīt
بگاه	ba-gāh
بگتر	bagtar
بگتری	bagtarī
بگده	bugda
بگذار	bu-guẕār
بگذاشتن	bu-guẕāshtan
بگردانیدن	ba-gardānīdan
بگردیدن	ba-gardīdan
بگزاده	beg-zāda
بگسل	bi-gsil
بگشان	bagshān
بگشتن	bu-gashtan
بگم	bagam
بگمار	bi-gmār
بگماز	bagmāz
بگند	bagand
بگنگ	bagang
بگنی	bugnī
بگه	ba-gah
بگهتر	bagah-tar
بگیر	bugīr
بل	bal
بل	ball
بلاء	balā’
بلابل	balābil
بلابه	bilāba
بلاتگین	balātigīn
بلاج	balāj
بلاجور	balājūr
بلاد	balād
بلاد	bilād
بلادة	balādat
بلادر	balādar
بلادری	balādurī
بلادور	balādūr
بلار	balār
بلار	ballār
بلارج	balāraj
بلارک	balārak
بلاری	ballārī
بلازده	balā-zada
بلاژ	bilāzh
بلاس	balās
بلاساغون	balāsāg̱ẖūn
بلاسیدن	balāsīdan
بلاسیوس	balāsiyūs
بلاش	balāsh
بلاشجرد	balāṣhjird
بلاط	balāt̤
بلاع	ballā‘
بلاغ	balāg̱ẖ
بلاغة	balāg̱ẖat
بلاغور	balāg̱ẖūr
بلاق	balāq
بلاقع	balāqi‘
بلال	balāl
بلالک	balālak
بلالیر	balālīr
بلانه	balāna
بلاهة	balāhat
بلبال	balbāl
بلبانی	balabānī
بلبکه	balbaka
بلبل	balbal
بلبلانی	balbalānī
بلبلة	balbalat
بلبلستان	bulbulistān
بلبله	balbala
بلبلی	bulbulī
بلبن	balban
بلبوس	balbūs
بلة	ballat
بلتیس	biltīs
بلج	balaj
بلجم	baljam
بلجیک	baljīk
بلح	balaḥ
بلحاظ	ba-liḥāz̤
بلخ	balḵẖ
بلخم	balḵẖam
بلد	balad
بلدان	buldān
بلدح	baldaḥ
بلده	balda
بلدیت	baladīyat
بلس	balas
بلست	bilist
بلسک	balask
بلشک	bulushk
بلطان	balt̤ān
بلع	bala‘
بلعم	bal‘am
بلعنبر	bel‘aṃbar
بلعیدن	bal‘īdan
بلعوم	bul’ūm
بلغاء	bulag̱ẖā’
بلغار	bulg̱ẖār
بلغاری	bulg̱ẖārī
بلغاق	bulg̱ẖāq
بلغاک	bulg̱ẖāk
بلغان	bulg̱ẖān
بلغة	bulg̱ẖat
بلغد	bulg̱ẖud
بلغده	balg̱ẖada
بلغر	bulg̱ẖar
بلغر	bulg̱ẖur
بلغراد	balg̱ẖirād
بلغشنه	bulg̱ẖushna
بلغم	balg̱ẖam
بلغمی	balg̱ẖamī
بلغند	bulg̱ẖund
بلغندر	balg̱ẖandar
بلغور	bulg̱ẖūr
بلغونه	balg̱ẖūna
بلفختن	balfaḵẖtan
بلفرخج	balfaraḵẖj
بلق	balq
بلقاق	bulqāq
بلقدر	bulqadar
بلقع	balqa‘
بلقندر	balqandar
بلقیس	bilqīs
بلک	bilk
بلکامه	bulkāma
بلکفد	bulkafd
بلکفده	bulkafda
بلکک	bilkak
بلکن	balkan
بلکه	bal-ki
بلگل	bulgul
بلل	balal
بلما	balmā
بلملیدن	balmalīdan
بلمون	balmūn
بلمه	balma
بلنجا	bulanjā
بلنجاسپ	bilinjāsp
بلجمشک	balanjmushk
بلندترین	balandtarīn
بلندر	balandar
بلندرین	balandarīn
بلندی	balandī
بلندیدن	balandīdan
بلندین	balandīn
بلنگمشت	balangmusht
بلنگیدن	bulangīdan
بلنیاس	bilniyās
بلو	balw
بلوا	balwā
بلواژه	balwāzha
بلوایه	balwāya
بلوتک	bulūtak
بلوج	bulūj
بلوچ	bulūch
بلود	bulūd
بلوده	bulūda
بلوز	balūz
بلوس	balūs
بلوس	bulūs
بلوسطیون	balūst̤iyūn
بلوط	ballūt̤
بلوع	balū‘
بلوغ	bulūg̱ẖ
بلوغیة	bulūg̱ẖīyat
بلوکات	bulūkāt
بلون	balūn
بلوندک	balwandak
بلونک	balūnak
بلویٰ	balwá
بله	bulh
بلهافه	bulhāna
بلهوس	bulhos
بلی	bale
بلیات	balīyāt
بلیاد	balyād
بلیاش	balyāsh
بلیان	balyān
بلیة	balīyat
بلیج	bilīj
بلیخ	balīḵẖ
بلید	balīd
بلیغ	balīg̱ẖ
بلیغانه	balīg̱ẖāna
بلیل	balīl
بلیلا	balīlā
بلیلانه	balelāna
بلیله	balīla
بلیناس	balīnās
بم	bam
بم	bamm
بما	ba-mā
بماده	ba-mādda
بمان	bi-mān
بمانده	ba-mānda
بماوا	ba-māwā
بمثل	ba-mis̤l
بمجرد	ba-mujarrad
بمدد	ba-madad
بمحاذیٰ	ba-muḥāẕá
بمحض	ba-maḥẓ
بمرتبه	ba-martaba
بمرور	ba-marūr
بمقتضا	bi-muqtaẓā
بمنک	bimank
بمنکیدن	bamankīdan
بمواجهه	ba-muwājaha
بموجب	ba-mūjib
بمهر	ba-muhr
بن	ban
بن	bin
بناء	binā’
بنابه	banāba
بنات	banāt
بنادر	banādir
بنادرة	banādirat
بنادق	banādiq
بنادیق	banādīq
بنارس	banāris
بناست	bināst
بناسیب	banāsīb
بناصر	banāṣir
بناغ	banāg̱ẖ
بناکر	binākar
بنام	ba-nām
بنامیزد	ba-nāmīzad
بنان	banān
بنانة	banānat
بنانج	banānj
بناوند	bināwand
بنبا	baṃ-bā
بنبر	baṃbar
بنبل	baṃbal
بنبو	baṃbū
بنت	bint
بنتومه	bantūma
بنج	banj
بنجارة	banjāra
بنجره	banjara
بنجشک	binjishk
بنجک	bunjak
بنجنجست	banjanjust
بنجیدن	banjīdan
بنچه	bunicha
بند	band
بنداد	bundād
بندار	bun-dār
بنداری	bandārī
بندافلون	bandāfilūn
بنداق	bandāq
بندخت	bunduḵẖt
بندد	bundad
بندر	bandar
بندرگاه	bandar-gāh
بندروز	bandarūz
بندروغ	bandrūg̱ẖ
بندش	bandash
بندق	bunduq
بندقچی	bunduqchī
بندقه	bunduqa
بندقی	bunduqī
بندقیه	bunduqīya
بندک	bandak
بندگان	bandagān
بندگی	bandagī
بندمه	bandima
بندن	bandan
بندنه	bandina
بندنی	bandanī
بندو	bandū
بندوا	bandawā
بندوانه	bandawāna
بندور	bandūr
بندوز	bandūz
بندوق	bundūq
بندوقچی	bundūqchī
بنده	banda
بندی	bandī
بندیان	bandiyān
بندیخانه	bandī-ḵẖāna
بندیدن	bandīdan
بندیشه	bandīsha
بندیمه	bandīma
بندیوان	bandī-wān
بنران	bun-rān
بنساله	bun-sāla
بنسبت	ba-nisbat
بنشاختن	binshāḵẖtan
بنشاستن	binshāstan
بنشاندن	binshāndan
بنشین	bi-nishīn
بنصر	binṣir
بنطاسیا	bint̤āsiyā
بنظام	ba-niz̤ām
بنغار	bung̱ẖār
بنفسج	banafsaj
بنفسه	bi-nafsi-hi
بنقد	ba-naqd
بنقه	banqa
بنک	banak
بنک	bunk
بنکران	bunkarān
بنکلک	bunkulak
بنکن	ban-kan
بنکو	bankū
بنکول	bankūl
بنگ	bang
بنگاب	bang-āb
بنگاله	bangāla
بنگالی	bangālī
بنگان	bingān
بنگاه	bangāh
بنگر	bangar
بنگره	bangara
بنگش	bangish
بنگشتن	bungushtan
بنگل	bun-gul
بنگلور	bangalor
بنگله	bangala
بنگو	bangū
بنگه	bunga
بنگی	bangī
بنلاد	bunlād
بنمین	banmīn
بنند	banand
بنو	banū
بنواز	bi-nwāz
بنوبت	ba-naubat
بنوة	bunūwat
بنوردن	banwardan
بنوره	banaura
بنوسیاه	bunū-siyāh
بنوعی	ba-naw‘e
بنوک	banok
بنومید	ba-nūmīd
بنوند	binawand
بنه	bana
بنی	banī
بنیا	banyā
بنیاد	bunyād
بنیادگر	bunyādgar
بنیامین	binyāmīn
بنیان	bunyān
بنیة	banīyat
بنیچ	banīch
بنیچه	bunīcha
بنیقه	banīqa
بنیک	banīk
بو	būdan
بو	bū
بوا	buwā
بواء	bawā’
بواب	bawwāb
بوار	bawār
بوارد	bawārid
بوارغ	bawārig̱ẖ
بوارق	bawāriq
بواس	bawās
بواسطه	ba-wāsit̤a
بواسق	bawāsiq
بواسیر	bawāsīr
بواشق	bawāshiq
بواشه	bawāsha
بواشیر	bawāshīr
بواطن	bawāt̤in
بواعث	bawā‘is̤
بواقی	bawāqī
بوال	buwāl
بوال	bawwāl
بوان	bawān
بوائق	bawā’iq
بوب	būb
بوبا	bo-bā
بوباش	būbāsh
بوبش	būbash
بوبک	bobak
بوبو	būbū
بوبویه	būbūya
بوبه	būba
بوتا	botā
بوتات	būtāt
بوتاتی	būtātī
بوتراب	bū-turāb
بوته	bota
بوث	baus̤
بوج	bauj
بوجاسب	būjāsb
بوجپا	būjipā
بوجه	ba-wajh
بوجهی	ba-wajhe
بوچ	bauch
بوح	bauḥ
بوحا	būḥā
بوخ	bauḵẖ
بوخت	boḵẖt
بوخل	būḵẖal
بوخلاف	bū-ḵẖilāf
بود	būd
بودش	būdish
بودن	būdan
بودنگ	būdang
بودنه	būdana
بودنی	būdanī
بوده	būda
بودی	būdī
بوذونده	būzūnda
بور	baur
بور	bor
بورا	būrā
بوراب	būrāb
بوراق	būrāq
بوران	būrān
بورانی	būrānī
بورانیة	burānīyat
بورس	būrs
بورک	būrak
بورکند	būrkand
بورمند	būrmand
بورنده	borānda
بورنیه	būrniya
بورو	būrū
بوروره	būrūra
بوره	būra
بوری	būrī
بوریا	būriyā
بوریطش	būrīt̤ash
بوز	bauz
بوزا	bozā
بوزار	bozār
بوزاگر	bozāgar
بوزاگری	bozāgarī
بوزچی	bozachī
بوزک	bauzak
بوزکند	būzkand
بوزمند	būzmand
بوزنه	būzina
بوزه	boza
بوزی	būzī
بوزیدان	būzīdān
بوزینه	būzīna
بوژ	bauzh
بوژنه	būzhuna
بوس	baus
بوس	bos
بوساطت	ba-wasāt̤at
بوسانه	bosāna
بوسانیدن	bosānīdan
بوستان	bostān
بوسحاق	būsḥāq
بوسک	bosak
بوسگاه	bosagāh
بوسنج	būsanj
بوسنه	būsna
بوسه	bosa
بوسی	bose
بوسیدگی	bosīdagī
بوسیدن	bosīdan
بوسیده	bosīda
بوسیر	bausīr
بوسیر	būsīr
بوسیله	ba-wasīla
بوسین	būsīn
بوش	baush
بوشا	būshā
بوشاد	boshād
بوشاسب	boshāsb
بوشپان	būshpās
بوشقاب	būshqāb
بوشنج	boshanj
بوشنک	būshank
بوشیدن	būshīdan
بوص	bauṣ
بوصی	būṣī
بوصیر	būṣīr
بوطه	būt̤a
بوع	bau‘
بوغبند	bog̱ẖ-band
بوغجه	bog̱ẖja
بوغرا	būg̱ẖrā
بوغاصن	būg̱ẖulṣun
بوغما	bog̱ẖmā
بوغنج	būg̱ẖanj
بوغند	būg̱ẖand
بوف	būf
بوفه	būfa
بوق	būq
بوق	boq
بوقات	būqāt
بوقان	būqān
بوقت	ba-waqt
بوقچه	boqcha
بوقیصا	būqīsā
بوک	bauk
بوک	būk
بوکلک	būkalak
بوگان	būgān
بوگند	būgand
بول	baul
بولجار	būliār
بولچ	būlach
بولحکیم	būl-ḥakīm
بولخجدر	būl-ḵẖajdar
بولدان	bauldān
بولس	būlas
بولس	bolus
بولغاق	būl-g̱ẖāq
بولغان	būlg̱ẖān
بولکنجک	būl-kunjak
بولگاه	baul-gāh
بولنجک	būlanjak
بولوبودبون	būlūbūdabūn
بولوطریخون	būlūt̤arīḵẖūn
بوله	būla
بولهب	bū-lahab
بولینس	būlīnas
بوم	būm
بومادران	būmādarān
بوماره	būmāra
بومبر	būm-bar
بومکند	būm-kand
بومه	būma
بومهن	būmahan
بون	baun
بونافع	bū-nāfi‘
بوند	buwand
بوه	buwa
بوه	bauh
بوهمان	būhmān
بوهه	būha
بویا	boyā
بویاتر	boyātar
بویان	boyān
بویانک	boyānak
بویچه	boycha
بویحیا	bū-yaḥyā
بویدان	boydān
بویژه	ba-wezha
بویش	boyish
بویناکان	boy-nākān
بوینگ	boyang
بویه	boya
بویه	buwaih
بوئیدن	bo’īdan
به	ba
به	bah
بها	bahā
بها	bi-hā
بهاجة	bahājat
بهادر	bahādur
بهادران	bahādurān
بهادرانه	bahādurāna
بهادری	bahādurī
بهار	bahār
بهارآرا	bahār-ārā
بهاران	bahārān
بهارستان	bahāristān
بهاره	bahāra
بهاری	bahārī
بهاز	bihāz
بهاشتن	bahāshtan
بهاگیر	bahā-gīr
بهامین	bahāmīn
بهانستن	bahānistan
بهانه	bahāna
بهاور	bahāwar
بهائم	bahā’im
بهائمی	bahā’imī
بهائی	bahā’ī
بهبود	bih-būd
بهبودی	bih-būdī
بهت	baht
بهت	buht
بهت	bahat
بهتام	bahtām
بهتان	buhtān
بهتانگری	buhtān-goy
بهتر	bihtar
بهترک	bihtarak
بهترین	bihtarīn
بهج	bahaj
بهجة	bahjat
بهدانه	bih-dāna
بهدله	bahdala
بهدین	bih-dīn
بهر	ba-har
بهر	bahr
بهرا	bahrā
بهرام	bahrām
بهرامج	bahrāmaj
بهرامگور	bahrām-gor
بهرامن	bahrāman
بهرامه	bahrāma
بهرامی	bahrāmi
بهران	buhrān
بهرای	bih-rāy
بهرج	bahraj
بهرزام	bahrazām
بهرک	bahrak
بهرگی	bahragī
بهرم	bahram
بهرمان	bahramān
بهرمن	bahraman
بهرمند	bahramand
بهرمه	bahrama
بهروج	bihroj
بهروز	bihroz
بهرون	bihrūn
بهره	bahra
بهری	bahre
بهز	bahz
بهزاد	bih-zād
بهس	bahs
بهش	bahsh
بهشت	bihisht
بهشته	bahishta
بهشتی	bihishtī
بهشمیة	bahshamīyat
بهص	bahaṣ
بهط	bahat̤t̤
بهظ	bahz̤
بهق	bahaq
بهل	bihil
بهل	bahl
بهلول	buhlūl
بهم	ba-ham
بهم	buham
بهمار	bahmār
بهمان	bihmān
بهمة	bahmat
بهمتان	bahmatān
بهمزگ	bahmazag
بهمن	bahman
بهمنا	bahmanā
بهنجنه	bahmanjana
بهمنه	bahmana
بهمنیار	bahmanyār
بهمنین	bahmanīn
بهمه	buhma
بهنانه	bahnāna
بهنه	bahna
بهو	bahw
بهود	buhod
بهور	buhor
بهه	baha
بهی	bihī
بهیج	bahīj
بهید	bahed
بهیدن	bahīdan
بهیر	bahīr
بهیرا	baherā
بهیم	bahīm
بهیمی	bahīmī
بهین	bihīn
بهینه	bihīna
بیا	bayā
بیابانک	biyābānak
بیابانی	biyābānī
بیات	bayāt
بیاد	biyād
بئار	bi’ār
بیار	biyār
بیاراستن	biyārāstan
بیارام	bī-ārām
بیارش	bayārish
بیاره	bayāra
بیازش	buyāzish
بیاس	biyās
بیاستو	biyāstū
بیاض	bayāẓ
بیاضی	bayāẓī
بیاطرة	bayāt̤irat
بیاع	bayyā‘
بیاغارید	biyāg̱ẖārīd
بیاغاریدن	biyāg̱ẖārīdan
بیاغاشتن	biyāg̱ẖāshtan
بیاغالیدن	biyāg̱ẖālīdan
بیالبان	biyālbān
بیامتیاز	bī-imtiyāz
بیامدن	biyāmadan
بیامیختن	biyāmeḵẖtan
بیان	bayān
بیانان	bayānān
بیانک	biyānak
بیانه	bayāna
بیاوار	bayāwār
بیاوان	biyāwān
بیاور	bayāwar
بیاوردن	biyāwardan
بیاه	biyāh
بیت	bait
بیتا	bītā
بیتاب	bī-tāb
بیتال	bī-tāl
بیتان	bī-tān
بیتانه	bītāna
بیترتیب	bī-tartīb
بیتل	baital
بیتوبة	baitūtat
بیجا	bī-jā
بیجاپور	bījāpūr
بیجاد	bejād
بیجان	bī-jān
بیجانگر	bījānagar
بیجانی	bī-jānī
بیجرم	bī-jurm
بیجک	bījak
بیجگر	bī-jigar
بیجواب	bī-jawāb
بیجوهر	bī-jauhar
بیجهت	bī-jihat
بیچارگان	bī-chāragān
بیچارگی	bī-chāragī
بیچاره	bī-chāra
بیچال	bī-chāl
بیچالی	bī-chālī
بیچق	bī-chaq
بیچند	bīchand
بیچوبه	bī-chūba
بیچون	bī-chūn
بیچه	baicha
بیچیز	bī-chīz
بیچارژون	bīḥārzhūn
بیحاشیت	bī-ḥāshiyat
بیحال	bī-ḥāl
بیحجاب	bī-ḥijāb
بیحرف	bī-ḥarf
بیخ	beḵẖ
بیخاور	beḵẖ-āwar
بیختن	beḵẖtan
بیخستن	bīḵẖastan
بیخسته	bīḵẖasta
بیخشت	baiḵẖusht
بیخصم	bī-ḵẖaṣm
بیخطر	bī-ḵẖat̤ar
بیخلوش	bīḵẖlūsh
بیخواب	bī-ḵẖẉāb
بیخواست	bī-ḵẖẉāst
بیخوانی	bī-ḵẖẉānī
بیخواهش	bī-ḵẖẉāhish
بیخودانه	bī-ḵẖẉudāna
بیخوروخواب	bī-ḵẖẉur-u-ḵẖẉāb
بیخوف	bī-ḵẖauf
بیخه	bīḵẖa
بخیال	bī-ḵẖiyāl
بید	baid
بیداء	baidā’
بیداد	bī-dād
بیدادگر	bī-dādgar
بیدادگری	bī-dādgarī
بیدار	bīdār
بیداربخت	bīdār-baḵẖt
بیداره	bīdāra
بیداری	bīdārī
بیداشت	bī-dāsht
بیداغ	bī-dāg̱ẖ
بیدام	bīdām
بیدانش	bī-dānish
بیدانه	bī-dāna
بیدپای	bīdpāy
بیدخت	beduḵẖt
بیدخل	bī-daḵẖl
بیدر	baidar
بیدرفش	bī-darafsh
بیدرمان	bī-darmān
بیدرنگ	bī-dirang
بیدره	bīdara
بیدستان	bīdistān
بیدستر	bī-dastar
بیدستور	bī-dastūr
بیدعویٰ	bī-da‘wá
بیدق	baidaq
بیدل	bī-dil
بیدلانه	bī-dilāna
بیدلی	bī-dilī
بیدمال	bīd-māl
بیدمی	bī-dumī
بیدواز	bedwāz
بیدول	bī-daul
بیدوس	bī-dos
بیدون	bīdūn
بیدوند	bīdwand
بیدی	bīde
بیذاره	bīẕāra
بیذق	baiẕaq
بیر	bīr
بئر	bi’r
بیراد	bīrād
بیراز	berāz
بیراسته	bīrāsta
بیراق	bairāq
بیراقدار	bairāq-dār
بیراگی	bairāgī
بیرام	bairām
بیران	berān
بیرانه	berāna
بیراه	bī-rāh
بیراهه	bī-rāha
بیراهی	bī-rāhī
بیربط	bī-rabt̤
بیربوشا	bīrbūshā
بیربهم	bīrbhum
بیرز	bīraz
بیرق	bairaq
بیرگند	bīrgand
بیرم	bairam
بیرن	bīrun
بیرنجاسب	bīrinjāsb
بیرنگ	bī-rang
بیروائی	bī-rawā’ī
بیروت	bairūt
بیروج	bīrūj
بیروزج	bīrozaj
بیروزن	bīrozan
بیروزه	bīroza
بیرونتر	bīrūntar
بیرونه	bīrūna
بیرونی	bīrūnī
بیرونین	bīrūnīn
بیره	bīra
بیری	bīrī
بیریا	bī-riyā
بیریب	bī-raib
بیرین	bīrīn
بیزار	bīzār
بیزاره	bīzāra
بیزاری	bīzārī
بیزحمت	bī-zaḥmat
بیزر	bī-zar
بیزور	bī-zor
بیزون	bīzon
بیزهره	bī-zahra
بیزین	bī-zīn
بیژن	bezhan
بیژه	bezha
بیسان	baisān
بیسبب	bī-sabab
بیست	bīst
بیستاخ	bīstāḵẖ
بیستار	bestār
بیستان	bīsitān
بیستگانی	bīstagānī
بیستگی	bīstagī
بیستم	bīstum
بیستی	bīstī
بیستین	bīstīn
بیسج	bī-saj
بیسر	bī-sar
بیسره	besra
بیسن	besan
بیسور	besūr
بیسوئی	bī-sū’ī
بیش	besh
بیشتر	beshtar
بیشترین	beshtarīn
بیشکار	beshkār
بیشکین	beshkīn
بیشی	beshī
بیض	baiẓ
بیضاٴ	baiẓā’
بیضابی	baiẓābī
بیضانه	baiẓāna
بیضوی	baiẓawīy
بیضی	baiẓī
بیطار	bait̤ār
بیطری	bait̤arī
بیع	bai‘
بیعانه	bai‘āna
بیعة	bai‘at
بیغا	baig̱ẖā
بیغار	baig̱ẖār
بیغال	bīg̱ẖāl
بیغرضانه	bī-g̱ẖaraẓāna
بیغه	bīg̱ẖa
بیغی	baig̱ẖī
بیفائده	bī-fā’ida
بیفکر	bī-fikr
بیفهمید	bī-fahmīd
بیفیض	bī-faiẓ
بیقابو	bī-qābū
بیقاعده	bī-qā‘ida
بیقال	bī-qāl
بیقدر	bī-qadr
بیقرار	bī-qarār
بیقراری	bī-qarārī
بیقصور	bī-quṣūr
بیقطون	beqat̤ūn
بیقلعی	bī-qal‘ī
بیقول	bī-qaul
بیقیاس	bī-qiyās
بیقید	bī-qaid
بیقین	bī-yaqīn
بیک	ba-yak
بیکار	bī-kār
بیکاری	bī-kārī
بیکام	bī-kām
بیکبری	bī-kibrī
بیکران	bī-karān
بیکس	bī-kas
بیکم	baikam
بیکند	baikand
بیکی	bī-kai
بیگ	beg
بیگاده	bīgāda
بیگار	begār
بیگاره	bīgāra
بیگانگی	begānagī
بیگانه	begāna
بیگاه	bīgāh
بیگران	bī-girān
بیگم	begam
بیگمان	bī-gumān
بیگن	baigan
بیگناه	bī-gunāh
بیگه	bīgah
بیگهه	bīgha
بیل	bel
بیلا	belā
بیلاق	belāq
بیلاک	bīlāk
بیلای	bīlāy
بیلچه	belcha
بیلحاظ	bī-liḥāz̤
بیلدار	bel-dār
بیلسته	belasta
بیلطافت	bī-lat̤āfat
بیلغان	bīlag̱ẖān
بیلفت	bīluft
بیلفختن	biyalfaḵẖtan
بیلفخند	bīlfaḵẖand
بیلقان	bailqān
بیلقانی	bailqānī
بیلک	bailak
بیلمان	bailamān
بیلوا	belwā
بیله	bela
بیلیک	bīlīk
بیم	bīm
بیمار	bīmār
بیمارانه	bīmārāna
بیمارسان	bīmārsān
بیمارناک	bīmārnāk
بیماره	bīmāra
بیماری	bīmārī
بیماریناک	bīmārīnāk
بیمان	bīmān
بیمایگی	bī-māyagī
بیمجال	bī-majāl
بیمحابا	bī-muḥābā
بیمحل	bī-maḥall
بیمراد	bī-murād
بیمغز	bī-mag̱ẖz
بیمگاه	bīm-gāh
بیمناک	bīmnāk
بیمند	bīmand
بیموج	bī-mauj
بیموری	bīmūrī
بیموس	bīmūs
بیمه	bīma
بیمهر	bī-mihr
بین	bīn
بین	bain
بینا	bīnā
بیناب	bīnāb
بینات	baiyināt
بینادل	bīnā-dil
بیناره	bīnāra
بیناس	bīnās
بینام	bī-nām
بینائی	bīnā’ī
بینة	baiyinat
بینجیدن	biyanjīdan
بیند	bīnad
بیندو	bīndū
بیندید	bī-nadīd
بینش	bīnish
بینصیب	bī-naṣīb
بینظیر	bī-naz̤īr
بینظیری	bī-naz̤īrī
بینما	baynamā
بینمک	bī-namak
بینمکی	bī-namakī
بینند	bīnand
بینندگی	bīnandagī
بیننده	bīnanda
بیننگ	bī-nang
بیننگی	bī-nangī
بینور	bī-nūr
بینوش	bīnūsh
بینونة	bainūnat
بینه	bīna
بینی	bīnī
بینیاز	bī-niyāz
بیو	bayo
بیوار	bewār
بیواره	bewāra
بیواز	bewāz
بیوازیدن	bewāzīdan
بیوان	bīwān
بیوپاری	bīyopārī
بیوت	buyūt
بیوتات	buyūtāt
بیوتاتی	buyūtātī
بیود	buyūd
بیورد	beward
بیورسب	bewarasb
بیورنباره	biyaurambāra
بیوس	bayūs
بیوسنده	bayūsanda
بیوسیدن	bayūsīdan
بیوش	buyūsh
بیوشانیدن	buyūshānīdan
بیوقر	bī-waqr
بیوقوف	bī-wuqūf
بیوگ	bayog
بیوگانی	bayogānī
بیوگندن	biyaugandan
بیوگی	bewagī
بیولیدن	buyūlīdan
بیون	bayūn
بیوند	bewand
بیوه	bewa
بیهده	baihuda
بیهس	baihas
بیهسیة	baihasīyat
بیهق	baihaq
بیهمال	bī-himāl
بیهمتا	bī-hamtā
بیهن	bīhan
بیهنر	bī-hunar
بیهنگام	bī-hangām
بیهودگی	bī-hodagī
بیهودن	baihūdan
بیهوده	baihūda
بیهوش	bī-hosh
بیهین	bīhīn
پ	p
پا	pā
پاب	pāb
پاپا	pāpā
پاپژ	pāpazh
پات	pāt
پاتان	pātān
پاتاوه	pātāwa
پاتپراس	pātiprās
پاتت	pātat
پاتر	pātar
پاترگاه	pātrigāh
پاتنگا	pātingā
پاتو	pātū
پاتوا	pātuwā
پاتون	pātūn
پاتیل	pātīl
پاتیمار	pātīmār
پاتینی	pātīnī
پاجامه	pā-jāma
پاجه	pāja
پاجی	pājī
پاجیانه	pājiyāna
پاچال	pāchāl
پاچان	pāchān
پاچاه	pā-chāh
پاچایه	pāchāya
پاچک	pāchak
پاچنامه	pāch-nāma
پاچنگ	pāchang
پاچوک	pāchūk
پاچه	pācha
پاچیدن	pāchīdan
پاچیله	pāchīla
پاخ	pāḵẖ
پاخته	pāḵẖta
پاخیره	pāḵẖīra
پاد	pād
پاداری	pādārī
پاداش	pādāsh
پاداشت	pādāsht
پادانیا	pādāniyā
پاداو	pādāv
پادبان	pādbān
پادر	pādar
پادری	pādrī
پادش	pādash
پادشاهانه	pādshāhāna
پادشاهت	pādshāhat
پادشاهی	pādshāhī
پادشه	pādshah
پادل	pādal
پادنگ	pāding
پاده	pāda
پار	pār
پاراج	pārāj
پاراد	pārād
پاراو	pārāv
پارچه	pārcha
پارد	pārad
پاردان	pārdān
پاردم	pār-dum
پاردو	pārdū
پارس	pārs
پارسا	pārsā
پارسائی	pārsā’ī
پارسجی	pārsjī
پارسه	pārsa
پارسی	pārsī
پارسیان	pārsiyān
پارش	pārsh
پارگی	pārgī
پارگین	pārgīn
پارنجن	pā-ranjan
پارو	pāro
پارود	pārūd
پارودن	pārūdan
پاروچه	pārūcha
پاروله	pārūla
پاره	pāra
پاری	pārī
پاریاب	pāryāb
پاریدن	pārīdan
پاریز	pārīz
پارین	pārīn
پارینه	pārīna
پاز	pāz
پازاج	pāzāj
پازار	pāzār
پازبا	pāzbā
پازتاری	pāztārī
پازخ	pāzaḵẖ
پازش	pāzish
پازگیر	pāzgīr
پازنک	pāzanak
پازوم	pāzūm
پازه	pāza
پازهر	pāzahr
پازیره	pāzīra
پازین	pāzīn
پاژ	pāzh
پاژخ	pāzhaḵẖ
پاژگر	pāzh-gar
پاژنگ	pāzhang
پاژو	pāzhū
پاژه	pāzha
پاژیر	pāzhīr
پاژیره	pāzhīra
پاص	pās
پاساد	pāsād
پاسار	pāsār
پاسبان	pāsbān
پاسبانی	pāsbānī
پاستانی	pāstānī
پاستانیان	pāstaniyān
پاستنای	pāstināy
پاسخ	pāsuḵẖ
پاسدار	pās-dār
پاسداری	pās-dārī
پاسره	pāsara
پاسق	pāsaq
پاسنگ	pā-sang
پاسوان	pāswān
پاسه	pāsa
پاسی	pāse
پاسیدن	pāsīdan
پاش	pāsh
پاشا	pāshā
پاشام	pāshām
پاشامه	pā-shāma
پاشان	pāshān
پاشانیدن	pāshānīdan
پاشته	pāshta
پاشک	pāshak
پاشنا	pāshnā
پاشنامه	pāshnāma
پاشنگ	pāshang
پاشنه	pāshina
پاشو	pāshū
پاشی	pāshī
پاشیدن	pāshīdan
پاشیده	pāshīda
پاشینه	pāshīna
پاغر	pāg̱ẖar
پاغند	pāg̱ẖund
پاغوچه	pāg̱ẖūcha
پاغوش	pā-g̱ẖosh
پاک	pāk
پاکبر	pāk-bar
پاکرو	pāk-rū
پاکش	pākish
پاکشان	pāk-shān
پاکند	pākand
پاکی	pākī
پاکیدن	pākīdan
پاکیزگی	pākīzagī
پاکیزه	pākīza
پالا	pālā
پالاپال	pāl-ā-pāl
پالاد	pālād
پالادن	pālādan
پالاده	pālāda
پالار	pālār
پالارنگ	pālārang
پالاری	pālārī
پالاس	pālās
پالاش	pā-lāsh
پالاگر	pālāgar
پالان	pālān
پالاندوز	pālān-doz
پالاننده	pālānanda
پالانه	pālāna
پالانی	pālānī
پالانیدن	pālānīdan
پالاوان	pālāwān
پالاهنگ	pālāhang
پالای	pālāy
پالایال	pālāyāl
پالایش	pālāyish
پالاییدن	pālāyīdan
پالتو	pālto
پالدم	pāl-dum
پالسه	pālasa
پالغ	pālug̱ẖ
پالغز	pā-lag̱ẖz
پالک	pālak
پالکانه	pālkāna
پالکی	pālkī
پالنده	pālanda
پالنگ	pālang
پالو	pālū
پالوازه	pālwāza
پالواسه	pālwāsa
پالوانه	pālwāna
پالوایه	pālwāya
پالود	pālūd
پالودگی	pālūdagī
پالوده	pālūda
پالودی	pālūdī
پالوزه	pālūza
پالوسه	pālūsa
پالوش	pālosh
پالونه	pālūna
پالوینه	pālwīna
پالهنگ	pālhang
پالیال	pālyāl
پالیدن	pālīdan
پالیده	pālīda
پالیز	pālez
پالیزبان	pālezbān
پالیگ	pālīk
پام	pām
پامس	pāmas
پان	pān
پانتیون	pāntiyūn
پانجاه	pānjāh
پانزدهم	pānzdahum
پانزهر	pānzahr
پانسند	pānasand
پانصد	pānṣad
پانمشک	pānmushk
پانوراما	pānorāmā
پانه	pāna
پانی	pānī
پانید	pānīd
پاو	pāv
پاوپر	pāvpar
پاوچک	pāvchak
پاورق	pā-waraq
پاورنجن	pā-waranjan
پاوزار	pāvzār
پاوزاره	pāvzāra
پاه	pāh
پاها	pāhā
پاهک	pāhak
پاهکیدن	pāhakīdan
پاهنگ	pāhang
پای	pāy
پایا	pāyā
پایاب	pā-yāb
پایازی	pāyāzī
پایان	pāyān
پایچه	pāycha
پایدار	pāy-dār
پایداری	pāy-dārī
پایدامه	pāy-dāma
پایدان	pāydān
پایر	pāyir
پایز	pāyiz
پایزار	pāyzār
پایزن	pāy-zan
پایزه	pāyiza
پایزی	pāyizī
پایژه	pāyizha
پایستن	payistan
پایسته	pāyista
پایکاشت	pāy-kāsht
پایگاه	pāy-gāh
پایگه	pāy-gah
پایگی	pāygī
پایم	pāyam
پایمالی	pāy-mālī
پایمرد	pāy-mard
پایمردی	pāy-mardī
پایموز	pāymoz
پاین	pāyin
پاینداز	pāy-andāz
پایندان	pāyandān
پایندانی	pāyandānī
پایندگان	pāyandagān
پایندگی	pāyandagī
پایندن	pāyandan
پاینده	pāyanda
پاینی	pāyinī
پایون	pāyūn
پایوند	pāywand
پایه	pāya
پائی	pā’ī
پاییدن	pāyīdan
پائیر	pā’īr
پاییز	pāyīz
پائین	pā’īn
پپتک	piptak
پپره	papara
پپریشیدن	paprīshīdan
پپلس	paplus
پپلیپا	paplīpā
پپنو	papanū
پت	pat
پتادق	patādaq
پتاره	patāra
پتت	pitat
پتخ	patḵẖ
پتر	patar
پتسو	patsū
پتفت	pataft
پتفوز	patfoz
پتک	putk
پتکن	pitkan
پتگیر	patgīr
پتل	patal
پتلاد	putlād
پتلوپ	patlūp
پتن	patan
پتنگ	patang
پتنه	patna
پتنی	patanī
پتو	patau
پتواز	patwāz
پتوله	patūla
پته	pata
پتیا	putyā
پتیاره	patyāra
پتیاله	patyāla
پتیان	pityān
پتیر	patīr
پتیره	patīra
پتیل	patīl
پتیله	patīla
پج	paj
پجار	pajār
پجاوه	pajāwa
پجول	pujūl
پجیو	pajīv
پچاق	pichchāq
پچپچه	puchpucha
پچشک	puchushk
پچشکی	puchushkī
پچکم	pichkam
پچل	pachal
پچواک	pachwāk
پچه	pacha
پچیدن	pichīdan
پخ	paḵẖ
پخپخو	piḵẖpiḵẖū
پخت	paḵẖt
پختری	puḵẖtarī
پختگان	puḵẖtagān
پختگی	puḵẖtagī
پختن	puḵẖtan
پختنی	puḵẖtanī
پخته	paḵẖta
پخچ	paḵẖch
پخچودن	paḵẖchūdan
پخچوده	paḵẖchūda
پخچیدن	paḵẖchīdan
پخچیده	paḵẖchīda
پخس	paḵẖs
پخسان	paḵẖsān
پخسائیدن	paḵẖsā’īdan
پخسینه	paḵẖsīna
پخش	paḵẖsh
پخشا	paḵẖshā
پخشان	paḵẖshān
پخشانیدن	paḵẖshānīdan
پخشن	paḵẖshan
پخشودن	paḵẖshūdan
پخشوده	paḵẖshūda
پخشیدن	paḵẖshīdan
پخشیده	paḵẖshīda
پخل	puḵẖl
پخلوچه	paḵẖlūcha
پد	pad
پدپود	pudpūd
پدرام	padrām
پدراندر	pidar-andar
پدرانه	pidarāna
پدرخته	padraḵẖta
پدرزه	padarza
ردرفتار	pidruftār
پدرندر	pidarandar
پدروار	pidarwār
پدرود	padrūd
پدری	pidarī
پدریة	pidarīya
پدمه	padma
پدواز	pidwāz
پده	pada
پدیجه	padīja
پدید	padīd
پدیدار	padīdār
پدیسار	padīsār
پذر	piẕar
پذرام	paẕrām
پذرفتار	piẕruftār
پذرفتاریدن	piẕruftārīdan
پذرفتکار	piẕruft-kār
پذرفتن	piẕruftan
پذرفته	piẕrufta
پذور	paẕūr
پذه	paẕa
پذیر	paẕīr
پذیرا	paẕīrā
پذیرانیدن	paẕīrānīdan
پذیرائی	paẕīrā’ī
پذیرش	paẕīrish
پذیرفتار	paẕīruftār
پذیرفتاری	paẕīruftārī
پذیرفتاریدن	paẕīruftārīdan
پذیرفتکار	paẕīruftkār
پذیرفتکاری	paẕīruftkārī
پذیرفتن	prẕīruftan
پذیرفته	paẕīrufta
پذیرفتی	paẕīruftī
پذیرنده	paẕīranda
پذیره	pazīra
پرا	parā
پراپر	pur-ā-pur
پراذران	parāẕrān
پراریر	parārīr
پراز	purāz
پراژ	purāzh
پراس	parās
پراسال	parāsāl
پراستن	parāstan
پراش	parāsh
پراشیدن	parāshīdan
پراشیده	parāshīda
پراکوه	parā-koh
پراگندگی	parāgandagī
پراگندن	parāgandan
پراگندنی	parāgandanī
پراگنده	parāganda
پراگندیدن	parāgandīdan
پراگی	parāgī
پرالک	parālak
پرانداخ	parāndāḵẖ
پرانه	parāna
پرانیدن	parānīdan
پراوند	parāwand
پراهام	parāhām
پربار	parbār
پربال	parbāl
پربرناوش	parbarnāwish
پربزیان	parbazyān
پرپایه	pur-pāya
پرپر	parpar
پرپرم	parparam
پرپره	parpara
پرپوز	parpoz
پرپهلو	pur-pahlū
پرپی	purpay
پرپین	parpīn
پرت	part
پرتاب	partāb
پرتابیان	partābiyān
پرتاد	partād
پرتاش	partāsh
پرتاو	partāv
پرتر	partar
پرتگال	purtugāl
پرتگاه	part-gāh
پرتل	partal
پرتله	partala
پرتمیدن	partamīdan
پرتو	partau
پرتوستان	partawistān
پرتوانداز	partaw-andāz
پرتوه	partawa
پرتوی	partawī
پرتیر	par-tīr
پرچم	parcham
پرچه	parcha
پرچیدن	parchīdan
پرچیس	parchīs
پرچین	parchīn
پرحرف	pur-ḥarf
پرخاش	purḵẖāsh
پرخاشجو	purḵẖāsh-jū
پرخچ	paraḵẖch
پرخرد	pur-ḵẖirad
پرخطر	pur-ḵẖat̤ar
پرخور	pur-ḵẖẉur
پرخوری	pur-ḵẖẉurī
پرخون	pur-ḵẖūn
پرخیدن	parḵẖīdan
پرخیده	parḵẖīda
پرد	parad
پردا	pardā
پرداخ	pardāḵẖ
پرداخت	pardāḵẖt
پرداختن	pardāḵẖtan
پرداخته	pardāḵẖta
پردار	par-dār
پرداز	pardāz
پردازش	pardāzish
پردازگر	pardāz-gar
پردازنده	pardāzanda
پردازی	pardāzī
پرداس	pardās
پردال	pardāl
پردان	pur-dān
پردختن	pardaḵẖtan
پردخته	pardaḵẖta
پردرد	pur-dard
پردک	pardak
پردگی	pardagī
پردگین	pardagīn
پردل	purdal
پردلی	pur-dilī
پردن	pardan
پردو	pardo
پرده	parda
پردها	pardahā
پردهن	pur-dahan
پرز	purz
پرزد	parzad
پرزده	purzada
پرزمبوری	purzambūrī
پرزور	pur-zor
پرزه	parza
پرزه	purza
پرزیدن	parzīdan
پرزیوند	parzīwand
پرژک	parzhak
پرس	pars
پرسا	pursā
پرساله	pur-sāla
پرسان	pursān
پرسانیدن	pursānīdan
پرست	parast
پرستار	parastār
پرستاری	parastārī
پرستان	parastān
پرستش	parastish
پرستشبد	parastishbud
پرستشگاه	parastish-gāh
پرستک	piristuk
پرستگاری	parastagārī
پرستندگی	paristandagī
پرستنده	parastanda
پرستو	piristū
پرسته	parasta
پرستیدن	parastīdan
پرستیده	parastīda
پرسش	pursish
پرسق	pursuq
پرسم	parsum
پرسنده	pursanda
پرسوز	pur-soz
پرسه	parsa
پرسی	pursī
پرسیان	parsayān
پرسیاوش	parsiyāwush
پرسیاوشان	parsiyāwushān
پرسیدن	pursīdan
پرسیدنی	pursīdanī
پرش	parsh
پرشگال	purshigāl
پرشنبه	parshambih
پرشوم	pirshūm
پرشهی	parishahī
پرشیدن	parshīdan
پرشیر	pur-shīr
پرشیرگی	pur-shīragī
پرطیه	part̤iya
پرغور	purg̱ẖūr
پرغول	parg̱ẖūl
پرغونه	parg̱ẖūna
پرفان	parfān
پرفغان	pur-fig̱ẖān
پرک	park
پرکار	parkār
پرکاله	parkāla
پرکام	parkām
پرکان	parkān
پرکاوش	parkāwish
پرکاه	par-kāh
پرکر	parkar
پرکردنی	pur-kardanī
پرکسون	puraksūn
پرکم	parkam
پرکن	parkan
پرکنده	par-kanda
پرکوهان	parkūhān
پرکین	parkīn
پرکینه	pur-kīna
پرگار	pargār
پرگاره	pargāra
پرگاری	pargārī
پرگاس	pargās
پرگال	pargāl
پرگاله	pargāla
پرگر	pargar
پرگست	pargast
پرگشت	pargasht
پرگندگی	pargandagī
پرگنده	parganda
پرگنه	pargana
پرگوک	pargūk
پرگیری	purgīrī
پرگین	pargīn
پرگینه	pargīna
پرماس	parmās
پرماسه	parmāsa
پرماسیدن	parmāsīdan
پرمان	parmān
پرماورد	parmāward
پرماه	parmāh
پرمت	parmat
پرمخیده	parmaḵẖīda
پرمده	parmuda
پرمر	parmar
پرمو	parmū
پرموته	parmūta
پرموده	parmūda
پرمور	parmūr
پرموز	parmūz
پرموزه	parmūza
پرمون	parmūn
پرمه	parma
پرمهه	pirmaha
پرمی	pur-may
پرمیو	parmiyo
پرن	paran
پرنا	parnā
پرناک	parnāk
پرنان	parnān
پرنج	paranj
پرند	parand
پرنداخ	parandāḵẖ
پرندامت	pur-nadāmat
پرنداور	parand-āwar
پرندخ	parandaḵẖ
پرندک	parandak
پرندو	parandū
پرندوار	parandwār
پرندوش	parandosh
پرندین	parandīn
پرنگ	pirang
پرنم	pur-nam
پرنو	parnū
پرنیان	parniyān
پرنیخ	parnīḵẖ
پرنیش	pur-nīsh
پرو	parv
پروا	parwā
پروار	parwār
پرواری	parwārī
پرواز	parwāz
پروازه	parwāza
پروازی	parwāzī
پرواس	parwās
پرواسیدن	parwāsīdan
پرواش	parwāsh
پرواق	parwāq
پرواک	parwāk
پروال	parwāl
پروان	parwān
پروانجات	parwānajāt
پروانچه	parwāncha
پروانچی	parwānchī
پروانک	parwānak
پروانگی	parwānagī
پروانه	parwāna
پروانی	parwānī
پرواوه	parwāwa
پرواه	parwāh
پروای	parwāy
پروائی	parwā’ī
پرور	parwar
پروراندن	parwarāndan
پروردگار	parwardagār
پروردگی	parwardagī
پروردن	parwardan
پروردنی	parwardanī
پرورده	parwarda
پرورش	parwarish
پرورنده	parwaranda
پرورندیدن	parwarandīdan
پروره	parwara
پروری	parwarī
پروریدن	parwarīdan
پروریش	parwarīsh
پروز	parwaz
پروزن	parwizan
پروژ	parwazh
پروسنان	parwasannān
پروش	parosh
پرون	parwan
پروند	parwand
پروندیدن	parwandīdan
پروه	parwa
پروهان	parwahān
پرویز	parwez
پرویزن	parwīzan
پرویزی	parwīze
پرویش	parwesh
پروین	parwīn
پره	parra
پرها	parrah
پرهازا	parhāzā
پرهام	parhām
پرهنج	parhanj
پرهنر	pur-hunar
پرهود	parhūd
پرهودن	parhūdan
پرهوس	pur-hawas
پرهون	parhūn
پرهیختن	parheḵẖtan
پرهیز	parhez
پرهیزانه	parhezāna
پرهیزگار	parhezgār
پرهیزگاری	parhezgārī
پرهیزناک	parheznāk
پرهیزی	parhezī
پرهیزیدن	parhezīdan
پری	parī
پریان	paryān
پریچه	parīcha
پریخوان	parī-ḵẖẉān
پریدار	parī-dār
پریداری	parī-dārī
پریدخت	parī-duḵẖt
پریدگان	parīdagān
پریدگی	parīdagī
پریدن	parīdan
پریده	parīda
پریر	parīr
پریره	parīra
پریرینه	parīrīna
پریز	parez
پریزاد	parī-zād
پریزبان	parezbān
پریزن	parezan
پریستار	parīstār
پریش	paresh
پریشان	pareshān
پریشانی	pareshānī
پریشانیدن	pareshānīdan
پریشم	paresham
پریشن	pareshan
پریشیدن	pareshīdan
پریشیده	pareshīda
پریقو	parīqū
پریوش	parī-wash
پریون	paryūn
پرییان	pareyān
پز	paz
پزانیدن	pazānīdan
پزاوه	pazāwa
پزپونتن	pazpūnitan
پزد	pazd
پزداغ	pazdāg̱ẖ
پزدک	pazdak
پزسر	paz-sar
پزسک	pizisk
پزشک	pazashk
پزشکی	pizishkī
پزغند	puzg̱ẖand
پزگر	pazgar
پزوند	pazwand
پزه	piza
پزی	pazī
پزیدن	pazīdan
پزیره	pazīra
پژ	pazh
پژاد	pazhād
پژار	pazhār
پژاژ	pazhāzh
پژآسمان	pazh-āsmān
پژاگن	pazhāgin
پژامند	pazhāmand
پژاوه	pazhāwa
پژپژ	puzhpuzh
پژمر	pazh-sar
پژغ	pazhag̱ẖ
پژغاب	pazhg̱ẖāb
پژغرده	pazhg̱ẖarda
پژغم	pazhg̱ẖam
پژغند	pazhg̱ẖand
پزغول	puzhg̱ẖūl
پژغه	pazhg̱ẖa
پژقله	pazhqala
پژقند	pazhqand
پژکاله	pazhkāla
پژماپون	pazhmāpūn
پژمانی	pizhmānī
پژماورد	pazhmāward
پژمایون	pazhmāyūn
پژمرانیدن	pazhmurānīdan
پژمردگی	pizhmurdagī
پژمردن	pizhmurdan
پژمرده	pizhmurda
پژمژه	pazhmazha
پژموی	pazhmūy
پژن	pazhan
پژنامه	pazhnāma
پژند	pazhand
پژنگار	pazhangār
پزنگره	pazhangara
پژو	pazhū
پژواک	pazhwāk
پژوک	puzhūk
پژول	pazhūl
پژولش	pizhūlish
پژولید	pizhūlīd
پژولیده	pizhūlīda
پژوم	pazhūm
پژومان	pazhūmān
پژوند	pazhwand
پژوه	pizhūh
پژوهش	pizhūhish
پژوهندگی	pizhūhandagī
پژوهنده	pizhūhanda
پزوهیدن	pizhūhīdan
پژوهیده	pizhūhīda
پژوین	pazhwīn
پژه	pazha
پژهان	puzhhān
پژهیدن	pazhhīdan
پژیژ	pazhīzh
پژیژه	pazhīzha
پس	pas
پسا	pasā
پساک	pasāk
پسانتن	pasānitan
پسانیدن	pasānīdan
پساوند	pas-āwand
پساویدن	pasāwīdan
پساهنگ	pas-āhang
پسپای	pas-pāy
پست	past
پستا	pastā
پستان	pastān
پستر	pastar
پسترک	pastarak
پسترین	pastarīn
پستک	pistak
پستگی	pastagī
پستنک	pistank
پستوق	pastūq
پسته	pasta
پستی	pastī
پستیوار	pastīwār
پسچین	pischīn
پسدستی	pasdastī
پسراک	pusarāk
پسراندر	pusar-andar
پسرخواندگی	pusar-ḵẖẉāndagī
پسرک	pusarak
پسرگیر	pusar-gīr
پسرو	pasrau
پسروی	pasrawī
پسره	pusara
پسری	pusarī
پسریچه	pusarecha
پسغده	pasag̱ẖda
پسقد	pasqad
پسک	pask
پسکله	paskala
پسکوهه	pas-koha
پسگک	pasagak
پسلنگ	pas-ling
پسمان	pasmān
پسندن	pasandan
پسنده	pasanda
پسندیدگی	pasandīdagī
پسندیدن	pasandīdan
پسندیده	pasandīda
پسنگک	pasangak
پسوده	pasūda
پسور	paswar
پسوریدن	pusūrīdan
پسهانیتن	pas-hānitan
پسیج	pasīj
پسیخوان	pasīḵẖẉān
پسین	pasīn
پسینیان	pasīniyān
پش	pash
پشام	pashām
پشان	pashān
پشاور	pashāwar
پشت	pusht
پشتاره	pushtāra
پشتبان	pusht-bān
پشتخار	pusht-ḵẖār
پشتک	pashtak
پشتکر	pashatkar
پشتگانی	pushtagānī
پشتلنگ	pushtlang
پشتمال	pusht-māl
پشتنک	pushtank
پشتو	pashtū
پشتوار	pushtwār
پشتوان	pushtwān
پشته	pushta
پشتی	pushtī
پشتیبان	pushtībān
پشتیمان	pushtīmān
پشخانه	pash-ḵẖāna
پشخوان	pash-ḵẖẉān
پشخودن	pashḵẖūdan
پشخور	push-ḵẖẉur
پشخوره	push-ḵẖẉura
پشخون	pish-ḵẖūn
پشخه	pashḵẖa
پشخیدن	pishḵẖīdan
پشخیز	pushḵẖīz
پشک	pashk
پشکال	pashkāl
پشکر	pishkir
پشکش	pish-kash
پشکل	pishkil
پشکله	pishkila
پشکلیدن	pishkalīdan
پشگن	pishgan
پشلنگ	pash-lang
پشم	pashm
پشماق	pashmāq
پشماگند	pashm-āgand
پشمالو	pashm-ālū
پشمان	pishmān
پشمک	pashmak
پشمه	pashma
پشمیدن	pashmīdan
پشمین	pashmīn
پشمینه	pashmīna
پشن	pashan
پشنج	pashanj
پشنجش	pashanjash
پشنجه	pishanja
پشنجیدن	pishanjīdan
پشنجیده	pishanjīda
پشنده	pushnuda
پشنگ	pashang
پشور	pushūr
پشولیدن	pushūlīdan
پشولیده	pisholīda
پشه	pashsha
پشی	pishī
پشیج	pashīj
پشیجیدن	pashījīdan
پشیچ	pashīch
پشیخ	pashīḵẖ
پشیز	pishez
پشیزه	pisheza
پشیم	pashīm
پشیمان	pashīmān
پشیمانی	pashīmānī
پشین	pashen
پطر	pat̤ar
پغار	pug̱ẖār
پغاز	pag̱ẖāz
پغنه	pag̱ẖna
پف	puf
پفتره	paftara
پفره	pafara
پفیدن	pufīdan
پفیوز	pafyūz
پک	pak
پکا	pakā
پکاوج	pakāwaj
پکمال	pakmāl
پکند	pakand
پکنه	pakna
پکوک	pakūk
پکول	pakūl
پکهال	pakhāl
پگ	pag
پگاه	pagāh
پگوی	pagawī
پگه	pagah
پگین	pagīn
پل	pal
پلاجور	palājūr
پلاخم	palāḵẖam
پلاد	palād
پلارک	palārak
پلازور	palāzūr
پلاس	palās
پلاسک	palāsak
پلاطیر	palāt̤īr
پلالک	palālak
پلان	pilān
پلانه	palāna
پلانی	palānī
پلاهنک	palāhank
پلپل	pilpil
پلچی	pulchī
پلخ	palaḵẖ
پلخم	palaḵẖm
پلست	pilist
پلستک	pilistuk
پلسگی	palasgī
پلشت	palasht
پلغده	palag̱ẖda
پلفته	palafta
پلکر	palkar
پلکن	palkan
پلکه	puluka
پلم	palm
پلمرده	palmarda
پلمس	palmas
پلملیدن	palmalīdan
پلمه	palma
پلنک	palank
پلنگی	palangī
پلنگین	palangīn
پلنگینه	palangīna
پلواژه	palwāzha
پلواس	palwās
پلوان	palwān
پلوت	palūt
پلوس	palos
پلوغ	pulūg̱ẖ
پلوک	palok
پلوگ	palūg
پلول	palwal
پلون	pulwan
پلونده	palwanda
پله	pala
پله	pallā
پلهنگ	palahang
پلیته	palīta
پلید	palīd
پلیدن	palīdan
پلیدناک	palīdnāk
پلیدی	palīdī
پلیشدن	palīshudan
پلیندی	palyandī
پن	pan
پناد	panād
پنافتن	panāftan
پنام	panām
پنامیدن	panāmīdan
پنانک	panānak
پناور	panāwar
پناوه	panāwa
پناه	panāh
پناهگاه	panāh-gāh
پناهنده	panāhanda
پناهیدن	panāhīdan
پناهیده	panāhīda
پنبون	paṃbūn
پنبه	paṃba
پنتافیلیون	pantāfīlyūn
پنتومه	pantūma
پنج	panj
پنجاب	panjāb
پنجال	panjāl
پنجاه	panjāh
پنجاهم	panjāhum
پنجاهه	panjāha
پنجایانه	panjāyāna
پنجایه	panjāya
پنجپهلو	panj-pahlū
پنجر	panjar
پنجروز	panj-roz
پنجره	panjara
پنجش	panjish
پنجشنبه	panj-shaṃbih
پنجشیدن	panjshīdan
پنجک	panjak
پنجگان	panjagān
پنجگانه	panjgāna
پنجم	panjum
پنجمر	panjmar
پنجنگشت	panj-angusht
پنجنوش	panj-nosh
پنجوگشت	panj-augusht
پنجه	panja
پنجیانه	panjiyāna
پنجیدن	panjīdan
پنجیر	panjer
پنجین	panjīn
پنچایت	panchāyat
پنچشک	punchushk
پنچه	puncha
پند	pand
پندار	pand-ār
پندارانیدن	pindārānīdan
پندارگان	pindāragān
پنداره	pindāra
پنداری	pindārī
پنداریدن	pindārīdan
پنداشتی	pindāshtī
پندالو	pindālū
پندره	pindara
پندش	pundash
پندند	pandand
پندوا	pandwā
پندوره	pandūra
پنده	pinda
پندیدن	pandīdan
پنزه	panza
پنطافلون	pantāfilūn
پنکار	pinkār
پنکیدن	pinkīdan
پنگ	pang
پنگاره	pangāra
پنگاشتن	pingāshtan
پنگال	pingāl
پنگان	pingān
پنگانچه	pingāncha
پنگاه	pungāh
پنگره	pangara
پنند	panand
پنه	panah
پنهاله	panhāla
پنهانگر	pinhāngar
پنهانی	pinhānī
پنهانیدن	pinhānīdan
پنیر	panīr
پنیرک	panīrak
پنیرمایه	panīr-māya
پنیره	panīra
پنیری	panīrī
پنیز	panīz
پنیزه	panīza
پنیلو	panīlū
پنین	panīn
پنیوش	panyūsh
پنیون	panyūn
پو	pū
پواچ	puwāch
پوازی	pawāzī
پوانه	pawāna
پوب	pob
پوپ	pop
پوپشمن	pūpishman
پوپک	popak
پوپل	pūpal
پوپو	pūpū
پوپه	pūpa
پوت	pūt
پوتا	potā
پوتاب	potāb
پوتسدام	potsdām
پوتنک	pūtank
پوته	pūta
پوتی	pūtī
پوج	pūj
پوچیات	pūchiyāt
پوخ	pūḵẖ
پوختن	poḵẖtan
پود	pūd
پودات	pūdāt
پودنه	pūdina
پوده	pūda
پودینه	pūdīna
پوذش	poẕish
پور	pūr
پوران	pūrān
پورکر	pūrkar
پوردگان	pordgān
پورفان	pūrfān
پورکند	pūrkand
پورمند	pormand
پوره	pūra
پوریان	pūriyān
پوز	poz
پوزش	pozish
پوزکند	pozkand
پوزمال	poz-māl
پوزن	pozan
پوزنج	pozinj
پوزه	poza
پوزی	pūzī
پوزیدن	pozīdan
پوزینه	pūzīna
پوژنگ	pūzhang
پوژه	pūzha
پوژینه	pozhīna
پوش	pūs
پوسانه	pūsāna
پوسانیدن	pūsānīdan
پوست	post
پوستپاره	post-pāra
پوستگال	postgāl
پوستی	postī
پوستیان	postiyān
پوستیرا	postīrā
پوستین	postīn
پوسده	posida
پوسه	posa
پوسیدن	posīdan
پوسیدگی	posīdagī
پوسیده	posīda
پوش	posh
پوشا	poshā
پوشاک	poshāk
پوشاکی	poshākī
پوشاندن	pūshāndan
پوشانیدن	poshānīdan
پوشش	poshish
پوشک	poshak
پوشگان	poshgān
پوشله	poshala
پوشند	poshand
پوشندگی	poshandagī
پوشنده	poshanda
پوشنگ	poshang
پوشنه	poshna
پوشه	posha
پوشنی	poshnī
پوشیدگی	poshīdagī
پوشیدن	poshīdan
پوشیدنی	poshīdanī
پوشیده	poshīda
پوک	pūk
پول	pūl
پوگان	pūgān
پولاب	pūlāb
پولابی	pūlābī
پولاد	pūlād
پولادوند	pūlādwand
پولانی	polānī
پولدار	pūl-dār
پولک	pūlak
پوله	pola
پون	pūn
پونیکا	pūnīkā
پوی	pūy
پویا	pūyā
پویچه	pawīcha
پویژه	pūyizha
پویدن	pūyidan
پویش	pūyish
پویگان	pūygān
پویندگی	pūyandagī
پوینده	pūyanda
پوییدن	pūyīdan
په	pah
پهانه	pahāna
پهتان	phatān
پهر	pahr
پهره	pahra
پهل	pahl
پهلو	pahlav
پهلوان	pahlawān
پهلوانانه	pahlawānāna
پهلوانی	pahlawānī
پهلودار	pahlū-dār
پهلوزن	pahlū-zan
پهلوی	pahlawī
پهله	pahla
پهمزک	pahmazak
پهن	pahn
پهنا	pahnā
پهنانه	pahnāna
پهناور	pahnāwar
پهناوری	pahnāwarī
پهند	pahand
پهندار	pahn-dār
پهنور	pahnūr
پهنه	pahna
پهنی	pahnī
پهنیدن	pahnīdan
پهوت	phūt
پهی	pahī
پهین	pahīn
پیا	piyā
پیاب	pay-āb
پیاپی	pay-ā-pai
پیاده	piyāda
پیارک	piyārak
پیاز	piyāz
پیازک	piyāzak
پیازکی	piyāzakī
پیازلیز	piyāz-līz
پیازو	piyāzū
پیازوا	piyāz-wā
پیازی	piyāzī
پیاستو	piyāstū
پیاله	piyāla
پیام	payām
پیامبر	payām-bar
پیاموزش	piyāmūzish
پیامیغ	pay-āmeg̱ẖ
پیانو	piyāno
پیاوردن	piyāwurdan
پیاهو	pay-āhū
پیبس	pības
پیبند	pai-band
پیپل	pīpal
پیتام	paitām
پیتک	pītak
پیتکانی	pītkānī
پیتل	pītal
پیته	pīta
پیتیشهیم	pītīshahīm
پیچ	pech
پیچا	pechā
پیچاپیچ	pech-ā-pech
پیچاق	pīchāq
پیچان	pechān
پیچاندن	pechāndan
پیچپا	pech-pā
پیچپیچ	pech-pech
پیچتاب	pech-tāb
پیچدار	pech-dār
پیچش	pechish
پیچک	pechak
پیچمال	pech-māl
پیچند	pechand
پیچوان	pechwān
پیچه	pecha
پیچیچ	pechīch
پیچیدگی	pechīdagī
پیچیدن	pechīdan
پیچیده	pechīda
پیچیله	pīchīla
پیخ	pīḵẖ
پیخال	pīḵẖāl
پیختن	peḵẖtan
پیخس	paiḵẖas
پیخسته	pai-ḵẖasta
پیخوسته	pai-ḵẖosta
پیخیدن	pīḵẖīdan
پید	pīd
پیدا	paidā
پیداد	paidād
پیداش	paidāsh
پیداوار	paidāwār
پیدایش	paidāyish
پیدائی	paidā’ī
پیدرو	pedrū
پیر	pīr
پیرا	perā
پیرار	pīrār
پیراستن	perāstan
پیراسته	perāsta
پیراسیدن	pīrāsīdan
پیراگند	pīrāgand
پیراگندن	pīrāgandan
پیرامن	perāman
پیران	pīrān
پیرانه	pīrāna
پیرانیدن	perānīdan
پیراه	perāh
پیراهان	pīrāhān
پیراهش	perāhish
پیراهیدن	perāhīdan
پیرای	perāy
پیرایش	perāyish
پیرایگی	perāyagī
پیراینده	perāyanda
پیرایه	perāya
پیراییدن	perāyīdan
پیرزر	pīr-zar
پیرزن	pīr-zan
پیرزه	payarza
پیرزی	pīruzī
پیرسار	pīr-sar
پیرماستبا	pīr-māstbā
پیرمن	pīraman
پیرنداخ	pīrandāḵẖ
پیروج	perūj
پیروز	pīroz
پیروزه	pīroza
پیروزی	pīrozī
پیروی	pai-rawī
پیره	pīra
پیرهن	pīrahan
پیرهنچه	pīrahancha
پیرهند	pīrhand
پیری	pīrī
پیرین	pīrīn
پیزر	pīzar
پیژن	pezhan
پیس	pes
پیست	pest
پیستان	pīstān
پیسکی	pīskī
پیسگی	pesagī
پیسودن	pesūdan
پیسوز	pī-soz
پیسه	paisa
پیسی	pesī
پیش	pesh
پیشاب	pesh-āb
پیشاپیش	pesh-ā-pesh
پیشار	pesh-ār
پیشاران	pesh-ārān
پیشاره	peshāra
پیشان	peshān
پیشانی	peshānī
پیشاهنگ	pesh-āhang
پیشایگی	peshāyagī
پیشپا	pesh-pā
پیشپار	pesh-pār
پیشپارچه	peshpārcha
پیشتخته	pesh-taḵẖta
پیشتر	peshtar
پیشترین	peshtarīn
پیشخانه	pesh-ḵẖāna
پیشخور	pesh-ḵẖẉur
پیشداد	pesh-dād
پیشدادیان	peshdādiyān
پیشدر	pesh-dar
پیشدست	pesh-dast
پیشدل	pesh-dil
پیشدن	pai-shudan
پیشطاق	pesh-t̤āq
پیشک	peshak
پیشکار	pesh-kār
پیشکاره	pesh-kāra
پیشکاری	pesh-kārī
پیشکش	pesh-kash
پیشکوهه	pesh-koha
پیشگاه	pesh-gāh
پیشگر	peshgar
پیشگه	pesh-gah
پیشگهی	peshgahī
پیشگی	peshagī
پیشگیر	pesh-gīr
پیشمان	peshmān
پیشمزد	pesh-muzd
پیشن	pīshan
پیشنهاد	pesh-nihād
پیشو	pai-shav
پیشوا	peshwā
پیشوار	peshwār
پیشواز	peshwāz
پیشوائی	peshwā’ī
پیشور	pesh-war
پیشه	pesha
پیشی	peshī
پیشیاب	pesh-yāb
پیشیار	pesh-yār
پیشیاره	pesh-yāra
پیشین	peshīn
پیشینه	peshīna
پیشینهگان	peshīnagān
پیغاره	paig̱ẖāra
پیغاله	paig̱ẖāla
پیغام	paig̱ẖām
پیغاماپیغامی	paig̱ẖām-ā-paig̱ẖāmī
پیغامبر	paig̱ẖām-bar
پیغامبری	paig̱ẖām-barī
پیغان	peg̱ẖān
پیغله	paig̱ẖula
پیغلوش	pīg̱ẖlosh
پیغم	paig̱ẖam
پیغمبر	paig̱ẖam-bar
پیغمبری	paig̱ẖam-barī
پیغن	paig̱ẖan
پیغو	paig̱ẖū
پیغوله	paig̱ẖūla
پیغون	paig̱ẖūn
پیغوی	paig̱ẖawī
پیغه	pīg̱ẖa
پیک	paik
پیکان	paikān
پیکانی	paikānī
پیکر	paikar
پیکرستان	paikaristān
پیکرگار	paikar-gār
پیکرگاو	paikar-gāv
پیکند	pīkand
پیکندن	paikandan
پیکور	pai-kūr
پیگ	paig
پیگار	paigār
پیگارسان	paigārisān
پیگارستان	paigāristān
پیگاه	paigāh
پیگو	pegū
پیگور	pai-gūr
پیل	pīl
پیلارام	pīl-ārām
پیلاو	pīlāv
پیلبان	pīlbān
پیلبانی	pīlbānī
پیلپا	pīl-pā
پیلپایه	pīl-pāya
پیلتن	pīl-tan
پیلس	pīlas
پیلسته	pīlasta
پیلسم	pīlsam
پیلغوش	pīlg̱ẖosh
پیلقن	pīlqan
پیلک	pīlak
پیلکش	pīl-kash
پیلگوش	pīl-gosh
پیلگوشک	pīl-goshak
پیلو	pīlū
پیلوا	pīlawā
پیلوار	pīl-wār
پیلوایه	pīlwāya
پیلور	pelawar
پیلون	pelawan
پیله	pela
پیم	payam
پیما	paimā
پیمان	paimān
پیمانه	paimāna
پیمای	paimāy
پیمایش	paimāyish
پیمبر	payam-bar
پیمودن	paimūdan
پیموده	paimūdah
پیمونه	paimūna
پیناسک	pīnāsak
پیناک	paināk
پینکی	pīnakī
پینگی	pīnagī
پینو	pīnū
پینوا	pīnuwā
پینوئین	pīnū’īn
پینه	pīna
پیو	payau
پیوار	pewār
پیواز	pīwāz
پیوژه	paiwazha
پیواسته	pīwāsta
پیوس	piyos
پیوسانیدن	piyosānīdan
پیوست	paiwast
پیوستگان	paiwastagān
پیوستگی	paiwastagī
پیوستن	paiwastan
پیوسته	paiwasta
پیوشیدن	puyūshīdan
پیوک	piyūk
پیوگان	payūgān
پیوگانی	payūgānī
پیوند	paiwand
پیوندانیدن	paiwandānīdan
پیوندگان	paiwandagān
پیوندن	paiwandan
پیوندی	paiwandī
پیوه	pīwa
پیوی	puyoy
پیه	pīh
پیهزده	pīh-zada
پیهکست	pīh-kist
پیهم	paiham
پیهو	paihū
پیهودن	paihūdan
پیهورده	pīhwarda
تا	tā
تاء	tā‘
تاب	tāb
تابا	tābā
تاباق	tābāq
تاباک	tābāk
تابان	tābān
تابانی	tābānī
تاباندن	tābāndan
تابخانه	tāb-ḵẖāna
تابداده	tāb-dāda
تابدار	tāb-dār
تابدان	tābdān
تابده	tāb-dih
تابسار	tāb-sār
تابستان	tābistān
تابسبتانی	tābistānī
تابسه	tābasa
تابش	tābish
تابشان	tābishān
تابع	tābi‘
تابعین	tābi‘īn
تابناک	tābnāk
تابندگی	tābandagī
تابوت	tābūt
تابوغ	tābūg̱ẖ
تابوک	tābūk
تابه	tāba
تابی	tābī
تابیدن	tābīdan
تاٴبین	ta’bīn
تاپاک	tāpāk
تاپال	tāpāl
تاپو	tāpū
تاپه	tāpa
تاپیر	tāpīr
تات	tāt
تاتا	tātā
تاتار	tātār
تاتاری	tātārī
تاتاریک	tātārīk
تاتلی	tātilī
تاتو	tātū
تاتوره	tātūra
تاتول	tātūl
تاتوله	tātūla
تاتونک	tātaunak
تاٴتی	ta’attī
تاتینا	tātīnā
تاٴثر	ta’s̤s̤ur
تاٴثل	ta’as̤s̤ul
تاٴثم	ta’as̤s̤um
تاٴثیر	ta’s̤īr
تاٴثیرات	ta’sīrāt
تاٴثیل	ta’s̤īl
تاٴثیم	ta’s̤īm
تاج	tāj
تاجبخش	tāj-baḵẖsh
تاجپوش	tāj-posh
تاجدار	tāj-dār
تاجداری	tāj-dārī
تاجر	tājir
تاجران	tājurān
تاجری	tājirī
تاجریزی	tājrīzī
تاجک	tājak
تاجگاه	tāj-gāh
تاجور	tājwar
تاجه	tāja
تاجیک	tājīk
تاٴجیل	ta’jīl
تاخ	tāḵẖ
تاخت	tāḵẖt
تاختن	tāḵẖtan
تاختنی	tāḵẖtanī
تاخته	tāḵẖta
تاٴخر	ta’aḵẖḵẖur
تاٴخیر	ta’ḵẖīr
تاخیره	tāḵẖīra
تاٴدب	t̤a’addub
تادی	ta’addī
تاٴدیب	ta’dīb
تاٴدیبات	ta’dībāt
تاٴدیة	ta’diyat
تاٴذن	ta’aẕẕun
تاٴذی	ta’aẕẕī
تاٴذین	ta’ẕīn
تار	tār
تارا	tārā
تاراب	tārāb
تارات	tārāt
تاراج	tārāj
تاراجگر	tārājgar
تاراس	tārās
تاران	tārān
تارة	tārat
تارتار	tār-tār
تارتن	tār-tan
تارتور	tārtūr
تارچوبه	tār-choba
تارح	tāraḥ
تارک	tārak
تارک	tārik
تارکاری	tār-kārī
تارکش	tār-kash
تارم	tāran
تارمیغ	tār-meg̱ẖ
تارنگ	tārang
تارو	tārū
تارون	tārūn
تاره	tāra
تاری	tārī
تاٴریخ	ta’rīḵẖ
تاریخی	tārīḵẖī
تاٴریق	ta’rīq
تاریک	tārīk
تاریکدان	tārīk-dān
تاریکی	tārīkī
تارین	tārīn
تاز	tāz
تازانه	tāzāna
تازانیدن	tāzānīdan
تازش	tāzish
تازک	tāzik
تازکان	tāzakān
تازگی	tāzagī
تازنده	tāzanda
تازنگ	tāzang
تازه	tāza
تازی	tāzī
تازیان	tāziyān
تازیانه	tāziyāna
تازیخانه	tāzī-ḵẖāna
تازیدن	tāzīdan
تازیک	tāzīk
تاژ	tāzh
تاس	tās
تاسا	tāsā
تاسانیدن	tāsānīdan
تاسع	tāsi‘
تاٴسف	tā’assuf
تاٴسفاً	ta’assufan
تاسمصت	tāsimṣat
تاسمه	tāsma
تاسه	tāsa
تاٴسی	ta’assī
تاسیدن	tāsīdan
تاٴسیس	ta’sīs
تاس	tāsh
تاشک	tāshak
تاشکل	tāshkil
تاغ	tāg̱ẖ
تاغستان	tāg̱ẖistān
تاغوش	tāg̱ẖūsh
تافتگی	tāftagī
تافتن	tāftan
تافته	tāfta
تافسیار	tāfisyār
تافشک	tāfashak
تافه	tāfih
تاق	tāq
تاک	tāk
تاکستان	tākistan
تاکوب	tākūb
تاٴکید	ta’kīd
تاٴکیداً	ta’kīdan
تاکیدات	tākīdāt
تاکیدی	tākīdī
تال	tāl
تالاب	tālāb
تالاج	tālāj
تالار	tālār
تالاش	tālāsh
تالان	tālān
تالانک	tālānak
تالانه	tālāna
تالت	tālat
تالد	tālid
تالسان	tālisān
تالسقیر	tālisqīr
تالش	tālish
تالف	ta’alluf
تاٴلق	ta’alluq
تالکی	tālkī
تاٴلم	ta’allum
تالمن	tālmin
تالواسه	tālwāsa
تاٴله	ta’alluh
تالی	tālī
تالیدن	tālīdān
تاٴلیف	ta’līf
تام	tām
تام	tāmm
تامبول	tāmbūl
تاما	tāmā
تامر	tāmir
تاٴمر	ta’ammur
تاٴمل	ta’ammul
تامنیریه	tāmanīriya
تامواره	tāmwāra
تامور	tāmūr
تامول	tāmūl
تاٴمیر	ta’mīr
تامیز	tāmīz
تاٴمیل	ta’mīl
تاٴمین	ta’mīn
تان	tān
تاناک	tānāk
تانبول	tāṃbūl
تاند	tānad
تاٴنس	ta’annus
تانست	tānist
تانک	tānk
تانگر	tāngar
تانم	tānam
تانند	tānand
تانول	tānūl
تانه	tāna
تانی	tānī
تاٴنی	ta’annī
تاٴنیب	ta’nīb
تاٴنیث	ta’nīs̤
تانیدن	tānīdan
تاٴنیس	ta’nīs
تانیسر	tānīsar
تانیستار	tānīstār
تاو	tāv
تاوا	tāwā
تاواتاو	tāw-ā-tāv
تاوان	tāwān
تاوانا	tāwānā
تاوانه	tāwāna
تاوانیدن	tāwānīdan
تاوتک	tāvtak
تاور	tāwar
تاورمان	tāwarmān
تاوریده	tāwarīda
تاوسه	tāwasa
تاوش	tāwush
تاوک	tāwak
تاول	tāwal
تاٴول	ta’awwul
تاووش	tāwūsh
تاوه	tāwa
تاٴویب	ta’wīb
تاویدن	tāwīdan
تاٴویل	ta’wīl
تاه	tāh
تاٴهب	ta’ahhub
تاٴهل	ta’ahhul
تاهو	tāhū
تای	tāy
تایاق	tāyāq
تائب	tā’ib
تائق	tā’iq
تایه	tāya
تائه	tā’ih
تاٴیید	ta’yīd
تاٴییدات	ta’yīdāt
تاییدن	tāyīdan
تب	tab
تب	tabb
تبا	tabā
تبادر	tabādur
تبادل	tabādul
تبادیل	tabādīl
تبار	tabār
تبارزه	tabāriza
تبارک	tabāruk
تباره	tabāra
تباری	tabārī
تباسیدن	tabāsīdan
تباشیر	tabāshīr
تباع	tibā‘
تباعة	tabā‘at
تباک	tabāk
تباله	tabāluh
تبان	tabbān
تبانج	tabānij
تبانجه	tabānja
تبانجیر	tabānjīr
تباه	tabāh
تباهانیدن	tabāhānīdan
تباهچه	tabāhcha
تباهه	tabāha
تباهی	tabāhī
تباهیدن	tabāhīdan
تبایانیدن	tabāyānīdan
تبایع	tabāyu‘
تباین	tabāyun
تبة	tibbat
تبت	tibit
تبت	tabbat
تبتل	tabattul
تبتیک	tabtīk
تبجح	tabajjuḥ
تبجیل	tabjīl
تبحر	tabaḥḥur
تبخال	tab-ḵẖāl
تبخاله	tab-ḵẖāla
تبختر	tabaḵẖtur
تبخیت	tabḵẖīt
تبخیر	tabḵẖīr
تبد	tibid
تبدل	tabaddul
تبدیل	tabdīl
تبدیلات	tabdīlāt
تبدیلانه	tabdīlānah
تبدیلی	tabdīlī
تبدین	tabdīn
تبذر	tabaẕẕur
تبذل	tabaẕẕul
تبذیر	tabẕīr
تبر	tabar
تبر	tabr
تبرج	tabarruj
تبردار	tabar-dār
تبرز	tabarruz
تبرزد	tabar-zad
تبرزن	tabar-zan
تبرزه	tabarza
تبرزین	tabar-zīn
تبرستان	tabaristān
تبرع	tabarru‘
تبرعانه	tabarru‘ānah
تبرک	tabrak
تبرک	tabarruk
تبرکاً	tabarrukan
تبرکات	tabarrukāt
تبرکی	tabarrukī
تبرکیدن	tabarkīdan
تبرگون	tabar-gūn
تبرلگام	tabar-ligām
تبرم	tabram
تبرم	tabarrum
تبرید	tabrīd
تبریز	tabrīz
تبریزی	tabrīzī
تبریق	tabrīq
تبزل	tabazzul
تبست	tabast
تبستغ	tabastug̱ẖ
تبسته	tabasta
تبسم	tabassum
تبسیدن	tabsīdan
تبسیده	tabsīda
تبش	tabish
تبشش	tabashshush
تبشی	tabshī
تبشیر	tabshīr
تبصر	tabaṣṣur
تبطن	tabat̤t̤un
تبطین	tabt̤īn
تبع	taba‘
تبعة	tabi‘at
تبعض	taba‘‘uẓ
تبعه	taba‘a
تبعیة	tab‘īyat
تبعید	tab‘īd
تبعیض	tab‘īẓ
تبغدد	tabag̱ẖdud
تبغیض	tabg̱ẖīẓ
تبفوز	tabfoz
تبقیة	tabqiyat
تبک	tabk
تبکان	tibkān
تبکوب	tabkob
تبکیة	tabkiyat
تبکیر	tabkīr
تبل	tabl
تبل	tabal
تبلاب	tablāb
تبلاد	tablād
تبلج	taballuj
تبلور	tabalwur
تبلونستن	tablūnistan
تبلیغ	tablīg̱ẖ
تبن	tubun
تبن	tabn
تبنا	tabnā
تبند	taband
تبندر	tabandar
تبنده	tabanda
تبنکه	tabanka
تبنگ	tabang
تبنگو	tabangū
تبنی	tabannī
تبو	tabū
تبؤ	tabawwu‘
تبوراک	tabūrāk
تبوک	tabūk
تبویب	tabwīb
تبه	tabah
تبهره	tabahra
تبی	tabī
تبیدن	tabīdan
تبیر	tabīr
تبیع	tabī‘
تبیکه	tabīka
تبین	tabaiyun
تبینه	tabīna
تبیعت	tabī‘at
تبیین	tabyīn
تپ	tap
تپاس	tapās
تپاسبد	tapās-bud
تپاک	tapāk
تپان	tapān
تپانچه	tapāncha
تپایانیدن	tapāyānīdan
تپره	tapra
تپش	tapish
تپک	tapak
تپکچی	tapakchī
تپناک	tapnāk
تپنچه	tapancha
تپنک	tupank
تپنگو	tapangū
تپه	tappa
تپیدن	tapīdan
تپابع	tatābu‘
تتار	tatār
تتارچه	tatārcha
تتاری	tatārī
تتبع	tatabbu‘
تتبعات	tatabbu‘āt
تتر	tatar
تترا	tatrā
تترونتن	tatrūnatan
تتره	tatra
تتریٰ	tatrá
تتریک	titrīk
تتفوز	tatfoz
تتق	tutuq
تتلی	titilī
تتما	tatmā
تتماج	tutmāj
تتمة	tatimmat
تتمتن	tatmitan
تتمیم	tatmīm
تتنک	tatnak
تتی	titī
تثبت	tas̤abbut
تثبط	tas̤abbut̤
تثبیت	tas̤bīt
تثبیط	tas̤bīt̤
تثریب	tas̤rīb
تثقل	tas̤aqqul
تثقیب	tas̤qīb
تثقیل	tas̤qīl
تثلیث	tas̤līs̤
تثمین	tas̤mīn
تثنیة	tas̤niyat
تثویب	tas̤wīb
تجا	tajā
تجادل	tajādul
تجاذب	tajāẕub
تجار	tajār
تجارب	tajārib
تجارة	tijārat
تجارتگاه	tijārat-gāh
تجارتی	tijāratī
تجاره	tajāra
تجاسر	tajāsur
تجافی	tajāfī
تجانف	tajānuf
تجاوز	tajāwuz
تجاویف	tajāwīf
تجاهل	tajāhul
تجبر	tajabbur
تجبیر	tajbīr
تجدد	tajaddud
تجدید	tajdīd
تجدیر	tajdīr
تجر	tajar
تجر	tajr
تجرد	tajarrud
تجرع	tajarru‘
تجرید	tajrīd
تجریع	tajrī‘
تجسس	tajassus
تجسم	tajassum
تجسیم	tajsīm
تجفاف	tijfāf
تجفیف	tajfīf
تجلجل	tajaljul
تجلد	tajallud
تجلی	tajallī
تجلیات	tajalliyāt
تجلید	tajlīd
تجمع	tajammu‘
تجمل	tajammul
تجملات	tajammulāt
تجمیع	tajmī‘
تجنب	tajannub
تجنید	tajnīd
تجنیز	tajnīz
تجنیس	tajnīs
تجوب	tajūb
تجوز	tajuwwuz
تجوید	tajwīd
تجویز	tajwīz
تجویزی	tajwīzī
تجویع	tajwī‘
تجویف	tajwīf
تجویفات	tajwīfāt
تجهز	tajahhuz
تجهیز	tajhīz
تجهیل	tajhīl
تجیب	tujīb
تجیر	tajīr
تحاب	taḥābb
تحارب	taḥārub
تحاسد	taḥāsud
تحاسین	taḥāsīn
تحاشی	taḥāshī
تحاکم	taḥākum
تحالف	taḥāluf
تحامی	taḥāṃī
تحاور	taḥāwur
تحائف	taḥā’if
تحت	taḥt
تحتانی	taḥtānī
تحجیل	taḥjīl
تحدب	taḥaddub
تحدی	taḥaddī
تحدید	taḥdīd
تحدیق	taḥdīq
تحذیق	taḥẕīq
تحذیر	taḥẕīr
تحرز	taḥarruz
تحرک	taḥarruk
تحرمز	taḥarmuz
تحری	taḥarrī
تحریر	taḥrīr
تحریرانه	taḥrīrāna
تحریرات	taḥrīrāt
تحریرکش	taḥrīr-kash
تحریری	taḥrīrī
تحریش	taḥrīsh
تحریص	taḥrīṣ
تحریض	taḥrīẓ
تحریضات	taḥrīẓāt
تحریف	taḥrīf
تحریفات	taḥrīfāt
تحریق	taḥrīq
تحریک	taḥrīk
تحریم	taḥrīm
تحریمه	taḥrīma
تحریمی	taḥrīmī
تحزن	taḥazzun
تحزین	taḥzīn
تحس	taḥs
تحسر	taḥassur
تحسیر	taḥsīr
تحسیس	taḥsīs
تحسین	taḥsīn
تحشم	taḥashshum
تحشیة	taḥshiyat
تحصن	taḥaṣṣun
تحصیل	taḥṣīl
تحصیلات	taḥṣīlāt
تحصین	taḥṣīn
تحضیض	taḥẓīẓ
تحفجات	tuḥfajāt
تحفظ	taḥaffuz̤
تحفگی	tuḥfagī
تحفها	tuḥfahā
تحفیظ	taḥfīz̤
تحقق	taḥaqquq
تحقیر	taḥqīr
تحقیرانه	taḥqīrāna
تحقیق	taḥqīq
تحقیقات	taḥqīqāt
تحقیقانه	taḥqīqāna
تحقیقی	taḥqīqī
تحکم	taḥakkum
تحکیم	taḥkīm
تحلة	taḥillat
تحلحل	taḥalḥul
تحلق	taḥalluq
تحلم	taḥallum
تحلی	taḥallī
تحلیة	taḥliyat
تحلیف	taḥlīf
تحلیق	taḥlīq
تحلیل	taḥlīl
تحلیم	taḥlīm
تحمل	taḥammul
تحمید	taḥmīd
تحمیق	taḥmīq
تحمیل	taḥmīl
تحنی	taḥannī
تحور	taḥawwur
تحول	taḥawwul
تحویل	taḥwīl
تحویلات	taḥwīlāt
تحویلدار	taḥwīl-dār
تحویلداری	taḥwīl-dārī
تحیات	taḥīyāt
تحیة	taḥīyat
تحیر	taḥaiyur
تحیز	taḥaiyuz
تحییر	taḥyīr
تخ	taḵẖ
تخارج	taḵẖāruj
تخازن	taḵẖāzan
تخاطب	taḵẖāt̤ub
تخاطر	taḵẖāt̤ur
تخافت	taḵẖāfut
تخالط	taḵẖālut̤
تخالف	taḵẖāluf
تخامص	taḵẖāmuṣ
تخبر	t̤aḵẖabbur
تخبط	taḵẖabbut̤
تخت	taḵẖt
تختر	tuḵẖtar
تختگاه	taḵẖt-gāh
تختله	taḵẖtala
تختم	taḵẖattum
تخته	taḵẖta
تختی	taḵẖtī
تخجل	taḵẖjal
تخجم	taḵẖjum
تخجیل	taḵẖjīl
تخدیر	taḵẖdīr
تخدیم	taḵẖdīm
تخریب	taḵẖrīb
تخریج	taḵẖrīj
تخریق	taḵẖrīq
تخسیر	taḵẖsīr
تخش	taḵẖsh
تخشا	taḵẖshā
تخشب	taḵẖashshub
تخشع	taḵẖashshu‘
تخشیدن	taḵẖshīdan
تخصیص	taḵẖṣīṣ
تخضع	taḵẖaẓẓu‘
تخطی	taḵẖat̤t̤ī
تخطیط	taḵẖt̤īt̤
تخفیر	taḵẖfīr
تخفیف	taḵẖfīf
تخفیفه	taḵẖfīfa
تخکلوز	taḵẖkulūz
تخگم	taḵẖgam
تخلخل	taḵẖalḵẖul
تخلف	taḵẖalluf
تخلق	taḵẖalluq
تخلل	taḵẖallul
تخله	taḵẖla
تخلی	taḵẖallī
تخلیة	taḵẖliyat
تخلید	taḵẖlīd
تخلیص	taḵẖlīṣ
تخلیط	taḵẖlīt̤
تخلیف	taḵẖlīf
تخلیق	taḵẖlīq
تخلیل	taḵẖlīl
تخم	taḵẖm
تخم	tuḵẖm
تخمار	tuḵẖmār
تخماق	tuḵẖmāq
تخمدان	tuḵẖmdān
تخمگار	tuḵẖm-gār
تخمگان	tuḵẖmugān
تخمه	tuḵẖma
تخمیانه	tuḵẖmiyāna
تخمیر	taḵẖmīr
تخمیس	taḵẖmīs
تخمین	taḵẖmīn
تخمیناً	taḵẖmīnan
تخمینی	taḵẖmīnī
تخوار	tuḵẖẉār
تخوف	taḵẖawwuf
تخول	takhawwul
تخون	taḵẖawwun
تخویف	taḵẖwīf
تخویل	taḵẖwīl
تخوین	taḵẖwīn
تخیل	taḵẖayyul
تخیلات	taḵẖayyulāt
تخییر	taḵẖyīr
تخییل	taḵẖyīl
تخییلی	taḵẖyīlī
تدابیر	tadābīr
تداخل	tadāḵẖul
تدارک	tadāruk
تداعی	tadā‘ī
تدافع	tadāfu‘
تدامیر	tadāmīr
تداول	tadāwul
تداوی	tadāwī
تدبر	tadabbur
تدبیح	tadbīḥ
تدبیخ	tadbīḵẖ
تدبیر	tadbīr
تدبیرات	tadbīrāt
تدثر	tadas̤s̤ur
تدحرج	tadaḥruj
تدخین	tadḵẖīn
تدرب	tadarrub
تدرج	tadarruj
تدریب	tadrīb
تدریج	tadrīj
تدریجاً	tadrījan
تدریس	tadrīs
تدفین	tadfīn
تدقیق	tadqīq
تدلک	tadalluk
تدلل	tadallul
تدلی	tadallī
تدلیس	tadlīs
تدمر	tadmur
تدمیر	tadmīr
تدنس	tadannus
تدنی	tadannī
تدنیس	tadnīs
تدنیق	tadnīq
تدو	tadav
تدویر	tadwīr
تدوین	tadwīn
تده	tada
تدهن	tadahhun
تدهین	tadhīn
تدین	tadaiyun
تذبذب	taẕabẕub
تذرج	taẕarj
تذرو	taẕarv
تذروی	taẕarwī
تذکر	taẕakkur
تذکرتاً	taẕkiratan
تذکیة	taẕkiyat
تذکیر	taẕkīr
تذلل	taẕallul
تذلیق	taẕlīk
تذلیل	taẕlīl
تذنیب	taẕnīb
تذو	taẕav
تذور	taẕwar
تذهیب	taẕhīb
تذییل	taẕyīl
تر	tar
تر	tarr
ترا	tarā
تراب	tarāb
تراب	turāb
ترابش	tarābish
ترابی	turābī
ترابیدن	tarābīdan
تراتیزک	tarā-tezak
تراث	turās̤
تراج	tarāj
تراجع	tarāju‘
تراجل	tarājil
ترادف	tarāduf
تراره	tarāra
تراز	tarāz
ترازو	tarāzū
ترازودان	tarāzūdān
ترازیدن	tarāzīdan
تراس	tarrās
تراس	tarāss
تراش	tarāsh
تراشش	tarāshish
تراشه	tarāsha
تراشیدن	tarāshīdan
تراشیده	tarāshīda
تراص	tarāṣṣ
تراضی	tarāẓī
تراق	tarāq
تراقی	tarāqī
تراک	tarāk
تراکاستن	tarākāstan
تراکم	tarākum
تراکمة	tarākimat
تراکه	tarāka
تراکیب	tarākīb
تراکیدن	tarākīdan
ترامی	tarāmī
ترانگبین	tar-angubīn
ترانه	tarāna
ترانیدن	tarānīdan
تراو	tarāv
تراوانیدن	tarāwānīdan
تراوش	tarāwish
تراول	tarāwil
تراوی	tarāwī
تراویح	tarāwīḥ
تراوید	tarāwīd
تراویدن	tarāwīdan
تراه	tarāh
تراهی	tarāhī
ترائب	tarā’ib
ترایمان	tarāymān
ترائی	tarā’ī
تراییدن	tarāyīdan
ترب	tarb
ترب	turb
تربالی	tarbālī
تربامان	tarbāmān
تربتی	turbatī
تربد	tirbid
تربره	tarbara
تربز	tarbuz
تربسه	tarbasa
تربص	tarabbuṣ
تربک	turbak
تربن	tarbun
تربند	tar-band
تربو	tarbū
تربوز	tarbūz
تربیه	tarbiyat
تربیح	tarbīḥ
تربیع	tarbī‘
ترپ	tarp
ترپر	tarpar
ترت	tart
ترتب	tarattub
ترتبیدن	tartabīdan
ترترک	tartarak
ترتک	turtuk
ترتکته	tartakta
ترتند	tartand
ترتیب	tartīb
تربیبوار	tartībwār
ترتیبی	tartībī
ترتیل	tartīl
ترجح	tarajjuḥ
ترجل	tarajjul
ترجم	tarajjum
ترجمانی	turjumānī
ترجی	tarajjī
ترجیب	tarjīb
ترجیح	tarjīḥ
ترجیع	tarjī‘
ترجیل	tarjīl
ترح	tarḥ
ترحال	tirḥāl
ترحل	taraḥḥul
ترحم	taraḥḥum
ترحیب	tarḥīb
ترحیل	tarḥīl
ترحیم	tarḥīm
ترخ	tarḵẖ
ترخان	tarḵẖān
ترخانه	tarḵẖāna
ترخانی	tarḵẖānī
ترخته	taraḵẖta
ترخجه	taraḵẖja
ترخر	taraḵẖar
ترخرانه	tarḵẖarāna
ترخش	taraḵẖsh
ترخص	taraḵẖḵẖuṣ
ترخنده	tarḵẖanda
ترخوانه	tarḵẖwāna
ترخون	tar-ḵẖūn
ترخیص	tarḵẖīs
ترخیم	tarḵẖīm
ترخینه	tarḵẖīna
ترد	turd
تردامنی	tar-dāmanī
تردد	taraddud
ترددات	taraddudāt
تردست	tar-dast
تردستی	tar-dastī
تردک	tardak
تردم	taraddum
ترده	tarda
تردی	taraddī
تردید	tardīd
تردیف	tardīf
ترزبان	tar-zabān
تزدک	tazdak
ترزفان	tar-zafān
ترزیق	tirzīq
ترس	tars
ترس	turs
ترسا	tarsā
ترسابچه	tarsā-bacha
ترسان	tarsān
ترساننده	tarsānanda
ترسانیدن	tarsānīdan
ترسائی	tarsā’ī
ترست	tirist
ترسگار	tarsgār
ترسگاری	tarsgārī
ترسل	tarassul
ترسناک	tarsnāk
ترسناکی	tarsnākī
ترسندگی	tarsindagī
ترسنده	tarsinda
ترسو	tarsū
ترسه	tarsa
ترسیدن	tarsīdan
ترسیل	tarsīl
ترشانیدن	turshānīdan
ترشائی	turshā’ī
ترشبا	tursh-bā
ترشح	tarashshuḥ
ترشحات	tarashshuḥāt
ترشک	turshak
ترشکک	turushkak
ترشناک	turushnāk
ترشه	turusha
ترشی	turshī
ترشیح	tarshīḥ
ترشیدن	turshīdan
ترشیش	tarshīsh
ترشینک	turshīnak
ترصد	taraṣṣud
ترصدا	tar-ṣadā
ترصیص	tarṣīṣ
ترصیع	tarṣī‘
ترطیب	tart̤īb
ترع	tara‘
ترعرع	tara‘ru‘
ترغ	turug̱ẖ
ترغازه	targ̱ẖāza
ترغان	turg̱ẖān
ترغش	targ̱ẖish
ترغند	targ̱ẖand
ترغو	targ̱ẖo
ترغیب	targ̱ẖīb
ترف	tarf
ترف	taraf
ترفان	tarfān
ترفبا	tarf-bā
ترفد	turfad
ترفنج	tarfanj
ترفند	tarfand
ترفنده	tarfanda
ترفوا	tarf-wā
ترفیه	tarfīh
ترقاق	turqāq
ترقب	taraqubb
ترقنج	tarqanj
ترقند	tarqand
ترقو	tarqo
ترقه	turqa
ترقی	taraqqī
ترقیات	taraqqiyāt
ترقیدن	tarqīdan
ترقیق	tarqīq
ترقیم	tarqīm
ترقین	tarqīn
ترک	tark
ترک	turk
ترکات	tarikāt
ترکاری	tarkārī
ترکاش	tarkāsh
ترکان	turkān
ترکانه	turkāna
ترکانی	turkānī
ترکب	tarakkub
ترکة	tarkat
ترکتاز	turk-tāz
ترکچه	turkcha
ترکز	tarkaz
ترکژ	tarkazh
ترکستان	turkistān
ترکش	tarkash
ترکمان	turkmān
ترکمانستان	turkmānistān
ترکمانی	turkmānī
ترکند	tarkand
ترکنده	tarkanda
ترکهار	tarkihār
ترکی	turkī
ترکیات	turkiyāt
ترکیب	tarkīb
ترکیبات	tarkībāt
ترکیبی	tarkībī
ترکیدگی	tarkīdagī
ترگ	targ
ترگون	targūn
ترلک	tirlik
ترلنکان	tirlankān
ترلوه	tarlawah
ترلیک	tirlīk
ترم	tarm
ترمانیدن	tarmānīdan
ترمتای	turmtāy
ترمد	tirmid
ترمره	tarmurah
ترمزدن	tarmazdan
ترمس	tarmus
ترمسه	tarmasah
ترمش	tarmish
ترمشیر	tarmashīr
ترمک	tirmak
ترمنشت	tar-manisht
ترموره	tarmūrah
ترموش	tarmūsh
ترمیدن	tarmīdan
ترمیل	tarmīl
ترمیم	tarmīm
ترن	taran
ترناس	tarnās
ترنانه	tar-nāna
ترنج	taranj
ترنجان	turunjān
ترنجبین	taranjubīn
ترند	tarand
ترندر	tarandar
ترنگان	turungān
ترنگانیدن	tarangānīdan
ترنگبین	tar-angubīn
ترنم	tarannum
ترنند	tarnand
ترنهادگی	tar-nihādagī
ترنیان	tarniyān
ترنیب	tarnīb
ترو	turū
تروال	tarwāl
تروح	tarauwuḥ
تروده	tarūda
ترور	turūr
تروشه	turūsha
تروعه	tarwi‘a
تروند	tarwand
ترونده	tarwanda
ترویة	tarwiyat
ترویج	tarwīj
ترویح	tarwīḥ
ترویق	tarwīq
تره	tara
تره	turrah
ترهات	turrahāt
ترهب	tarahhub
ترهة	turrahat
ترهشتن	tarhishtan
ترهنده	tarhanda
ترهیب	tarhīb
تری	tarī
تریاز	tiryāz
تریاقات	tiryāqāt
تریاقی	tiryāqī
تریاکی	tiryākī
تریامن	taryāmān
تریت	tarīt
تریدن	tarīdan
تریر	tarīr
تریز	tirez
ترین	tarīn
ترینان	tarīnān
ترینه	tarīna
تریو	taryo
تریوه	tarewa
تز	taz
تزاحم	tazāḥum
تزاو	tazāv
تزاور	tazāwur
تزاول	tazāwil
تزاید	tazāyud
تزحر	tazaḥḥur
تزحیر	tazḥīr
تزد	tazad
تزده	tazda
تزر	tazar
تزرو	tazrū
تزره	tazra
تزعزع	taza‘zu‘
تزغو	tuzg̱ẖū
تزفان	tazfān
ترقو	tuzqū
تزک	tazak
تزکی	tazakkī
تزکیة	tazkiyat
تزلب	tazlab
تزلزل	tazalzul
تزلقی	tuzulqī
تزم	tazm
تزمیر	tazmīr
تزمیل	tazmīl
تزندر	tazandar
تزندق	tazanduq
تزوال	tazwāl
تزوج	tazauwuj
تزود	tazauwud
تزویج	tazwīj
تزویر	tazwīr
تزویق	tazwīq
تزهد	tazahhud
تزهید	tazhīd
تزیدن	tazīdan
تزیک	tazīk
ترین	tazaiyun
تزیی	tazaiyī
تزییف	tazyīf
تزیین	tazyīn
تژ	tazh
تژاو	tazhāw
تژاول	tazhāwil
تژدک	tazhdak
تژده	tazhda
تژوال	tazhwāl
تژه	tazha
تس	tas
تسابق	tasābuq
تساچه	tasācha
تساقط	tasāqut̤
تسالم	tasālum
تسامح	tasāmuḥ
تساوی	tasāwī
تساهل	tasāhul
تساهم	tasāhum
تسبانیدن	tasbānīdan
تسبب	tasabbub
تسبیح	tasbīḥ
تسبیحات	tasbīḥāt
تسبیدن	tasbīdan
تسبیع	tasbī‘
تست	tast
تستر	tustar
تستر	tasattur
تستی	tustī
تسجیع	tasjī‘
تسجیل	tasjīl
تسحب	tasaḥḥub
تسحر	tasaḥḥur
تسحیر	tasḥīr
تسخر	tasḵẖar
تسخر	tasaḵẖḵẖur
تسخیر	tasḵẖīr
تسخین	tasḵẖīn
تسدید	tasdīd
تسدیس	tasdīs
تسری	tasarrī
تسریح	tasrīḥ
تسطیح	tast̤īḥ
تسطیر	tast̤īr
تسع	tas‘
تسعة	tis‘at
تسعون	tis‘ūn
تسعیر	tas‘īr
تسفه	tasaffuh
تسفیدن	tasfīdan
تسفیه	tasfīh
تسکنج	taskanj
تسکین	taskīn
تسلح	tasalluḥ
تسلخ	tasalluḵẖ
تسلس	tasallus
تسلسل	tasalsul
تسلف	tasalluf
تسلط	tasallut̤
تسلل	tasallul
تسلی	tasullī
تسلیة	tasliyat
تسلیخ	taslīḵẖ
تسلیط	taslīt̤
تسلیم	taslīm
تسلیمات	taslīmāt
تسمع	tasammu‘
تسمه	tasma
تسمیر	tasmīr
تسمیط	tasmīt̤
تسمیع	tasmī‘
تسمین	tasmīn
تسنم	tasannum
تسنن	tasannun
تسنی	tasannī
تسنیم	tasnīm
تسو	tasū
تسوج	tasūj
تسور	tasauwur
تسویة	taswiyat
تسوید	taswīd
تسویر	taswīr
تسویغ	taswīg̱ẖ
تسویغات	taswīg̱ẖāt
تسویف	taswīf
تسویل	taswīl
تسویلات	taswīlāt
تسویم	taswīm
تسهیل	tasˌhīl
تسی	tasī
تسییر	tasyīr
تش	tash
تشاٴم	tashā’um
تشابه	tashābuh
تشاتم	tashātum
تشاجر	tashājur
تشاریف	tashārīf
تشاعر	tashā‘ur
تشاکل	tashākul
تشاور	tashāwur
تشاهد	tashāhud
تشبث	tashabbus̤
تشبه	tashabbuh
تشبیب	tashbīb
تشبیک	tashbīk
تشبیل	tashbīl
تشبیه	tashbīh
تشت	tasht
تشتاقه	tashtāqa
تشتت	tashattut
تشتخانه	tasht-ḵẖāna
تشتخوان	tasht-ḵẖẉān
تشتدار	tasht-dār
تشتر	tashtar
تشتکی	tashtakī
تشتمیر	tashtmīr
تشتن	tashtan
تشته	tashta
تشتیت	tashtīt
تشتیوان	tashtīwān
تشجیر	tashjīr
تشحیذ	tashḥīẕ
تشخص	tashaḵẖḵẖuṣ
تشخیص	tashḵẖīṣ
تشدد	tashaddud
تشددات	tashaddudāt
تشدید	tashdīd
تشرف	tasharruf
تشرفات	tasharrufāt
تشریح	tashrīḥ
تشریحی	tashrīḥī
تشریف	tashrīf
تشریفات	tashrīfāt
تشریفاتی	tashrīfātī
تشریق	tashrīq
تشریک	tashrīk
تشفع	tashaffu‘
تشفی	tashaffī
تشفیع	tashfī‘
تشقق	tashaqquq
تشقیق	tashqīq
تشک	tushak
تشکر	tashakkur
تشکک	tashakkuk
تشکل	tashakkul
تشکی	tashakkī
تشکیک	tashkīk
تشکیل	tashkīl
تشلیخ	tashlīḵẖ
تشمر	tashammur
تشمیر	tashmīr
تشمیزج	tashmīzaj
تشنج	tashannuj
تشنک	tashank
تشنگی	tishnagī
تشنه	tashna
تشنیر	tashnīr
تشنیع	tashnī‘
تشور	tashauwur
تشوش	tashauwush
تشوق	tashauwuq
تشویر	tashwīr
تشویش	tashwīsh
تشویق	tashwīq
تشویک	tashwīk
تشویه	tashwīh
تشه	tashsha
تشهد	tashahhud
تشهیر	tashhīr
تشهیزج	tashhīzaj
تشی	tashī
تشیخ	tashaiyuḵẖ
تشیر	tashīr
تشیره	tashīra
تشیع	tashaiyu‘
تشین	tashaiyun
تشیپد	tashyīd
تشییع	tashyī‘
تصادق	taṣāduq
تصادم	taṣādum
تصاعد	taṣā‘ud
تصافح	taṣāfuḥ
تصانیف	taṣānīf
تصاویر	taṣāwīr
تصبح	taṣabbuḥ
تصحیح	taṣḥīḥ
تصحیحه	taṣḥīḥa
تصحیف	taṣḥīf
تصدر	taṣaddur
تصدع	taṣaddu‘
تصدق	taṣadduq
تصدی	taṣaddī
تصدیر	taṣdīr
تصدیع	taṣdī‘
تصدیق	taṣdīq
تصرف	taṣarruf
تصرفات	taṣarrufāt
تصرفی	taṣarrufī
تصرم	taṣarrum
تصریح	taṣrīḥ
تصریع	taṣrī‘
تصریف	taṣrīf
تصریم	taṣrīm
تصعب	taṣa‘‘ub
تصعد	taṣa‘‘ud
تصعید	taṣ‘īd
تصعیر	taṣ‘īr
تصغیر	taṣg̱ẖīr
تصفح	taṣaffuḥ
تصفیح	taṣfīḥ
تصفیق	taṣfīq
تصلب	taṣallub
تصلف	taṣalluf
تصلیب	taṣlīb
تصمیم	taṣmīm
تصنع	taṣannu‘
تصنیف	taṣnīf
تصنیفات	taṣnīfāt
تصوب	taṣauwub
تصور	taṣauwur
تصوریدن	taṣauwurīdan
تصوف	taṣawwuf
تصویب	taṣwīb
تصویر	taṣwīr
تصویرات	taṣwīrāt
تصویرخانه	taṣwīr-ḵẖāna
تصییر	taṣyīr
تضاد	taẓādd
تضافر	taẓāfur
تضایف	taẓāyuf
تضایق	taẓāyuq
تضجر	taẓajjur
تضجع	taẓajju‘
تضجیع	taẓjī‘
تضحی	taẓaḥḥī
تضحیک	taẓḥīk
تضور	taẓarrur
تضرع	taẓarru‘
تضرم	taẓarrum
تضریب	taẓrīb
تضریس	taẓrīs
تضریم	taẓrīm
تضعضع	taẓa‘ẓu‘
تضعیف	taẓ‘īf
تضلیل	taẓlīl
تضمن	taẓammun
تضمید	taẓmīd
تضمیر	taẓmīr
تضمین	taẓmīn
تضوع	taẓawwu‘
تضیع	taẓaiyu‘
تضیق	taẓaiyuq
تضییع	taẓyī‘
تضییق	taẓyīq
تطابق	tat̤ābuq
تطامن	tat̤āmun
تطاول	tat̤āwul
تطبق	tat̤abbuq
تطبیق	tat̤bīq
تطرق	tat̤arruq
تطریف	tat̤rīf
تطفل	tat̤afful
تطفیف	tat̤fīf
تطفیل	tat̤fīl
تطلیق	tat̤līq
تطوع	tat̤auwu‘
تطوعات	tat̤auwu‘āt
تطوف	tat̤auwuf
تطوق	tat̤auwuq
تطول	tat̤auwul
تطویع	tat̤wī‘
تطویف	tat̤wīf
تطویق	tat̤wīq
تطویل	tat̤wīl
تطویلانه	tat̤wīlāna
تطهر	tat̤ahhur
تطهیر	tat̤hīr
تطیر	tat̤aiyur
تطییر	tat̤yīr
تطیین	tat̤yīn
تظالم	taz̤ālum
تظاهر	taz̤āhur
تظرف	taz̤arruf
تظلم	taz̤allum
تظلیل	taz̤līl
تظلیم	taz̤līm
تعادل	ta‘ādul
تعادی	ta‘ādī
تعارض	ta‘āruẓ
تعارف	ta‘āruf
تعاطی	ta‘āt̤ī
تعاقب	ta‘āqub
تعاقد	ta‘āqud
تعال	ta‘āl
تعالیٰ	ta‘ālá
تعامی	ta‘āmī
تعاون	ta‘āwun
تعاهد	ta‘āhud
تعب	ta‘ab
تعبد	ta‘abbud
تعبیة	ta‘biyat
تعبیر	ta‘bīr
تعجب	ta‘ajjub
تعجل	ta‘ajjul
تعجیب	ta‘jīb
تعجیل	ta‘jīl
تعجیلانه	ta‘jīlāna
تعجیم	ta‘jīm
تعداد	ta‘dād
تعدد	ta‘addud
تعدی	ta‘addī
تعدید	ta‘dīd
تعدیل	ta‘dīl
تعذر	ta‘aẕẕur
تعذیب	ta‘ẕīb
تعذیر	ta‘ẕīr
تعرض	ta‘arruẕ
تعرف	ta‘arruf
تعریب	ta‘rīb
تعریس	ta‘rīs
تعریض	ta‘rīẓ
تعریف	ta‘rīf
تعریفات	ta‘rīfāt
تعریفی	ta‘rīfī
تعریق	ta‘rīq
تعریک	ta‘rīk
تعزیر	ta‘zīr
تعزیل	ta‘zīl
تعس	ta‘s
تعسر	ta‘assur
تعسف	ta‘assuf
تعشق	ta‘ashshuq
تعشی	ta‘ashshī
تعشیش	ta‘shīsh
تعصب	ta‘aṣṣub
تعصیب	ta‘sīb
تعطف	ta‘at̤t̤uf
تعطل	ta‘at̤t̤ul
تعطیر	ta‘t̤īr
تعظم	ta‘az̤z̤um
تعظیم	ta‘z̤īm
تعفف	ta‘affuf
تعفن	ta‘affun
تعفیة	ta‘fiyat
تعفین	ta‘fīn
تعقب	ta‘aqqub
تعقل	ta‘aqqul
تعقیب	ta‘qīb
تعقید	ta‘qīd
تعقیر	ta‘qīr
تعلق	ta‘alluq
تعلقات	ta‘alluqāt
تعلقجات	ta‘alluqajāt
تعلقدار	ta‘alluq-dār
تعلقه	ta‘alluqa
تعلل	ta‘allul
تعلم	ta‘allum
تعلی	ta‘allī
تعلیق	ta‘līq
تعلیقه	ta‘līqa
تعلیل	ta‘līl
تعلیم	ta‘līm
تعلیمی	ta‘līmī
تعمد	ta‘ammud
تعمداً	ta‘ammudan
تعمق	ta‘ammuq
تعمل	ta‘ammul
تعمم	ta‘ammum
تعمی	ta‘ammī
تعمید	ta‘mīd
تعمیر	ta‘mīr
تعمیق	ta‘mīq
تعمیل	ta‘mīl
تعمیم	ta‘mīm
تعنت	ta‘annut
تعنیف	ta‘nīf
تعنین	ta‘nīn
تعود	ta‘auwud
تعوذ	ta‘auwuẕ
تعوق	ta‘auwuq
تعویج	ta‘wīj
تعوید	ta‘wīd
تعویذ	ta‘wīẕ
تعویض	ta‘wīẓ
تعویق	ta‘wīq
تعویل	ta‘wīl
تعویم	ta‘wīm
تعهد	ta‘ahhud
تعیش	ta‘aiyush
تیعل	ta‘aiyal
تعین	ta‘īn
تعینات	ta‘īnāt
تعیناتی	ta‘īnātī
تعییر	ta‘yīr
تعیین	ta‘yīn
تعیینات	ta‘yīnāt
تغابن	tag̱ẖābun
تغار	tag̱ẖār
تغاره	tag̱ẖāra
تغاری	tag̱ẖārī
تغافل	tag̱ẖāful
تغافلی	tag̱ẖāfulī
تغالب	tag̱ẖālub
تغایر	tag̱ẖāyur
تغتخ	tug̱ẖtuḵẖ
تغتز	tag̱ẖtaz
تغدری	tug̱ẖdarī
تغدی	tag̱ẖaddī
تغذیة	tag̱ẖẕiyat
تغرچاق	tag̱ẖarchāq
تغریٰ	tug̱ẖrá
تغریب	tag̱ẖrīb
تغریر	tag̱ẖrīr
تغریم	tag̱ẖrīm
تغزیر	tag̱ẖzīr
تغشی	tag̱ẖashshī
تغطی	tag̱ẖat̤t̤ī
تغطیة	tag̱ẖt̤iyat
تغفیل	tag̱ẖfīl
تغل	tug̱ẖal
تغلب	tag̱ẖlib
تغلب	tag̱ẖallub
تغلبی	tag̱ẖlabī
تغلیب	tag̱ẖlīb
تغلیس	tag̱ẖlīs
تغلیط	tag̱ẖlīt̤
تغلیظ	tag̱ẖlīz̤
تعلیف	tag̱ẖlīf
تغلیق	tag̱ẖlīq
تغمد	tag̱ẖammud
تغمه	tag̱ẖma
تغمیض	tag̱ẖmīz
تغنغ	tag̱ẖnag̱ẖ
تغنی	tag̱ẖannī
تغور	tug̱ẖūr
تغیر	tag̱ẖaiyur
تغیرات	tag̱ẖaiyurāt
تغیض	tag̱ẖaiyuz̤
تغیظ	tag̱ẖaiyuz
تغییب	tag̱ẖyīb
تغییر	tag̱ẖyīr
تغییرات	tag̱ẖyīrāt
تف	taf
تف	tuff
تغاح	tuffāḥ
تفاخر	tafāḵẖur
تفارق	tafāruq
تفاریق	tafārīq
تفاسیر	tafāsīr
تفاصیل	tafāṣīl
تفاضل	tafāẓul
تفاع	tafāg̱ẖ
تفال	tufāl
تفانی	tafānī
تفاوت	tafāwut
تفاؤل	tafā’ul
تفت	taft
تفتت	tafattut
تفتگی	taftagī
تفتن	taftan
تفته	tafta
تفتیح	taftīḥ
تفتیدن	taftīdan
تفتیش	taftīsh
تفتیشی	taftīshī
تفتیک	taftīk
تفتیل	taftīl
تفتین	taftīn
تفث	tafas̤
تفجر	tafajjur
تفجیر	tafjīr
تفجیع	tafjī‘
تفحص	tafaḥḥuṣ
تفحل	tafaḥḥul
تفحیم	tafḥīm
تفخر	tafaḵẖḵẖur
تفخیم	tafḵẖīm
تفرث	tafarrus̤
تفرج	tafarruj
تفرچاغ	tafarchāg̱ẖ
تفرح	tafarruḥ
تفرد	tafarrud
تفرس	tafarrus
تفرع	tafarru‘
تفرغ	tafarrug̱ẖ
تفرق	tafarruq
تفریج	tafrīj
تفریح	tafrīḥ
تفریحاً	tafrīḥan
تفرید	tafrīd
تفریدن	tafrīdan
تفریس	tafrīs
تفریط	tafrīt̤
تفریع	tafrī‘
تفریغ	tafrīg̱ẖ
تفریق	tafrīq
تفزیع	tafzī‘
تفس	tafs
تفسان	tafsān
تفسیا	tafsiyā
تفسیدن	tafsīdan
تفسیده	tafsīda
تفسیر	tafsīr
تفسیره	tafsīra
تفسیق	tafsīq
تفسیله	tafsīla
تفش	tafsh
تفشل	tafshal
تفشله	tafshila
تفشه	tafsha
تفشیره	tafshīra
تفشیله	tafshīla
تفصیل	tafṣīl
تفصیلاً	tafsīlan
تفصیلانه	tafṣīlāna
تفضل	tafaẓẓul
تفضلات	tafaẓẓulāt
تفضی	tafaẓẓī
تفضیح	tafẓīḥ
تفضیل	tafẓīl
تفطیر	taft̤īr
تفطین	taft̤īn
تفقد	tafaqqud
تفقه	tafaqquh
تفک	tufak
تفکده	taf-kada
تفکر	tafakkur
تفکه	tafakkuh
تفکیر	tafkīr
تفکیک	tafkīk
تفل	tafl
تفلیس	taflīs
تفلیک	taflīk
تفلین	taflīn
تفناک	tafnāk
تفنگ	tufang
تفنگچی	tufangchī
تفنن	tafannun
تفنود	tafnūd
تفنه	tafna
تفنید	tafnīd
تفو	tafū
تفور	tafūr
تفوق	tafauwuq
تفول	tafauwul
تفوه	tafauwuh
تفویض	tafwīẓ
تفه	tafa
تفه	tafah
تفهم	tafahhum
تفهیم	tajhīm
تفیدن	tafīdan
تفین	tafīn
تفیه	tafya
تقابل	taqābul
تقاتل	taqātul
تقادم	taqādum
تقادیر	taqādīr
تقار	taqār
تقارب	taqārub
تقاسم	taqāsum
تقاص	taqāṣṣ
تقاصیر	taqāṣīr
تقاضا	taqāẓā’
تقاضائی	taqāẓā’ī
تقاضی	taqāẓī
تقاطر	taqāt̤ur
تقاطع	taqāt̤u‘
تقاعد	taqā‘ud
تقالیب	taqālīb
تقاوة	taqāwat
تقاول	taqāwul
تقاوم	taqāwum
تقاوی	taqāwī
تقبض	taqabbuẓ
تقبل	taqabbul
تقبلادت	taqabbulāt
تقبیح	taqbīḥ
تقبیل	taqbīl
تقتیر	taqtīr
تقدس	taqaddus
تقدم	taqaddum
تقده	taqda
تقدیر	taqdīr
تقدیرات	taqdīrāt
تقدیری	taqdīrī
تقدیس	taqdīs
تقدیم	taqdīm
تقرب	taqarrub
تقرح	taqarruḥ
تقرحات	taqarruḥāt
تقرده	taqirda
تقرر	taqarrur
تقرری	taqarrurī
تقرع	taqarru‘
تقره	taqira
تقریب	taqrīb
تقریباً	taqrīban
تقریبات	taqrībāt
تقریبی	taqrībī
تقریر	taqrīr
تقریراً	taqrīran
تقریس	taqrīs
تقریظ	taqrīz̤
تقریع	taqrī‘
تقریک	taqrīk
تقسم	taqassum
تقسیم	taqsīm
تقسیمی	taqsīmī
تقشف	taqashshuf
تقشیر	taqshīr
تقصیر	taqṣīr
تقصیرات	taqṣīrāt
تقصیروا	taqṣīr-wār
تقطع	taqat̤t̤u‘
تقطیر	taqt̤īr
تقطیع	taqt̤ī‘
تقعید	taq‘īd
تقعیر	taq‘īr
تقطیب	taqt̤īb
تقفیل	taqfīl
تقلب	taqallub
تقلبات	taqallubāt
تقلد	taqallud
تقلی	tuqlī
تقلیب	taqlīb
تقلیبی	taqlībī
تقلید	taqlīd
تقلیدی	taqlīdī
تقلیس	taqlīs
تقلیل	taqlīl
تقلیم	taqlīm
تقماق	tuqmāq
تقنع	taqannu‘
تقنیع	taqnī‘
تقوا	taqwā
تقواء	tuqawā’
تقوز	toqūz
تقوع	taqū‘
تقوم	taqauwum
تقویٰ	taqwá
تقوی	taqauwī
تقویة	taqwiyat
تقویض	taqwīẓ
تقویل	taqwīl
تقویم	taqwīm
تقه	tuqa
تقیٰ	tuqá
تقید	taqaiyud
تقیدات	taqaiyudāt
تقیظ	taqaiyuz̤
تقیید	taqyīd
تک	tak
تکاب	tak-āb
تکاپو	takāpū
تکاثر	takās̤ur
تکاثف	takās̤uf
تکاز	takār
تکاسل	takāsul
تکافؤ	takāfu’
تکاک	takāk
تکان	takān
تکالیف	takālīf
تکامل	takāmul
تکامیش	takāmīsh
تکامیشی	takāmīshī
تکانیدن	takānīdan
تکاو	tak-āv
تکاور	tak-āwar
تکاهل	takāhul
تکبر	takabbur
تکبری	takabburī
تکبند	tak-band
تکبیر	takbīr
تکتاز	tak-tāz
تکثر	takas̤s̤ur
تکثیر	taks̤īr
تکثیف	taks̤īf
تکحل	takaḥḥul
تکحیل	takḥīl
تکدد	takaddud
تکدر	takaddur
تکذیب	takẕīb
تکر	takar
تکرار	takrār
تکراری	takrārī
تکرر	takarrur
تکرع	takarru‘
تکرونتن	takarūnitan
تکریر	takrīr
تکریم	takrīm
تکریمات	takrīmāt
تکژدان	takazh-dān
تکس	takas
تکسر	takassur
تکسل	takassul
تکسیر	taksīr
تکسین	taksīn
تکش	takash
تکشمشی	tikshimishī
تکشمیر	takshmīr
تکعیب	tak‘īb
تکفل	takafful
تکفیر	takfīr
تکفیل	takfīl
تکفین	takfīn
تکلان	tuklān
تکلتو	takaltū
تکلتودوز	takaltū-doz
تکلف	takalluf
تکلفات	takallufāt
تکلم	takallum
تکله	tukla
تکلیف	taklīf
تکلیل	taklīl
تکلیم	taklīm
تکمار	tukmār
تکمله	takmila
تکمه	tikma
تکمید	takmīd
تکمیل	takmīl
تکن	takan
تکنی	takannī
تکو	takū
تکور	takauwur
تکوژ	takozh
تکوک	takok
تکون	takauwun
تکوی	takawī
تکویر	takwīr
تکوین	takwīn
تکه	taka
تکی	takī
تکیدن	takīdan
تکیز	takīz
تکیسه	takīsa
تکیشمیشی	tikīshimīshī
تکین	takīn
تکیه	takya
تگ	tag
تگاب	tag-āb
تگاندن	tagāndan
تگاور	tag-āwar
تگتاز	tag-tāz
تگدی	tagaddī
تگرگ	tagarg
تگل	tagl
تگلتو	tagaltū
تگمر	tugmar
تگیدن	tagīdan
تل	tal
تل	tall
تلا	talā
تلابانیدن	talābānīdan
تلابیدن	talābīdan
تلاتف	talātuf
تلاتون	talātūn
تلاتین	talātīn
تلاحق	talāḥuq
تلاد	talād
تلاد	tilād
تلازم	talāzum
تلاس	talās
تلاش	talāsh
تلاشان	talāshān
تلاشی	talāshī
تلاشیدن	talāshīdan
تلاطم	talāt̤um
تلافی	talāfī
تلاق	talāq
تلاق	tilāq
تلاقی	talāqī
تلالا	talālā
تلام	tilām
تلامذ	talāmiẕ
تلامیذ	talāmīẕ
تلامیع	talāmī‘
تلان	talān
تلاوة	tilāwat
تلایه	tilāya
تلبا	talbā
تلبث	talabbus̤
تلبد	talabbud
تلبس	talabbus
تلبه	talba
تلبیس	talbīs
تلتک	taltak
تلشم	talas̤s̤um
تلثیث	tals̤īs̤
تلثیم	tals̤īm
تلج	talaj
تلجلج	talajluj
تلخ	talḵẖ
تلخا	talḵẖā
تلخاب	talḵẖ-āb
تلخجکوک	talḵẖ-jakok
تلخک	talḵẖak
تلخناک	talḵẖnāk
تلخه	talḵẖa
تلخی	talḵẖī
تلخیص	talḵẖīṣ
تلخینه	talḵẖīna
تلد	tuld
تلذذ	talaẕẕuẕ
تلژ	talazh
تلسک	tilisk
تلطخ	talat̤t̤uḵẖ
تلطف	talat̤t̤uf
تلطفاً	talat̤t̤ufan
تلطفات	talat̤t̤ufāt
تلطیخ	talt̤īḵẖ
تلظی	talaz̤z̤ī
تلغراف	talag̱ẖrāf
تلف	tulf
تلف	talaf
تلفاً	talafan
تلفظ	talaffuz̤
تلفکار	talaf-kār
تلفن	talfan
تلفیف	talfīf
تلفیق	talfīq
تلقاء	tilqā’
تلقب	talaqqub
تلقف	talaqquf
تلقی	talaqqī
تلقیب	talqīb
تلقیة	talqiyat
تلقیح	talqiya
تلقیف	talqīf
تلقین	talqīn
تلک	talak
تلکو	talako
تلگراف	talagrāf
تلگرافچی	talagrāfchī
تگرافنامه	talagrāf-nāma
تلمذة	talmaẕat
تلمن	talmin
تلمیح	talmīḥ
تلنبه	tulumba
تلنده	talanda
تلنک	talnak
تلنگ	talang
تلنگانه	tulungāna
تلنگبین	talangubīn
تلنگر	talangur
تلنگی	tulangī
تلنه	tulna
تلو	tilw
تلو	talū
تلوازه	talwāza
تلواسه	talwāsa
تلوث	talauwus̤
تلود	tulūd
تلوسه	talausa
تلومه	talwama
تلون	talauwun
تلونات	talauwunāt
تلونه	talūna
تلویث	talwīs̤
تلویح	talwīḥ
تلوین	talwīn
تله	tala
تله	talah
تلهب	talahhub
تلهف	talahhuf
تلی	talī
تلیٰ	tallá
تلیبار	talebār
تلید	talīd
تلیس	tillīs
تلیمان	talīmān
تلیوار	talewār
تلیین	talyīn
تم	tam
تم	tamma
تماثل	tamāṣul
تماثیل	tamās̤īl
تماج	timāj
تماجامشی	tamājāmishī
تمادی	tamādī
تمار	tammār
تمارخ	tamāraḵẖ
تمارض	tamāruẓ
تماری	tamārī
تمٰازح	tamāzuḥ
تماس	tamāss
تماسخ	tamāsuḵẖ
تماسک	tamāsuk
تماسیح	tamāsīḥ
تماشا	tamāshā
تماشاچی	tamāshāchī
تماشاگری	tamāshāgarī
تماشائی	tamāshā’ī
تماغه	tumāg̱ẖa
تمالک	tamāluk
تماماً	tamāman
تمامی	tamāmī
تمان	tumān
تماهچه	tamāhcha
تمایل	tamāyul
تمائم	tamā’im
تمتام	tamtām
تمتع	tamattu‘
تمتم	tumtum
تمتم	timtim
تمتمة	tamtamat
تمتیع	tamtī‘
ثمثال	tams̤āl
تمثالگر	tims̤ālgar
تمثل	tamas̤s̤ul
تمثیل	tams̤īl
تمثیلاً	tams̤īlan
تمثیلات	tams̤īlāt
تمجس	tamajjus
تمجمج	tamajmuj
تمجید	tamjīd
تمجیس	tamjīs
تمچه	tamcha
تمحل	tamaḥḥul
تمحیص	tamḥīṣ
تمحیض	tamḥīẓ
تمخط	tamaḵẖḵẖut̤
تمخیثا	tamḵẖīs̤ā
تمخیض	tamḵẖīẓ
تمدح	tamadduḥ
تمدد	tamaddud
تمدن	tamaddun
تمده	tamda
تمدید	tamdīd
تمر	tamr
تمرد	tamarrud
تمردی	tamarrudī
تمرغ	tamarrug̱ẖ
تمرن	tamarrun
تمریخ	tamrīḵẖ
تمرید	tamrīd
تمریض	tamrīẓ
تمرین	tamrīn
تمزدن	tamzadan
تمزق	tamazzuq
تمزیق	tamzīq
تمژه	tamzha
تمساح	timsāḥ
تمسخ	tamassuḵẖ
تمسخر	tamasḵẖur
تمسک	tamassuk
تمسکات	tamassukāt
تمسکن	tamaskun
تمسکی	tamassukī
تمسیح	tamsīḥ
تمسیخا	tamsīḵẖā
تمشی	tamashshī
تمشیه	tamshiya
تمشیة	tamshiyat
تمضر	tamaẓẓur
تمضیر	tamẓīr
تمطر	tamat̤t̤ur
تمطی	tamat̤t̤i
تمغا	tamg̱ẖā
تمغاچی	tamg̱ẖāchī
تمفوز	tamfoz
تمکن	tamakkun
تمکین	tamkīn
تملق	tamalluq
تملک	tamalluk
تملول	tamlūl
تملیت	tamlīt
تملیح	tamlīḥ
تملیک	tamlīk
تمن	taman
تمنا	tamannā
تمنچه	tamancha
تمندار	tuman-dār
تمنداری	tuman-dārī
تمنده	tamanda
تمنی	tamannī
تمنیات	tamanniyāt
تموج	tamauwuj
تمودان	tamūdān
تمودی	tamūdī
تموش	tamūsh
تموز	tamūz
تموک	tamūk
تمول	tamauwul
تمویل	tamwīl
تمویه	tamwīh
تمه	tamah
تمهد	tamahhud
تمهل	tamahhul
تمهید	tamhīd
تمهیدات	tamhīdāt
تمهیدی	tamhīdī
تمیز	tamīz
تمیز	tamaiyuz
تمیشه	tammesha
تمیم	tamīm
تمنیمة	tamīmat
تمیمی	tamīmī
تمییز	tamyīz
تن	tan
تنابز	tanābuz
تناجش	tanājush
تناجی	tanājī
تناد	tanādd
تنادی	tanādī
تنازع	tanāzu‘
تنازل	tanāzul
تناسان	tan-āsān
تناسب	tanāsub
تناسبات	tanāsubāt
تناسخ	tanāsuḵẖ
تناسخی	tanāsuḵẖī
تناسخیة	tanāsuḵẖīyat
تناسل	tanāsul
تناع	tunā‘
تنافر	tanāfur
تنافور	tanāfur
تنافی	tanāfī
تناقض	tanāquẓ
تناقل	tanāqul
تناقیص	tanāqīṣ
تنالیدن	tanālīdan
تنامبد	tanāmbud
تنانی	tanānī
تنانیدن	tanānīdan
تنانیر	tanānīr
تنانین	tanānīn
تناوب	tanāwub
تناور	tan-āwar
تناوش	tanāwush
تناول	tanāwul
تناهی	tanāhī
تنب	tunnub
تنباکو	taṃbākū
تنبان	tuṃbān
تنبد	taṃbad
تنبسه	taṃbasa
تنبسیدن	taṃbasīdan
تنبل	taṃbal
تنبلی	taṃbalī
تنبلیت	taṃbalīt
تنبو	taṃbū
تنبور	taṃbūr
تنبوک	taṃbūk
تنبول	taṃbūl
تنبه	taṃba
تنبه	tanabbuh
تنبیدن	taṃbīdan
تنبیسه	taṃbīsa
تنبیک	taṃbīk
تنبیل	taṃbīl
تنبیه	taṃbīh
تنبیهات	taṃbīhāt
تنپک	tuṃpak
تنتاک	tantāk
تنتن	tan-tan
تنتنه	tantana
تنته	tanta
تنجاله	tanjāla
تنجامه	tan-jāma
تنجز	tanajjuz
تنجس	tanajjus
تنجیة	tanjiyat
تنجید	tanjīd
تنجیده	tanjīda
تنجیر	tanjīz
تنجیس	tanjīs
تنجیم	tanjīm
تنجیه	tanjiya
تنچه	tancha
تنحی	tanaḥḥī
تنحیه	tanḥiyat
تنخنخ	tanaḵẖnuḵẖ
تنخواه	tan-ḵẖẉāh
تند	tund
تنداب	tund-āb
تندخو	tund-ḵẖo
تندرست	tan-durust
تندرستی	tan-durustī
تندم	tanaddum
تندو	tandū
تنده	tunda
تندی	tundī
تندید	tandīd
تندیس	tandes
تندبور	tundyor
تندیه	tandiya
تنزده	tan-zada
تنزل	tanazzul
تنزه	tunza
تنزه	tanazzuh
تنزیل	tanzīl
تنزیه	tanzīh
تنسان	tan-sān
تنسته	tanasta
تنسخ	tansuḵẖ
تنسک	tanassuk
تنسل	tanassul
تنسم	tanassum
تنسوق	tansūq
تنسه	tansa
تنسیة	tansiyat
تنسیخ	tansīḵẖ
تنسیدن	tansīdan
تنسیق	tansīq
تنشط	tanashshut̤
تنشوی	tan-shūy
تنشیط	tanshīt̤
تنصر	tanaṣṣur
تنصیص	tanṣīṣ
تنصیف	tanṣīf
تنضید	tanẓīd
تنظف	tanaz̤z̤uf
تنظم	tanaz̤z̤um
تنظیر	tanz̤īr
تنظیف	tanz̤īf
تنظیم	tanz̤īm
تنعل	tana‘‘ul
تنعم	tana‘‘um
تنعیم	tan‘īm
تنغیص	tang̱ẖīṣ
تنفخ	tanaffuḵẖ
تنفر	tanaffur
تنفس	tanaffus
تنفسه	tanfasa
تنفل	tanafful
تنفیذ	tanfīẕ
تنفیر	tanfīr
تنفیس	tanfīs
تنفیل	tanfīl
تنقطاری	tunqat̤ārī
تنقیح	tanqīḥ
تنقیر	tanqīr
تنقیص	tanqīṣ
تنقیل	tanqīl
تنکوب	tankūb
تنکیر	tankīr
تنکیره	tankīra
تنکیس	tankīs
تنگ	tang
تنگاتنگ	tangātang
تنگار	tangār
تنگای	tangāy
تنگبار	tang-bār
تنگبیز	tang-bez
تنگت	tingit
تنگچات	tangchāt
تنگچه	tangcha
تنگحال	tang-ḥāl
تنگحالی	tang-ḥālī
تنگدست	tang-dast
تنگدستی	tang-dastī
تنگدل	tang-dil
تنگدلی	tang-dilī
تنگز	tangiz
تنگس	tangis
تنگسار	tang-sār
تنگسال	tang-sāl
تنگست	tangast
تنگلوش	tangalosh
تنگنا	tangnā
تنگنای	tangnāy
تنگو	tango
تنگه	tanga
تنگی	tangī
تنگیاب	tang-yāb
تنگیره	tangīra
تنمیة	tanmiyat
تنمیق	tanmīq
تنند	tanand
تنندو	tanandū
تننده	tananda
تنو	tanū
تنوب	tanūb
تنوتاس	tanūtās
تنودن	tanūdan
تنور	tanūr
تنور	tanauwur
تنوره	tanūra
تنوز	tanoz
تنوزه	tanoza
تنوع	tanauwu‘
تنومند	tanūmand
تنومندی	tanūmandī
تنوند	tanwand
تنوه	tanauwuh
تنوی	tanwī
تنویر	tanwīr
تنویم	tanwīm
تنوین	tanwīn
تنویه	tanwīh
تنه	tana
تنها	tanhā
تنهاگانه	tanhāgāna
تنهائی	tanhā’ī
تنی	tanī
تنیان	taniyān
تنید	tanīd
تنیدن	tānīdan
تنیده	tanīda
تنیزه	tanīza
تنین	tinnīn
تو	tav
تو	tauw
توا	tawā
تواب	tauwāb
توابع	tawābi‘
توابل	tawābil
توابه	tawāba
توابیت	tawābīt
تواتر	tawātur
تواجد	tawājud
تواجی	tawājī
توار	tawār
توارانیدن	tawārānīdan
توارد	tawārud
تواره	tawāra
تواری	tawārī
تواریخ	tawāriḵẖ
توازن	tawāzun
توازی	tawāzī
توازیدن	tawāzīdan
تواسی	tiwāsī
تواضع	tawāẓu‘
تواطوٴ	tawāt̤u’
تواعد	tawā‘ud
تواغج	tuwāg̱ẖaj
توافق	tawāfuq
تواقیع	tawāqī‘
تواکن	tawākun
توال	tuwāl
توالد	tawālud
توالی	tawālī
توالیدن	tawālīdan
تواٴم	tau’am
تواٴمان	tau’amāni
توانا	tuwānā
تواناتری	tuwānā-tarī
تواناکن	tuwānā-kun
تواناهی	tuwānāhī
توانچه	tawāncha
توانستن	tuwānistan
توانش	tuwānish
ترانگر	tuwāngar
توانگران	tuwāngarān
توانگری	tuwāngarī
توانگی	tuwāngī
توانه	tawāna
توانی	tawānī
توانیدن	tawānīdan
تواهچه	tawāhcha
تواهه	tawāha
تواهی	tawāhī
توایه	tawāya
توب	taub
بوب	tob
توباره	tūbāra
توبال	tūbāl
توباملن	tūbāmulun
توبان	tūbān
توبچی	tobchī
توبره	tobra
توبزه	tobazah
توبکی	tobkī
توبل	tobal
توبل	taubal
توبه	tauba
توبیخ	taubīḵẖ
توبیخاً	taubīḵẖan
توبیخی	taubīḵẖī
توپ	top
توپا	tūpā
توپال	tūpāl
توپانداز	top-andāz
توپچی	topchī
توت	tūt
توتک	tautak
توتگی	totagī
توتماج	tūtmāj
توتن	tūtun
توتو	to-to
توتون	tūtūn
توته	tūta
توتی	totī
توتیاء	tūtiyā’
توث	tūs̤
توثیق	taus̤īq
توج	tūj
توجع	tawajju‘
توجه	tawajjuh
توجهات	tawajjuhāt
توجیه	taujīh
توحد	tawaḥḥud
توحش	tawaḥḥush
توحید	tauḥīd
توخ	toḵẖ
توختن	toḵẖtan
توخته	toḵẖta
توخج	toḵẖaj
توخچه	toḵẖcha
توخش	tawaḵẖsh
توخی	tawaḵẖḵẖī
تود	tūd
تودد	tawaddud
تودره	todara
تودری	tūdarī
تودریون	todaryūn
تودستی	tūdastī
تودوه	todūh
توده	toda
تودیع	taudī‘
تور	taur
تور	tawar
تورا	tūrā
تورا	torā
توراة	taurāt
تورالیک	tūrālīk
توران	tūrān
تورانشاه	tūrān-shāh
تورانی	tūrānī
تورتک	tūrtuk
تورتیز	tūrtīz
تورج	tūraj
تورزی	tawarzī
تورش	tūrsh
تورق	tawarruq
تورک	tūrak
تورک	tawarruk
تورم	tawarrum
تورنج	tūrunj
تررنگ	torang
تورنگان	tūrangān
توروه	to-rūh
توره	taura
توره	tora
توری	tūrī
توریة	tauriyat
توریت	taurīt
توریث	taurīs̤
توریدن	torīdan
توریز	taurīz
توریس	taurīs
توز	toz
توز	tūz
توز	tauwaz
توزع	tawazzu‘
توزک	tūzak
توزه	toza
توزی	tozī
توزیدن	tozīdan
توزیع	tauzī‘
توژ	tozh
توژی	tozhī
توس	tūs
توست	tu'st
توسخ	tawassuḵẖ
توسد	tawassud
توسط	tawassut̤
توسع	tawassu‘
توسکا	tūskā
توسل	tawassul
توسم	tawassum
توسن	tausan
توسنگ	tosang
توسنی	tausanī
توسه	tosa
توسیخ	tausīḵẖ
توسید	tausīd
توسیط	tausīt̤
توسیع	tausī‘
توسیم	tausīm
توش	tawish
توشت	tawisht
توشح	tawashshuḥ
توشدان	toshdān
توشک	tūshak
توشکان	toshkān
توشگان	toshgān
توشمال	tūshmāl
توشمان	toshmān
توشه	tosha
توشی	toshī
توشیح	taushīḥ
توشیل	tūshīl
توصل	tawaṣṣul
توصیة	tauṣiyat
توصیف	tauṣīf
توصیفی	tauṣīfī
توضو	tawaẓẓu’
توضیح	tauẓīḥ
توضیع	tauẓī‘
توطن	tawat̤t̤un
توطئة	taut̤i’at
توطین	taut̤īn
توظیف	tauz̤īf
توعد	tawa‘‘ud
توغ	tog̱ẖ
توغا	taug̱ẖā
توغاج	tūg̱ẖāj
توغچی	tog̱ẖchī
توغدری	tūg̱ẖdarī
توغل	tawag̱ẖg̱ẖul
توف	tof
توفان	tofān
توفر	tawaffur
توفی	tawaffī
توفیدن	tofīdan
توفیر	taufīr
توفیق	taufīq
توق	tauq
توق	toq
توقد	tawaqqud
توقر	tawaqqur
توقع	tawaqqu‘
توقف	tawaqquf
توقماق	tūqmāq
توقوز	tūqūz
توقه	tūqa
توقی	tawaqqī
توقیت	tauqīt
توقیر	tauqīr
توقیع	tauqī‘
توقیف	tauqīf
توک	tok
توکد	tawakkud
توکل	tawakkul
توکو	tawakku’
توکید	taukīd
توکیل	taukīl
تول	tūl
تولا	tawallā
تولاج	tūlāj
تولب	taulab
تولبره	tūlbara
تولچه	tolcha
تولد	tawallud
تولک	tūlak
تولگی	tūlagī
تولنگی	tulingī
توله	tola
تولی	tawallī
تولیة	tauliyat
تولید	taulīd
تولیدن	taulīdan
تولیگان	tūlīgān
تولیه	taulīh
توم	tūm
توما	tūmā
تومار	tūmār
توماندار	tomān-dār
تومانداری	tomān-dārī
تومانی	tomānī
تومن	toman
تون	tawan
توند	tund
تونگر	tawangar
تونگردل	tawangar-dil
تونگری	tawangarī
تونگو	tawangū
تونگه	tuwanga
تونل	tūnal
تونه	tūna
تونی	tūnī
تونیز	tūnīz
تووه	towa
توه	tawa
توهم	tawahhum
توهین	tauhīn
تویج	toyaj
تویک	tūyak
تویل	tawīl
توین	tuwīn
تویه	tūya
توئی	tu’ī
ته	tah
تهادی	tahādī
تهافت	tahāfut
تهال	tahāl
تهالک	tahāluk
تهامة	tihāmat
تهامی	tihāmī
تهان	tahān
تهانانیدن	tahānānīdan
تهانه	thāna
تهاون	tahāwun
تهبج	tahabbuj
تهبل	tahbal
تهتک	tahattuk
تهتم	tahattum
تهجا	tahjā
تهجد	tahajjud
تهجی	tahajjī
تهجین	tahjīn
تهخانه	tah-ḵẖāna
تهدد	tahaddud
تهدرز	tah-darz
تهدید	tahdīd
تهدیدات	tahdīdāt
تهذیب	tahẕīb
تهزج	tahazzuj
تهزل	tahazzul
تهزؤ	tahazzu’
تهشیش	tahshīsh
تهک	tahak
تهکم	tahakkum
تهلل	tahallul
تهلیک	tahlīk
تهلیل	tahlīl
تهمة	tahmat
تهمتن	taham-tan
تهمتی	tuhmatī
تهمک	tahmak
تهمل	tahmal
تهمورث	tahmūras̤
تهمیر	tahmīr
تهمیشه	tahmeshā
تهمینه	tahmīna
تهنوٴ	tahannu’
تهنئة	tahni-at
تهنید	tahnīd
تهو	tihū
تهود	tahauwud
تهور	tahauwur
تهوع	tahauwu‘
تهوک	tahauwuk
تهویر	tahwīr
تهویس	tahwīs
تهویل	tahwīl
تهوین	tahwīn
تهیات	tahīyāt
تهیة	tahīyat
تهیج	tahaiyuj
تهیدن	tahīdan
تهیشه	tahīshā
تهیگاه	tahī-gāh
تهیوٴ	tahaiyu’
تهییج	tahyīj
تی	tī
تیاتر	tiyātar
تیار	taiyār
تیاری	taiyārī
تیاسر	tayāsur
تیامن	tayāmun
تیب	teb
تیبا	tībā
تیباش	tībāsh
تیتال	tītāl
تیتالی	tītālī
تیج	tej
تیجان	tījān
تیخ	teḵẖ
تیخال	tīḵẖāl
تیداک	tīdāk
تیداکی	tīdākī
تیر	tīr
تیراژه	tīrāzhī
تیراست	tīrāst
تیرٰ	tīrāh
تیردان	tīr-dān
تیررس	tīr-ras
تیرست	tīrist
تیرک	tīrak
تیرگان	tīrgān
تیرگر	tīrgar
تیرگری	tīrgarī
تیرگی	tīragī
تیروان	tīrwān
تیرول	tīrol
تیره	tīra
تیریز	terez
تیز	tez
نیزآب	tez-āb
تیزبال	tez-bāl
تیزک	tezak
تیزی	tezī
تیزیدن	tezīdan
تیژ	tīzh
تیژه	tīzh
تیس	tais
تیسر	tayassur
تیسه	tīsa
تیسیر	taisīr
تیشه	tesha
تیغ	teg̱ẖ
تیغال	tīg̱ẖāl
تیغه	teg̱ẖa
تیف	tīf
تئق	ta’iq
تیقظ	tayaqquz̤
تیقن	tayaqqun
تیکوز	tīkoz
تیل	tīl
تیلا	tailā
تیلماچی	tīlmāchī
تیلیا	tīliyā
تیلیک	tīlīk
تیم	tīm
تیم	taim
تیماء	taimā’
تیماج	tīmāj
تیمار	tīmār
تیماره	tīmāra
تیماس	tīmās
تیماو	tīmāv
تیمچه	tīmcha
تیمز	taimuz
تیمسار	temsār
تیمم	tayammum
تیمن	tayammun
تیمناک	tīmnāk
تیمور	tīmūr
تیموز	taimūz
تیموک	tīmūk
تین	tīn
تینا	tainā
تیناب	tīnāb
تینوس	tīnūs
تینه	tīna
تیو	tev
تیوا	taiwā
تیواز	tīwāz
تیوای	tīwāy
تیور	tayūr
تیورک	tīvrak
تیوسول	tīvsūl
تیول	tiyūl
تیولات	tiyūlāt
تیه	tīh
تیها	tīhā
تیهاء	taihā’
تیهو	tīhū
ث	s̤
ثاء	s̤ā’
ثاءب	s̤ā’b
ثابت	s̤ābit
ثاٴداء	s̤a’dā’
ثادة	s̤a’ādat
ثاٴدة	s̤a’dat
ثادق	s̤ādiq
ثافیسا	s̤āfīsā
ثاقب	s̤āqib
ثاقل	s̤āqil
ثاکل	s̤ākil
ثالث	s̤ālis̤
ثالثاً	s̤ālis̤an
ثالثة	s̤ālis̤at
ثالثون	s̤ālis̤ūna
ثالثی	s̤ālis̤ī
ثالسقیس	s̤ālasqīs
ثالوث	s̤ālūs̤
ثالیل	s̤a’ālīl
ثامر	s̤āmir
ثامن	s̤āmin
ثانی	s̤ānī
ثانیاً	s̤āniyan
ثائب	s̤ā’ib
ثائر	s̤ā’ir
ثبات	s̤abāt
ثبة	s̤ubat
ثبت	s̤abt
ثبر	s̤abr
ثبط	s̤abt
ثبنة	s̤ubnat
ثبوت	s̤ubūt
ثبور	s̤ubūr
ثج	s̤ajj
ثجاج	s̤ujjāj
ثخونة	s̤uḵẖūnat
ثخین	s̤aḵẖīn
ثدیاء	s̤adyā’
ثر	s̤arr
ثراء	s̤arā’
ثرب	s̤arb
ثرة	s̤arrat
ثرثار	s̤ars̤ār
ثرد	s̤ard
ثرط	s̤art̤
ثرم	s̤arm
ثرواٴ	s̤arwā’
ثروة	s̤arwat
ثریٰ	s̤ará
ثریا	s̤uraiyā
ثریان	s̤aryān
ثرید	s̤arīd
ثعابین	s̤a‘ābīn
ثعالب	s̤a‘ālib
ثعالة	s̤u‘ālat
ثعب	s̤ab
ثعبان	s̤u‘bān
ثعلب	s̤a‘lab
ثغ	s̤ug̱ẖ
ثغاریر	s̤ag̱ẖārīr
ثغام	s̤ag̱ẖām
ثغب	s̤ag̱ẖb
ثغر	s̤ag̱ẖr
ثغرب	s̤ig̱ẖrab
ثغرة	s̤ug̱ẖrat
ثغور	s̤ug̱ẖūr
ثفاریق	s̤afārīq
ثفال	s̤afāl
ثفر	s̤afar
ثفرقة	s̤afraqat
ثفروق	s̤afrūk
ثفل	s̤ufl
ثفنة	s̤afinat
ثق	s̤iq
ثقاب	s̤iqāb
ثقابة	s̤aqābat
ثقات	s̤iqāt
ثقافة	s̤aqāfat
ثقال	s̤aqāl
ثقالة	s̤aqālat
ثقب	s̤aqb
ثقة	s̤iqat
ثقفی	s̤aqafī
ثقل	s̤aql
ثقلاٴ	s̤uqalā’
ثقوب	s̤aqūb
ثقیف	s̤aqīf
ثقیل	s̤aqīl
ثکلان	s̤aklān
ثکلیٰ	s̤aklá
ثکم	s̤akm
ثل	s̤all
ثلاث	s̤alās̤
ثلاثاء	s̤alās̤ā
ثلاثة	s̤alās̤at
ثلاثون	s̤alās̤ūn
ثلاثی	s̤ulās̤ī
ثلاج	s̤allāj
ثلب	s̤alb
ثلبة	s̤ilbat
ثلة	s̤allat
ثلث	s̤als̤
ثلثان	s̤ulus̤ān
ثلثی	s̤ulus̤ī
ثلج	s̤alj
ثلح	s̤al‘
ثلل	s̤alal
ثلم	s̤alm
ثلمة	s̤ulmat
ثلوج	s̤ulūj
ثم	s̤amm
ثمال	s̤imāl
ثمام	s̤umām
ثمانی	s̤amānī
ثمانیة	s̤amāniyat
ثمانین	s̤amānīn
ثمانینی	s̤amānīnī
ثمر	s̤amar
ثمل	s̤amal
ثمن	s̤amn
ثمود	s̤amūd
ثمیر	s̤amīr
ثمین	s̤amīn
ثناٴ	s̤anā’
ثناگری	s̤anāgarī
ثنایا	s̤anāyā
ثنائی	s̤unā’ī
ثنگ	s̤ang
ثنوی	s̤anawī
ثنویة	s̤anawīyat
ثنی	s̤anī
ثنی	s̤anīy
ثنیة	s̤anīyat
ثواٴ	s̤awā’
ثواب	s̤awāb
ثواب	s̤auwāb
ثوابت	s̤awābit
ثوابی	s̤awābī
ثواقب	s̤awāqib
ثواقل	s̤awāqil
ثوانی	s̤awānī
ثوب	s̤aub
ثوٴباء	s̤u’bā’
ثوبان	s̤awabān
ثور	s̤aur
ثوران	s̤awarān
ثوٴلول	s̤u’lūl
ثوم	s̤ūm
ثومالا	s̤ūmālā
ثومس	s̤ūmis
ثویبة	s̤uwaibat
ثهلان	s̤ahlān
ثیاب	s̤iyāb
ثیابی	s̤iyābī
ثیار	s̤iyār
ثیب	s̤aiyib
ثیران	s̤īrān
ثیوم	s̤ayūm
ج	j
جا	jā
جابذ	jābiẕ
جابر	jābir
جابرسا	jābursā
جابق	jābaq
جابلقا	jābulqā
جابلوس	jāblūs
جابلوسی	jāblūsī
جابلیق	jābilīq
جابیة	jābiyat
جابیدن	jābīdan
جاپور	jāpūr
جات	jāt
جاتاغ	jātāg̱ẖ
جاتن	jātan
جاتونتن	jātūnitan
جاثلیق	jās̤alīq
جاثمین	jās̤imīn
جاثوم	jās̤ūm
جاثیه	jās̤iya
جاجاف	jājāf
جاجرم	jājarm
جاجرمینه	jājarmīna
جاجم	jājim
جاحد	jāḥid
جاحظ	jāḥiz̤
جاخسوک	jāḵẖsūk
جاداد	jā-dād
جادل	jādil
جادنگو	jādango
جادو	jādū
جادوستان	jādūstān
جادوکنا	jādū-kunā
جادووگر	jādūgar
جادوگری	jādūgarī
جادوی	jādu’ī
جاده	jāda
جادی	jādī
جاذب	jāẕib
جاذبة	jāzibat
جاذو	jāẕū
جار	jār
جارجی	jārjī
جارة	jārat
جارح	jāriḥ
جارحة	jāriḥat
جارگون	jārgūn
جارم	jārim
جارو	jāro
جاروب	jā-rob
جارود	jārūd
جارودیة	jārūdīyat
جارور	jārūr
جاروس	jārūs
جاری	jārī
جاریه	jāriya
جاٴز	ja’z
جازح	jāziḥ
جازر	jāzir
جازع	jāzi‘
جازم	jāzam
جازم	jāzim
جاست	jāst
جاسوس	jāsūs
جاسوسی	jāsūsī
جاسوسیة	jāsūsīyat
جاسونتن	jāsūnitan
جاٴش	ja’sh
جاش	jāsh
جاعل	jā‘il
جاغر	jag̱ẖar
جاغسوک	jāg̱ẖsūk
جاٴف	ja’f
جاف	jāf
جاف	jāff
جافی	jāfī
جاکسو	jākso
جاکونتن	jākūnitan
جاکی	jākī
جاگرم	jā-garm
جاگزین	jā-guzīn
جال	jāl
جالس	jālis
جالسگر	jālisgar
جالش	jālish
جالشگر	jālishgar
جالندر	jālandar
جالوت	jālūt
جاله	jāla
جالی	jālī
جالیز	jālīz
جالیسر	jālesar
جالینوس	jālīnūs
جام	jām
جامات	jāmāt
جاماس	jāmās
جامتونتن	jāmtūnitan
جامح	jāmiḥ
جامخانه	jām-ḵẖāna
جامد	jāmid
جامداری	jāmadārī
جامدان	jāmadān
جامدانی	jāmdānī
جامسه	jāmisa
جامع	jāmi‘
جامعیة	jāmi‘īyat
جامغول	jāmg̱ẖol
جامقیه	jāmaqīya
جامکان	jām-kān
جامگک	jāmagak
جامل	jāmil
جامن	jāman
جامنونتن	jāmnūnitan
جاموار	jāmawār
جاموتله	jāmūtala
جاموس	jāmūs
جاموش	jāmūsh
جامه	jāma
جامی	jāmī
جان	jān
جاناغ	jānāg̱ẖ
جانان	jānān
جانانه	jānāna
جانب	jānib
جانبازی	jānbāzī
جانبدار	jānib-dār
جانبداری	jānib-dārī
جانبیدن	jāṃbīdan
جانبین	jānibain
جانسپاری	jān-sipārī
جانستانی	jān-sitānī
جانشکری	jān-shikarī
جانشین	jā-nishīn
جانفشانی	jān-fishānī
جانقی	jānqī
جانگی	jānagī
جانوار	jānwār
جانورک	jānwarak
جانوسار	jānūsār
جانوسپار	jānūspār
جانونیتن	jānūnītan
جانه	jānah
جانی	jānī
جاو	jāv
جاوادانه	jāwādāna
جاوان	jāwān
جاوانیدن	jāwānīdan
جاود	jāwid
جاودان	jāwidān
جاودانه	jāwidānah
جاور	jāwar
جاورد	jāward
جاورس	jāwars
جاوشیر	jāvshīr
جاوله	jāvla
جاووش	jāwūsh
جاوه	jāwa
جاوید	jāwīd
جاویدان	jāwīdān
جاویدانه	jāwīdāna
جاویدانی	jāwīdānī
جاویدن	jāwīdan
جاویزن	jāwīzan
جاه	jāh
جاهة	jāhat
جاهد	jāhid
جاهدار	jāh-dār
جاهک	jāhak
جاهل	jāhil
جاهلی	jāhilī
جاهلیة	jāhilīyat
جاهنبار	jāhaṃbār
جاهی	jāhī
جای	jāy
جائر	jā’ir
جائز	jā’iz
جائزه	jā’iza
جائفة	jā’ifat
جایگاه	jāy-gāh
جایگیر	jāy-gīr
جایی	jāye
جاییدن	jāyīdan
جب	jabb
جبا	jibā
جباب	jabāb
جبابت	jibābat
جبابرة	jabābirat
جبار	jubār
جباری	jabbārī
جبال	jibāl
جبان	jabān
جبانة	jabbānat
جبانیة	jabānīyat
جباه	jibāh
جبایة	jibāyat
جبائر	jabā’ir
جبة	jubbat
جبت	jibt
جبذ	jabẕ
جبر	jabr
جبراً	jabran
جبراعل	jabrā‘il
جبرائل	jibrā’il
جبرور	jabrūr
جبری	jabrī
جبریاٴ	jibriyā
جبریات	jabrīyāt
جبریان	jabariyān
جبسین	jabsīn
جبل	jabl
جبلاج	jiblāj
جبلاهنگ	jiblāhang
جبلة	jiblat
جبلقوم	jabalqūm
جبلک	jablak
جبلهنگ	jiblahang
جبلی	jabalī
جبناٴ	jubanā’
جبوء	jubū’
جبور	jubūr
جبورة	jubūrat
جبون	jabūn
جبه	jaba
جبه	jabh
جبیره	jabīra
جبین	jabīn
جت	jat
جتبونتن	jatbūnitan
جتر	jatr
جتره	jutra
جث	jas̤s̤
جثام	jus̤ām
جثة	jis̤s̤at
جثل	jas̤l
جثلة	jas̤lat
جثم	jas̤m
جثمان	jus̤mān
جثو	jus̤ūw
جثوم	jus̤ūm
جج	jaj
ججا	jajā
جحاف	jiḥāf
جحد	jaḥd
جحر	jaḥr
جحش	jaḥsh
جحف	jaḥf
جحل	jaḥl
جحم	jaḥm
جحمرش	jaḥmarish
جحود	juḥūd
جحوظ	juḥūz̤
جحی	juḥī
جحیش	jaḥīsh
جحیم	jaḥīm
جخ	jaḵẖ
جخاج	jaḵẖāj
جخاجخ	jaḵẖājaḵẖ
جخج	jaḵẖj
جخجس	jaḵẖjas
جخر	jaḵẖar
جخش	jaḵẖsh
جخشیدن	jaḵẖshīdan
جخما	jaḵẖmā
چخیدن	jaḵẖīdan
جد	jadd
جدا	judā
جدا	jiddan
جداد	jaddād
جدار	jidār
جدارک	judārak
جداسته	judāsta
جداگانه	judāgāna
جدال	jadāl
جداله	jadāla
جداول	jadāwil
جداوی	jadāwī
جدائی	judā’ī
جدب	jadb
جدة	jidat
جدتین	jadtīn
جدث	jadas̤
جدجد	judjud
جدح	jadḥ
جدد	jadad
جدر	jadr
جدراک	judrāk
جدران	judrān
جدرة	jadarat
جدری	judarī
جدع	jad‘
جدگاره	jadgāra
جدل	jadl
جدو	jadw
جدوار	jadwār
جدوف	judūf
جدول	jadwal
جدولی	jadwalī
جدومند	jadūmand
جدویٰ	jadwá
جدی	jady
جدی	judaiy
جدید	jadīd
جدیدان	jadīdān
جدیری	judairī
جدیل	jadīl
جدیلة	jadīlat
جذ	jaẕẕ
جذاب	jiẕāb
جذام	juẕām
جذامی	juẕāmī
جذامیر	jaẕāmīr
جذب	jaẕb
جذبه	jaẕba
جذر	jaẕr
جذع	jaẕ‘
جذف	jaẕf
جذل	jaẕal
جذم	jaẕm
جذمار	jiẕmār
جذوب	juẕūb
جذور	juẕūr
جذوع	juẕū‘
جذول	juẕūl
جذوم	juẕūm
جر	jar
جر	jarr
جرا	jarā
جرآة	jarā’at
جرابه	jarāba
جراٴة	jur’at
جراح	jirāḥ
جراح	jarrāḥ
جراحة	jirāḥat
جراحی	jarrāḥī
جراد	jarād
جرادة	jarādat
جرار	jarrār
جراز	jarāz
جرازرام	jarāzrām
جراسک	jarāsak
جراسیا	jarāsiyā
جرامقه	jarāmaqa
جرانغار	jarāng̱ẖār
جرانه	jarāna
جرائد	jarā’id
جرائر	jarā’ir
جرائم	jarā’im
جرب	jarab
جرب	jarb
جرباء	jarbā’
جربز	jurbuz
جربزة	jarbazat
جربناک	jarabnāk
جربی	jarbī
جرت	jurut
جرة	jur’at
جرثوم	jars̤ūm
جرثومة	jurs̤ūmat
جرج	jarj
جرجة	jurjat
جرجان	jurjān
جرجر	jarjar
جرجر	jirjir
جرجری	jarjarī
جرجیر	jirjīr
جرجیس	jirjīs
جرح	jarḥ
جرخست	jarḵẖast
جرد	jard
جرداء	jardā’
جردان	jardān
جرده	jarda
جرذ	jaraẕ
جرذان	jirẕān
جررا	jarrā
جرز	jarz
جرس	jars
جرس	jaras
جرسام	jirsām
جرستیدن	jiristīdan
جرسدار	jaras-dār
جرسی	jarsī
جرش	jarsh
جرشفت	jarshaft
جرض	jaraẕ
جرع	jar‘
جرعة	jar‘at
جرعتو	jar‘atū
جرغاتو	jarg̱ẖātū
جرغان	jarg̱ẖān
جرغد	jarg̱ẖad
جرغول	jarg̱ẖūl
جرف	jarf
جرک	jurk
جرکنت	jarkant
جرگ	jarg
جرل	jaral
جرم	jarm
جرم	jiram
جرمانه	jurmāna
جرمزه	jarmuza
جرمناک	jurmnāk
جرمناکی	jurmnākī
جرموز	jurmūz
جرموق	jurmūq
جرمه	jarma
جرن	jurn
جرنده	jiranda
جرنغار	jarang̱ẖār
جرنگیدن	jarangīdan
جرواسک	jarwāsak
جرور	jarwar
جروس	jarūs
جروم	jurūm
جرون	jarūn
جرون	jurūn
جروند	jarwand
جره	jarra
جرهم	jurhum
جری	jarī
جری	jirrī
جریان	jarayān
جریب	jarīb
جریبانه	jarībāna
جریبی	jarībī
جریج	juraij
جریح	jarīḥ
جرید	jarīd
جریده	jarīda
جریر	jarīr
جریرة	jarīrat
جریره	jarīra
جریریة	jarīrīyat
جریش	jarīsh
جریمانه	jarīmāna
جرین	jarīn
جریه	jarya
جریئة	jirrī’at
جز	jaz
جز	jazz
جزٴ	jaz’
جزاء	jazā’
جزاٴة	juz’at
جزالة	jazālat
جزانی	jazānī
جزائر	jazā’ir
جزائری	jazā’irī
جزائل	jazā’il
جزب	jizb
جزبندی	juz-bandī
جزبز	jiz-biz
جزتن	juz-tan
جزجز	jizjaz
جزح	jazḥ
جزدان	juzdān
جزر	jazr
جزرس	juz-ras
جزرسی	juz-rasī
جزری	jazarī
جزع	jaz‘
جزغ	jazag̱ẖ
جزغال	jizg̱ẖāl
جزف	jazf
جزک	jazak
جزکشی	juz-kashī
جزگیر	juz-gīr
جزل	jazl
جزم	jazm
جزور	juzūr
جزور	jazūr
جزوع	jazū‘
جزوی	juzwe
جزویات	juzwīyāt
جزه	jaza
جزی	juzī
جزیة	jizyat
جزین	jazīdan
جزیرة	jazīrat
جزئی	juz’ī
جزئیات	juz’iyāt
جس	jas
جس	jass
جساد	jisād
جسارة	jasārat
جساس	jassās
جساسة	jassāsat
جسامة	jasāmat
جسامی	jusāmī
جساوت	jasāwat
جسبوس	jasbos
جست	jast
جستان	jastān
جستانیدن	jastānīdan
جستن	jastan
جستجو	just-jū
جسته	jasta
جسد	jasad
جسدی	jasadī
جسر	jasr
جسم	jism
جسمان	jusmān
جسمی	jasmī
جسمی	jismī
جسمیة	jismīyat
جسیدن	jasīdan
جسیس	jasīs
جسیم	jasīm
جسینه	jasīna
جش	jash
جش	jashsh
جشاٴ	jushā’
جشان	jashān
جشب	jashb
جشر	jashr
جشع	jasha‘
جشم	jashm
جشن	jashn
جشنگاه	jashn-gāh
جشنی	jashnī
جشو	jashw
جشؤ	jashū’
جشوات	jashwāt
جشه	jashsha
جشیب	jashīb
جشیر	jashīr
جشیره	jashīra
جشیش	jashīsh
جشیشه	jashīsha
جصاص	jaṣṣāṣ
جع	ja‘
جعاب	ji‘āb
جعاب	ja‘‘āb
جعاد	ji‘ād
جعادة	ja‘ādat
جعال	ji‘āl
جعالة	ji‘ālat
جعب	ja‘b
جعباٴ	ja‘bā’
جعباءة	ji‘bā’at
جعباة	ji‘ibbāt
جعبر	ja‘bar
جعد	ja‘d
جعده	ja‘da
جعر	ja‘r
جعف	ja‘f
جعفر	ja‘far
جعفری	ja‘farī
جعفریة	ja‘farīyat
جعل	ja‘l
جعلان	ji‘lān
جعلقی	ju‘ullaqī
جعلی	ja‘lī
جعم	ja‘am
جغ	jag̱ẖ
جغاره	jag̱ẖāra
جغاله	jag̱ẖāla
جغبت	jag̱ẖbat
جغبوت	jag̱ẖbūt
جغجغه	jag̱ẖjag̱ẖa
جغد	jug̱ẖd
جغر	jag̱ẖr
جغرابه	jag̱ẖr-āba
جغرات	jug̱ẖrāt
جغرافیه	jug̱ẖrāfiya
جغرد	jug̱ẖard
جغرسته	jag̱ẖrista
جغش	jag̱ẖash
جغله	jag̱ẖla
جغنک	jag̱ẖanak
جغنوت	jag̱ẖnūt
جغنه	jag̱ẖna
جغو	jag̱ẖū
جغه	jag̱ẖa
جفاء	jafā’
جفاف	jafāf
جفال	jufāl
جفاله	jafāla
جفان	jifān
جفت	jaft
جفتا	jaftā
جفتک	jaftak
جفتگی	jaftagī
جفتن	jaftan
جفته	jafta
جفتی	juftī
جفتیدن	jaftīdan
جفجف	jafjaf
جفر	jafr
جفری	jafrī
جفریه	jafarīyat
جفسانیدن	jafsānīdan
جفسیدن	jafsīdan
جفل	jafl
جفن	jafn
جفنة	jafnat
جفنگ	jafang
جفنگی	jafangī
جفنگیات	jafangiyāt
جفنه	jafna
جفنی	jafnī
جفور	jufūr
جفوف	jufūf
جفیف	jafīf
جک	jak
جکاد	jakād
جکاشه	jakāsha
جکاک	jakāk
جکر	jakar
جگاد	jagād
جگاره	jagāra
جگاشه	jagāsha
جگتیپونستن	jagtīpūnistan
جگر	jigar
جگرجی	jigarjī
جگرنه	jigrana
جگرونتن	jagrūnitan
جگری	jagarī
جگیجه	jagīja
جل	jal
جل	jalla
جل	jall
جلا	jala’
جلاء	jallā’
جلاءة	jalā’at
جلاب	jalāb
جلاب	jilāb
جلابیب	jalābīb
جلاجل	jalājil
جلاخ	julāḵẖ
جلاد	jilād
جلاد	jallād
جلادة	jalādat
جلادی	jallādī
جلازه	jilāza
جلاق	jallāq
جلاگر	jalāgar
جلال	jalāl
جلالة	jalālat
جلالی	jalālī
جلالیة	jalālīyat
جلانک	jalānak
جلانگر	jilāngar
جلانه	julāna
جلاو	jalāv
جلاهق	julāhik
جلائل	jalā’il
جلبا	jalbā
جلباب	jilbāb
جلبان	julbān
جلبة	jalabat
جلبو	jalbū
جلبوب	jalbūb
جلبهنگ	jilbahang
جلبیز	jilbez
جلت	jallat
جلتا	jaltā
جلتاق	jaltāq
جلتکه	jalatka
جلجل	juljul
جلجلان	juljulān
جلح	jalḥ
جلد	jald
جلدة	jaldat
جلدگر	jild-gar
جلدی	jaldī
جلس	jils
جلساء	julasā’
جلسام	jilsām
جلط	jalt̤
جلع	jal‘
جلغوزه	jalg̱ẖoza
جلف	jalaf
جلف	jilf
جلفار	julfār
جلق	jalq
جلق	julq
جلک	jalak
جلکا	julkā
جلکاره	jalkāra
جلکاه	julkāh
جلم	jalm
جلم	jilm
جلماثا	jalmās̤ā
جلمد	jalmad
جلنجوجه	jalanjūja
جلنگ	jiling
جلو	jalw
جلو	jalau
جلواد	jalwād
جلواذ	jilwāẕ
جلود	jalūd
جلود	julūd
جلودار	jilau-dār
جلوریز	jilau-rez
جلوز	jalūz
جلوز	jillauz
جلوس	julūs
جلوسی	julūsī
جلول	jalūl
جلولاء	jalaulā’
جلوند	jalwand
جلونک	jalūnak
جلوه	jilwa
جلوی	jalwī
جله	julla
جلهی	jalhī
جلی	jalī
جلیة	jalīyat
جلیتقه	jalītqa
جلید	jalīd
جلیدقه	jalīdqa
جلیده	jalīda
جلیدیه	jalīdīya
جلیز	jalīz
جلیس	jalīs
جلیک	jalīk
جلیل	jalīl
جلیل	julail
جم	jam
جم	jamm
جماً	jamman
جماء	jammā’
جماجم	jamājim
جماح	jimāḥ
جماخ	jamāḵẖ
جماد	jamād
جمادات	jamādāt
جمادیٰ	jumādá
جمادی	jumādī
جمار	jimār
جماز	jammāz
جمازگان	jummāzagān
جمازوان	jammāzwān
جماش	jamāsh
جماع	jimā‘
جماعة	jamā‘at
جمال	jamāl
جمالستان	jamālistān
جمالی	jamālī
جمام	jamām
جمان	jumān
جمانه	jumāna
جمانی	jamānī
جماهیر	jamāhīr
جمة	jammat
جمتود	jamtūd
جمجاه	jam-jāh
جمجم	jumjum
جمح	jamḥ
جمد	jamd
جمدار	jamdār
جمدر	jamdar
جمر	jamr
جمرات	jamarāt
جمریور	jamrīwar
جمز	jamz
جمزیور	jamzīwar
جمس	jams
جمش	jamsh
جمش	jamash
جمشاسب	jamshāsb
جمشاک	jamshāk
جمشید	jamshed
جمشیدون	jamshedūn
جمع	jam‘
جمعات	jama‘āt
جمعدار	jam‘-dār
جمعداری	jam‘-dārī
جمعدان	jam‘dān
جمعگی	jum‘agī
جمعی	jam‘ī
جمعیة	jam‘īyat
جمقدار	jumaqdār
جمگرد	jamgard
جمل	jaml
جملگی	jumlagī
جمم	jamam
جمند	jamand
جمنه	jamuna
جموح	jamūḥ
جمود	jumūd
جموش	jamūsh
جمول	jamūl
جموم	jamūm
جمهرة	jamharat
جمهور	jamhūr
جمهور	jumhūr
جمهوری	jamhūrī
جمیتونتن	jamītūnitan
جمید	jamīd
جمیز	jamīz
جمیع	jamī‘
جمیعاً	jamī‘an
جمیعة	jamī‘at
جمیل	jamīl
جمیله	jamīla
جن	jan
جن	jann
جناب	janāb
جنابان	janābān
جنابة	janābat
جنابه	janāba
جناة	janāt
جنات	jannāt
جناح	janāḥ
جناخ	janāḵẖ
جناغ	janāg̱ẖ
جناق	junāq
جنان	janān
جنان	jinnān
جنائب	janā’ib
جنایة	jināyat
جنائز	janā’iz
جنب	jaṃb
جنب	janab
جنبان	juṃbān
جنبان	junubān
جنبانیدن	juṃbānīdan
جنبة	jaṃbat
جنبد	juṃbad
جنبش	juṃbish
جنبلول	jaṃbalūl
جنبنده	juṃbanda
جنبه	juṃba
جنبی	jaṃbī
جنبید	juṃbīd
جنبیدن	juṃbīdan
جنبیده	juṃbīda
جنبین	jaṃbain
جنبیه	jaṃbiya
جنة	jannat
جنتر	jantar
جنتوریه	jantūriya
جنتی	jannatī
جنتیانا	jantiyānā
جنج	janj
جنجال	janjāl
جنجر	junjar
جنجک	janjak
جنجنانی	janjanānī
جنجه	janja
جنح	janḥ
جند	jand
جند	jund
جنداسابور	jundāsābūr
جندال	jandāl
جندبیذست	jundbīdast
جندار	jandār
جندر	jandar
جندره	jandara
جندل	jandal
جندقوق	jandqūq
جندوق	jandūq
جنده	junda
جندی	jundī
جنرال	janarāl
جنس	jins
جنستان	jinistān
جنسخانه	jins-ḵẖāna
جنسوار	jins-wār
جنسواری	jinswārī
جنسی	jinsī
جنسیة	jinsīyat
جنطی	jintī
جنطیانا	jintiyānā
جنف	janaf
جنفج	janfaj
جنقی	janqī
جنکسانک	jinksānak
جنکوس	jankūs
جنگ	jang
جنگار	jang-ār
جنگال	jangāl
جنگانیدن	jangānīdan
جنگاه	jangāh
جنگجو	jang-jo
جنگجوئی	jang-jo’ī
جنگل	jangal
جنگلانی	janglānī
جنگلوک	jangalūk
جنگلی	jangalī
جنگوک	jangūk
جنگی	jangī
جنگیدن	jangīdan
جنگیز	jingīz
جنن	janan
جنوب	janūb
جنوباً	janūban
جنوبی	janūbī
جنوح	junūḥ
جنود	junūd
جنور	janwar
جنوس	junūs
جنون	junūn
جنونی	junūnī
جنوه	januwa
جنویز	janawīz
جنهی	janaḥī
جنی	jany
جنی	jinnī
جنیب	janīb
جنیبة	janībat
جنیر	juner
جنین	janīn
جنیور	janīwar
جو	jauw
جوا	jawā
جوآب	jaw-āb
جواب	jawāb
جوابدار	jawāb-dār
جوابی	jawābī
جواد	jawād
جواذب	jawāẕib
جوار	jawār
جوار	juwār
جوارح	jawāriḥ
جوارش	jawārish
جواری	jawāri
جواز	jawāz
جوازه	juwāza
جوازیة	jawāzīyat
جواس	jawāss
جواسیس	jawāsīs
جواظ	jawwāz̤
جوال	jiwāl
جوال	juwāl
جوالدوز	juwāl-doz
جوالدوزی	juwāl-dozī
جوالق	jawāliq
جوالقات	jawāliqāt
جوام	juwām
جوامح	jawāmiḥ
جوامع	jawāmi‘
جوامیس	jawāmīs
جوان	jawān
جوانان	jawānān
جوانانه	jawānāna
جوانب	jawānib
جوانبخت	jawān-baḵẖt
جوانح	jawāniḥ
جوانک	jawānak
جوانمرد	jawān-mard
جوانمردی	jawān-mardī
جوانمرگ	jawān-marg
جوانموت	jawān-maut
جوانه	jawāna
جوانی	jawānī
جوانیک	jawānīk
جواهر	jawāhir
جواهرات	jawāhirāt
جواهرآلات	jawāhir-ālāt
جواهری	jawāhirī
جوائز	jawā’iz
جوائف	jawā’if
جوب	jūb
جوب	jaub
جوبار	jūbār
جوبال	jūbāl
جوبه	joba
جوپینه	jaupīna
جوتره	jautara
جوجر	jūjar
جوجگاه	jauja-gāh
جوجم	jojam
جوجن	jūjin
جوجو	jau-jau
جوجو	ju’ju’
جوجه	jūja
جوح	jauḥ
جوحی	jūḥī
جوخ	jauḵẖ
جوخان	jauḵẖān
جود	jaud
جوداء	juwādā’
جودان	jaudān
جودة	jaudat
جودر	jaudar
جودره	jaudara
جودی	jūdī
جوذاب	jūẕāb
جوذر	jau-ẕar
جوذر	jauẕir
جور	jaur
جوراب	jorāb
جورب	jaurab
جوربور	jūrbūr
جوره	jūra
جوز	jauz
جوزاء	jauzā’
جوزاغند	jauz-āg̱ẖand
جوزاک	jauzāk
جوزغه	jauzag̱ẖa
جوزق	jauzaq
جوزک	jauzak
جوزهر	jauzahr
جوزیدن	jauzīdan
جوزینه	jauzīna
جوژه	jūzha
جوس	jaus
جوساک	jausāk
جوسبونتن	jūsbūnitan
جوسق	jausaq
جوسک	jausak
جوسن	jausan
جوسنگ	jau-sang
جوسه	jausa
جوش	jaush
جوشاک	joshāk
جوشان	joshān
جوشاندن	joshāndan
جوشانده	joshānda
جوشپره	josh-para
جوشر	jaushir
جوشش	joshish
جوشیدن	joshīdan
جوشیده	joshīda
جوشیر	jaushīr
جوشیره	jaushīra
جوع	jū‘
جوعان	jau‘ān
جوغ	jūg̱ẖ
جوغون	jaug̱ẖan
جوف	jauf
جوق	jauq
جوکان	jaukān
جوکک	jūkak
جوگان	jaugān
جوگی	jogī
جول	jūl
جول	jaul
جولان	jawalān
جولانگاه	jawalān-gāh
جولانگری	jaulāngarī
جولانی	jaulānī
جولاه	jūlāh
جولاهک	jūlāhak
جولاهی	jūlāhī
جولخ	jolaḵẖ
جولخی	jolaḵẖī
جوله	jūla
جولهه	jūlaha
جولیدن	jūlīdan
جومست	jaumist
جون	jaun
جونة	jūnat
جونک	jūnk
جونگ	jūng
جونه	jauna
جووان	jiwwān
جوولاغی	jowalāg̱ẖī
جوه	jauh
جوه	jūh
جوهر	jūhar
جوهر	jauhar
جوهرات	jauharāt
جوهری	jauharī
جوهریان	jauhariyān
جوهی	jūhī
جوی	jawe
جویا	joyā
جویان	joyān
جویانیدن	joyānīdan
جویائی	joyā’ī
جویبار	jūy-bār
جویجوز	jūyjūz
جویچه	jūycha
جوین	jawīn
جوینده	joyanda
جوییده	joyīdan
جویینه	jūyīna
جه	jah
جه	jih
جهابذة	jahābiẕat
جهات	jihāt
جهاد	jahād
جهادی	jihādī
جهارة	jahārat
جهاز	jahāz
جهازات	jahāzāt
جهازشکنی	jahāz-shikanī
جهازی	jahāzī
جهال	juhhāl
جهالة	jahālat
جهام	jahām
جهانبانی	jahānbānī
جهانبین	jahān-bīn
جهانتاب	jahān-tāb
جهاندار	jahān-dār
جهانداری	jahān-dārī
جهانکشا	jahān-kushā
جهانی	jahānī
جهانیان	jahāniyān
جهانیدن	jahānīdan
جهبذ	jihbiẕ
جهبذة	jahbazat
جهث	jahs̤
جهجاه	jahjāh
جهجهان	jahjahān
جهد	jahd
جهدش	jahdish
جهر	jahr
جهراً	jahran
جهراوات	jahrāwāt
جهرةً	jahratan
جهرم	jahram
جهرمی	jahramī
جهرمیة	jahramīyat
جهره	jahra
جهش	jahsh
جهش	jahish
جهل	jahl
جهلاء	juhalā’
جهلة	jahalat
جهلی	jahlī
جهم	jahm
جهمرز	jih-marz
جهمی	jahmī
جهن	jahn
جهنجه	jahanja
جهندگی	jahandagī
جهنده	jahanda
جهنم	jahannam
جهنمی	jahannamī
جهود	juhūd
جهودانه	juhūdāna
جهودی	juhūdī
جهوری	jahūrī
جهول	jahūl
جهولی	jahūlī
جهولیة	jahūlīyat
جهید	jahīd
جهیدن	jahīdan
جهیر	jahīr
جهیز	jahīz
جهینة	juhainat
جی	jai
جیالک	jayālak
جیب	jaib
جیبا	jībā
جیبر	jībar
جیبه	jība
جیبین	jaibīn
جیتن	juytan
جیته	jīta
جیپا	jīpā
جیپال	jaipāl
جیحان	jaiḥān
جیحون	jaiḥūn
جیحونی	jaiḥūnī
جید	jīd
جیر	jīr
جیران	jīrān
جیرفت	jīruft
جیرون	jīrūn
جیره	jīra
جیزو	jīzū
جیستان	jīstān
جیستن	jestan
چیسنک	jaisink
جیش	jaish
جیشگر	jaishgar
جیض	jaiẓ
جیغ	jīg̱ẖ
جیغت	jaig̱ẖut
جیغوت	jaig̱ẖūt
جیغه	jīg̱ẖa
جیف	jiyaf
جیفة	jīfat
جیقه	jīqa
جیک	jīk
جیل	jīl
جیلان	jīlān
جیلاهنگ	jīlāhang
جیلدارو	jīl-dārū
جیم	jīm
جین	jīn
جیناک	jīnāk
جیواد	jaiwād
جیوب	juyūb
جیود	jaiwad
جیوش	juyūsh
جیوه	jīwa
چ	ch
چا	chā
چابک	chābuk
چادان	chādān
چابکی	chābukī
چابوک	chābūk
چاپ	chāp
چاپاتی	chāpātī
چاپار	chāpār
چاپاری	chāpārī
چاپق	chāpuq
چاپلوس	chāplos
چاپلوسی	chāplosī
چاپله	chāpila
چاپول	chāpaul
چاپیدن	chāpīdan
چاپه	chāpa
چاپوب	chāpūb
چاپوق	chāpūq
چاتو	chātū
چاچ	chāch
چاچله	chāchala
چاچی	chāchī
چاخشوق	chāḵẖshūq
چادر	chādar
چار	chār
چارپخ	chār-paḵẖ
چارپر	chār-par
چارپهلو	chār-pahlū
چارچارگوی	chār-chār-goy
چارده	chārdah
چاردهم	chārdahum
چارسال	chār-sāl
چارغ	chārug̱ẖ
چارک	chārak
چارگامه	chār-gāma
چارگون	chār-gūn
چارلنگر	chār-langar
چارمین	chārumīn
چارو	chārū
چاروا	chārwā
چاروغ	chārūg̱ẖ
چاره	chāra
چاریاری	chār-yārī
چاز	chāz
چاژ	chāzh
چاش	chāsh
چاشت	chāsht
چاشتی	chāshtī
چاشدان	chāshdān
چاشکدان	chāshakdān
چاشنه	chāshna
چاشنی	chāshnī
چاشنیگیر	chāshnīgīr
چاغ	chāg̱ẖ
چاغداول	chāg̱ẖdāwul
چاق	chāq
چاقشر	chāqshur
چاقو	chāqū
چاقی	chāqī
چاک	chāk
چاکاچاک	chākāchāk
چاکانیدن	chākānīdan
چاکر	chākar
چاکری	chākarī
چاکسو	chāksū
چاکل	chākal
چاکو	chākū
چاکوچ	chākoch
چال	chāl
چالاک	chālāk
چالاکی	chālākī
چالان	chālān
چالپوس	chalpos
چالش	chālish
چالشگر	chālishgar
چالشگری	chālishgarī
چالحوض	chāl-ḥauẓ
چالو	chālū
چالی	chālī
چالیر	chālīr
چالیش	chālīsh
چالیک	chālīk
چام	chām
چامز	chāmiz
چامگیر	chām-gīr
چاموش	chāmosh
چامه	chāma
چامیدن	chāmīdan
چامیر	chāmīr
چامین	chāmīn
چانش	chānish
چانقی	chānqī
چانه	chāna
چاو	chāv
چاوچاوان	chāvchāwān
چاوش	chāwush
چاوک	chāwak
چاوله	chāwala
چاولی	chāvlī
چاووش	chāwūsh
چاوید	chāwīd
چاویدن	chāwīdan
چاه	chāh
چاهجو	chāh-jo
چاهسار	chāh-sār
چاهک	chāhak
چاهه	chāha
چاهیدن	chāhīdan
چاهیوز	chāh-yūz
چای	chāy
چائیدن	chā’īdan
چبان	chabān
چبتن	chabtan
چبغت	chabg̱ẖut
چبلوس	chablos
چبوق	chibūq
چبیره	chabīra
چپ	chap
چپا	chapā
چپاتی	chapātī
چپار	chapār
چپانیدن	chapānīdan
چپاول	chapāwal
چپچاپ	chapchāp
چپچله	chapchala
چپدار	chipdār
چپر	chapar
چپسیدن	chapsīdan
چپسین	chapsīn
چپکن	chapkan
چپل	chapal
چپلان	chaplān
چپلاهنک	chaplāhang
چپلک	chiplak
چپلوس	chaplos
چپله	chapla
چپنلک	chipinlik
چپو	chapū
چاپه	chapa
چپیدن	chapīdan
چپین	chuppīn
چتر	chatr
چترک	chatrak
چترمان	chatrmān
چتلاقوج	chatlāqūj
چتو	chatū
چتوک	chutūk
چته	chita
چتین	chatīn
چج	chaj
چچرغه	chachurg̱ẖa
چچک	chachak
چچک	chichak
چچله	chachala
چچو	chuchū
چخ	chaḵẖ
چخاچخ	chaḵẖāchaḵẖ
چخاچخی	chaḵẖāchaḵẖī
چخان	chaḵẖān
چخت	chaḵẖt
چخجیر	chaḵẖjīr
چخش	chaḵẖsh
چخک	chaḵẖak
چخماخ	chaḵẖmāḵẖ
چخماغ	chaḵẖmāg̱ẖ
چخیدن	chaḵẖīdan
چخیده	chaḵẖīda
چدر	chadr
چدروا	chudurwā
چدن	chidan
چده	chida
چر	char
چرا	charā
چرابه	charāba
چراجا	charā-jā
چراخ	chirāḵẖ
چراخوار	charā-ḵẖẉār
چراخواره	chirāḵẖ-wāra
چراخور	charā-ḵẖẉur
چرازار	charāzār
چراسک	charāsak
چراسیا	charāsiyā
چراغ	chirāg̱ẖ
چراغان	chirāg̱ẖān
چراغبانه	chirāg̱ẖ-bāna
چراغپا	chirāg̱ẖ-pā
چراغچی	chirāg̱ẖchī
چراغدان	chirāg̱ẖdān
چراغک	chirāg̱ẖak
چراغکش	chirāg̱ẖ-kush
چراغله	chirāg̱ẖla
چراغنده	chirāg̱ẖanda
چراغواره	chirāg̱ẖ-wāra
چراغوره	chirāg̱ẖ-wara
چراغی	chirāg̱ẖī
چراکسه	charākisa
چراکه	chirāki
چراگاه	charā-gāh
چراگر	charāgar
چرام	charām
چراماندن	charāmāndan
چران	charān
چراندن	charāndan
چرانده	charānda
چرانیدن	charānīdan
چراینده	charāyanda
چرائی	charā’ī
چرائیتا	charā’ītā
چرایین	charāyīn
چرب	charb
چربرود	charb-rūd
چربش	charbish
چربک	charbak
چربنزار	charb-nizār
چربو	charbū
چربه	charba
چربی	charbī
چربیدن	charbīdan
چرت	chart
چرتی	churtī
چرته	charta
چرخ	charḵẖ
چرخاب	charḵẖ-āb
چرخشت	charḵẖusht
چرخله	charḵẖala
چرخوک	charḵẖūk
چرخه	charḵẖa
چرخی	charḵẖī
چرد	chard
چرده	charda
چرز	charz
چرزه	charza
چرس	charas
چرش	charash
چرغ	charg̱ẖ
چرغان	charg̱ẖān
چرغد	chirg̱ẖad
چرغند	charg̱ẖand
چرغنو	charg̱ẖanū
چرغول	charg̱ẖūl
چرک	chark
چرکاب	chirk-āb
چرکمک	charkamak
چرکن	chirkin
چرکین	chirkīn
چرکینی	chirkīnī
چرگر	chargar
چرگه	chargah
چرم	charm
چرمساز	charm-sāz
چرمک	charmak
چرمگر	charmgar
چرمه	charma
چرمین	charmīn
چرند	charand
چرندو	charandū
چرنده	charanda
چرنگ	chiring
چرنگک	charangak
چرنگیدن	chiringīdan
چروش	charwish
چروک	charūk
چرون	charūn
چرونجی	chironjī
چرونده	charwanda
چرویدن	charwīdan
چرویده	charwīda
چره	chura
چرهواز	charhawāz
چریدن	charīdan
چریدنی	charīdanī
چریش	charyish
چریک	charīk
چریکچی	charīkchī
چرینه	charīna
چز	chaz
چزد	chazd
چزدره	chazdara
چزغ	chizg̱ẖ
چزک	chizak
چزمه	chizma
چزور	chizwar
چزه	chaza
چژ	chuzh
چژک	chizhak
چس	chus
چسان	chi-sān
چسپ	chusp
چسپان	chaspān
چسپاندن	chaspāndan
چسپانده	chaspānda
چسپانی	chaspānī
چسپندگی	chaspandagī
چسپنده	chaspanda
چسپیدگی	chaspīdagī
چسپیدن	chaspīdan
چسپیده	chaspīda
چست	chust
چستا	chastā
چستان	chistān
چستن	chustan
چسته	chasta
چستی	chustī
چسم	chasm
چسنگ	chasang
چش	chash
چشام	chashām
چشان	chashān
چشانیدن	chashānīdan
چشپر	chashpar
چشت	chisht
چشته	chashta
چشخام	chashḵẖām
چشش	chashish
چشفر	chashfar
چشک	chishk
چشگر	chashgar
چشم	chashm
چشمک	chashmak
چشملان	chashmalān
چشمه	chashma
چشمها	chashmhā
چشمیده	chashmīda
چشمیزک	chashmīzak
چشن	chashan
چشنده	chashanda
چشنی	chashnī
چشیدن	chashīdan
چشیدنی	chashīdanī
چشیده	chāshīda
چشیره	chashīra
چشیشه	chashīsha
چطور	chi-t̤aur
چطه	chit̤t̤a
چغ	chag̱ẖ
چغار	chag̱ẖār
چغاز	chag̱ẖāz
چغاله	chag̱ẖāla
چغامه	chag̱ẖāma
چغان	chag̱ẖān
چغانه	chag̱ẖāna
چغانیان	chag̱ẖāniyān
چغبت	chag̱ẖbut
چغبلغ	chag̱ẖbulug̱ẖ
چغت	chag̱ẖt
چغتای	chag̱ẖtāy
چغد	chug̱ẖd
چغداول	chag̱ẖdāwul
چغر	chag̱ẖr
چغرسته	chag̱ẖrista
چغرنده	chag̱ẖranda
چغریدن	chag̱ẖrīdan
چغریده	chag̱ẖrīda
چغز	chag̱ẖz
چغزانه	chag̱ẖz-āba
چغزانیدن	chag̱ẖzānīdan
چغزاوه	chag̱ẖz-awa
چغزیدن	chag̱ẖzīdan
چغک	chug̱ẖuk
چغل	chag̱ẖal
چغلی	chug̱ẖulī
چغمونستن	chag̱ẖmūnistan
چغنت	chag̱ẖnat
چغندر	chug̱ẖundur
چغنوت	chug̱ẖnūt
چغنه	chag̱ẖna
چغو	chug̱ẖū
چغواره	chag̱ẖ-wāra
چغوک	chug̱ẖūk
چغیدن	chag̱ẖīdan
چفاله	chafāla
چفت	chaft
چفتن	chaftan
چفته	chafta
چفتیدن	chaftīdan
چفده	chafda
چفرسته	chafrista
چفسانی	chafsānī
چفسیدگی	chafsīdagī
چفسیدن	chafsīdan
چفسیده	chafsīda
چفود	chifūd
چق	chaq
چقاچاق	chaqāchāq
چقچقی	chaqchaqī
چقدر	chi-qadar
چقر	chaqar
چقشور	chaqshūr
چقماچی	chaqmāchī
چقماق	chaqmāq
چقماقی	chaqmāqī
چقیدن	chaqīdan
چک	chak
چکا	chakā
چکابه	chakāba
چکاچاک	chakāchāk
چکاچک	chakāchak
چکاد	chakād
چکار	chikār
چکاره	chikāra
چکاری	chikārī
چکاسه	chakāsa
چکاک	chakāk
چکاگه	chakāga
چکاله	chakāla
چکامه	chakāma
چکان	chakān
چکانا	chakānā
چکاندن	chakāndan
چکانیدن	chakānīdan
چکاو	chakāv
چکاوک	chakāwak
چکاوگاه	chakāv-gāh
چکاوه	chakāwa
چکاه	chakāh
چکچاک	chakchāk
چکچک	chakchak
چکدان	chak-dān
چکرنه	chikarna
چکره	chakra
چکری	chukrī
چکزبه	chakzaba
چکس	chakas
چکسه	chaksa
چکسیدن	chakasīdan
چکش	chakish
چکل	chakal
چکله	chakla
چکلیز	chaklīz
چکمان	chakmān
چکمه	chakma
چکمیزک	chak-mezak
چکنم	chikunam
چکندر	chukundur
چکندوز	chikin-doz
چکنویس	chak-nawīs
چکو	chakū
چکوج	chakūj
چکوک	chakok
چکونه	chikūna
چکه	chaka
چکیدگی	chakīdagī
چکیدن	chakīdan
چکیده	chakīda
چکین	chikīn
چگار	chagār
چگال	chagāl
چگامه	chagāma
چگانی	chaggānī
چگک	chuguk
چگل	chigil
چگلک	chagalak
چگلیز	chiglīz
چگندر	chugundar
چگوک	chagūk
چگوگ	chugūg
چگونگی	chigūnagī
چگونه	chigūna
چل	chal
چلا	chillā
چلاس	chalās
چلاک	chalāk
چلان	chalān
چلاه	chulāh
چلبله	chulbula
چلپ	chalap
چلپاسه	chalpāsa
چلپک	chalpak
چلته	chilta
چلچله	chilchila
چلساله	chil-sāla
چلش	chulush
چلغوزه	chil-g̱ẖoza
چلک	chilk
چلم	chalam
چلمله	chalmala
چلنچو	chalanchū
چلود	chalūd
چلوک	chalauk
چلونک	chalūnak
چلیپا	chalīpā
چلیپاوار	chalīpā-wār
چلیدن	chalīdan
چلیده	chalīda
چلیم	chilīm
چم	cham
چماق	chumāq
چمانچی	chamānchī
چمانی	chamānī
چمانیدن	chamānīdan
چمتاک	chamtāk
چمچاخ	chamchāḵẖ
چمچاق	chamchāq
چمچرغه	chamchurg̱ẖa
چمچمه	chumchuma
چمخاخ	chamḵẖāḵẖ
چمدک	chimdik
چمر	chamar
چمراس	chamrās
چمش	chamsh
چمشاک	chamshāk
چمشه	chamsha
چمک	chamak
چملان	chamlān
چملول	chamlūl
چمن	chaman
چمنا	chimnā
چمناک	chamnāk
چمند	chamand
چمنده	chamanda
چمنزار	chamanzār
چمنک	chamnak
چمنی	chamanī
چموش	chamūsh
چمی	chamī
چمیدن	chamīdan
چمیده	chamīda
چمیز	chamīz
چن	chin
چناب	chanāb
چناچن	chanāchan
چناخ	chanāḵẖ
چنار	chanār
چنارستان	chanāristān
چناغ	chanāg̱ẖ
چناگ	chunāg
چنال	chanāl
چنان	chanān
چنانچه	chunānchi
چنانکه	chunānki
چنانه	chunāna
چنانهن	chanānhan
چنانیدن	chanānīdan
چناور	chunāwar
چناهن	chanāhan
چنبر	chaṃbar
چنبری	chaṃbarī
چنبک	chuṃbak
چنبل	chuṃbul
چنبلول	chaṃbalūl
چنبای	chuṃbulī
چنبیدن	chuṃbīdan
چنپا	chaṃpā
چنچله	chanchala
چنخ	chinḵẖ
چند	chand
چندا	chandā
چندال	chandāl
چندان	chandān
چندانی	chandāne
چنداول	chandāwul
چندر	chundur
چندفند	chandfand
چندل	chandal
چندن	chandan
چنده	chanda
چندی	chande
چندین	chandīn
چنغوب	chang̱ẖūb
چنک	chunak
چنگ	chang
چنگار	chang-ār
چنگال	changāl
چنگالخواست	changāl-ḵẖẉāst
چنگاله	changāla
چنگالی	changālī
چنگدو	changdū
چنگرنگاچه	changarnagācha
چنگز	chingiz
چنگش	chingish
چنگک	changak
چنگل	changal
چنگلانی	changlānī
چنگلوک	changalok
چنگله	changala
چنگوان	changwān
چنگه	changa
چنگی	changī
چنگیدن	changīdan
چنگیز	chingīz
چنو	chuno
چنه	chana
چنیبه	chinība
چنیدن	chinīdan
چنیده	chinīda
چنیزو	chinīzū
چنین	chunīn
چنیها	chunīhā
چو	chau
چواک	chuwāk
چوال	chuwāl
چوبا	chūbā
چوبان	chobān
چوبانی	chobānī
چوبخوارک	chūb-ḵẖẉārak
چوبدانه	chūb-dāna
چوبزن	chūb-zan
چوبشوی	chūb-shuwī
چوبک	chūbak
چوبکاری	chūb-kārī
چوبکش	chūb-kash
چوبکی	chūbakī
چوبکین	chūbakīn
چوبنه	chūbina
چوبه	chūba
چوبی	chobī
چوبین	chūbīn
چوپان	chopān
چوپایه	chau-pāya
چوپر	chaupar
چوپگین	chopgīn
چوپلنک	choplank
چوپله	chaupala
چوپلین	chūpalīn
چوت	chaut
چوتاه	chūtāh
چوتره	chautara
چوثه	chaus̤a
چوجه	chūja
چوچم	chūchum
چوچو	chūchū
چوچوله	chūchūla
چوچه	chūcha
چوخا	chūḵẖā
چوخیدن	choḵẖīdan
چودار	chūdār
چودن	chaudan
چور	chor
چورابه	chorāba
چوربا	chorbā
چورپور	chorpor
چورک	chūrak
چوره	chora
چوری	chaurī
چوز	chūz
چوزا	chūzā
چوزه	chūza
چوژه	chūzha
چوسیدن	chausīdan
چوشک	chūshak
چوشیدن	choshīdan
چوغ	chūg̱ẖ
چوغری	chūg̱ẖrī
چوغول	chūg̱ẖūl
چوغولی	chūg̱ẖūlī
چوک	chok
چوکلاه	chūklāh
چوکی	chaukī
چوگان	chaugān
چوگانباز	chaugān-bāz
چوگانی	chaugānī
چوگگ	chūgag
چولاه	chūlāh
چوم	chūm
چوماق	chomāq
چونا	chūn-ā
چونان	chūnān
چونانک	chūnān-ki
چوناه	chūnāh
چونچرا	chūn-chirā
چونکه	chūn-ki
چونه	chūna
چونه	chūnāh
چونی	chunī
چونین	chūnīn
چونینها	chūnīn-hā
چووه	chūwa
چویگان	chūygān
چه	cha
چها	chihā
چهاپه	chhāpa
چهاد	chahād
چهار	chahār
چهاربیخ	chahār-beḵẖ
چهاردری	chahār-darī
چهارده	chahārdah
چهاردهم	chahārdahum
چهارگان	chahārgān
چهارگانه	chahārgāna
چهارگوشه	chahār-gosha
چهارم	chahārum
چهارماهه	chahār-māha
چهارمغز	chahār-mag̱ẖz
چهان	chahān
چهبچه	chah-bacha
چهچه	chahcha
چهر	chihr
چهرم	chahram
چهری	chaharī
چهلم	chahlam
چهنده	chahanda
چهیدن	chahīdan
چهیر	chahīr
چهیوز	chah-yūz
چی	chī
چیانیدن	chiyānīdan
چیپال	chaipāl
چیپر	chaipar
چیپور	chīpūr
چیپین	chaipīn
چیت	chīt
چیتل	chītal
چیته	chīta
چیچاب	chīchāb
چیچست	chīchist
چیچک	chīchak
چیخ	chīḵẖ
چیدار	chīdār
چیدن	chīdan
چیده	chīda
چیر	chīr
چیرچنگ	chīrchang
چیرگی	chīragī
چیره	chīra
چیز	chīz
چیزک	chīzak
چیزو	chīzū
چیزه	chīza
چیزی	chīze
چیست	chīst
چیستان	chīstān
چیستی	chīstī
چیغ	chīg̱ẖ
چیق	chīq
چیقو	chīqū
چیلان	chelān
چیلانه	chelāna
چیله	chela
چین	chīn
چینا	chīnā
چینائیدن	chīnā’īdan
چیندره	chīndara
چیندن	chīndan
چینده	chīnda
چینوار	chīnwār
چینود	chīnawad
چینه	chīna
چینی	chīnī
ح	ḥ
حاء	ḥā’
حاتم	ḥātim
حاتمی	ḥatimī
حاج	ḥāj
حاجات	ḥājāt
حاجب	ḥājib
حاجبی	hājibī
حاجة	ḥājat
حاجتمند	hājatmand
حاجتمندی	ḥājatmandī
حاجتومند	ḥājatūmand
حاجز	hājiz
حاجی	ḥājī
حاد	ḥād
حاد	hādd
حادث	ḥādis̤
حادثة	ḥādis̤at
حاذ	ḥāẕ
حاذق	ḥāẕiq
حار	ḥārr
حارث	ḥāris̤
حارج	ḥārij
حارس	ḥāris
حارص	ḥāriṣ
حارصه	ḥāriṣa
حارم	ḥārim
حازم	ḥāzim
حازمیة	ḥāzamīyat
حاسد	ḥāsid
حاسر	ḥāsir
حاسه	ḥāssa
حاش	ḥāsh
حاشاء	ḥāshā’
حاشر	ḥāshir
حاصب	ḥāṣib
حاصد	ḥāṣid
حاصر	ḥāṣir
حاصل	ḥāṣil
حاصلات	ḥāṣilāt
حاضر	ḥāẓir
حاضرات	ḥāẓirāt
حاضراتی	ḥāẓirātī
حاضران	ḥāẓirān
حاضرباش	ḥāẓir-bāsh
حاضرة	ḥāẓirat
حاضری	ḥāẓirī
حاضرین	ḥāẓirīn
حافة	ḥāfat
حافر	ḥāfir
حافرة	ḥāfirat
حافظ	ḥāfiz̤
حافظه	ḥāfiz̤a
حافی	ḥāfī
حاق	ḥāqq
حاقة	ḥāqqat
حاقن	ḥāqin
حاکة	ḥākat
حاکم	ḥākim
حاکمانه	ḥākimāna
حاکمی	ḥākimī
حاکی	ḥākī
حال	ḥāl
حالات	ḥālāt
حالب	ḥālib
حالحامل	ḥāl-ḥāṣil
حالوما	ḥālūmā
حالی	ḥālī
حالیاً	ḥālīyan
حام	ḥām
حامد	ḥāmid
حامض	ḥāmiẓ
حامل	ḥāmil
حاملات	ḥāmilāt
حامله	ḥāmila
حامی	ḥāmī
حانث	ḥānis̤
حانوت	ḥānūt
حانی	ḥānī
حاوی	ḥāwī
حاویه	ḥāwiya
حائر	ḥā’ir
حائط	ḥā’it̤
حائک	ḥā’ik
حائل	ḥā’il
حب	ḥabb
حباٴ	ḥibā’
حباب	ḥabāb
حبابی	ḥabābī
حبات	ḥabbāt
حباحب	ḥubāḥib
حباریٰ	ḥubārá
خباقا	ḥabāqā
حبال	ḥibāl
حبالة	ḥibālat
حبائل	ḥabā’il
حبب	ḥabab
حببة	ḥababat
حبة	ḥabbat
حبذا	ḥabbaẕā
حبر	ḥabr
حبس	ḥabs
حبش	ḥabash
حبشة	ḥabashat
حبشی	ḥabashī
حبض	ḥabaẓ
حبط	ḥabt̤
حبق	ḥabq
حبک	ḥabk
حبل	ḥabl
حبلیٰ	ḥublá
حبو	ḥabw
حبوب	ḥubūb
حبوبات	ḥubūbāt
حبوة	ḥubwat
حبه	ḥabba
حبیب	ḥabīb
حبیبة	ḥabībat
حبیة	ḥibyat
حبیر	ḥabīr
حبیکة	ḥabīkat
حت	ḥatt
حتار	ḥitār
حتام	ḥattāma
حتد	ḥatad
حتر	ḥatr
حتف	ḥatf
حتم	ḥatm
حتو	ḥatw
حتوف	ḥutūf
حتیٰ	ḥattá
حث	ḥas̤s̤
حثا	ḥas̤a’
حثر	ḥas̤ar
حثرما	ḥas̤armā
حثم	ḥas̤m
حج	ḥajj
حجاب	ḥijāb
حجابانه	ḥijābāna
حجابی	ḥijābī
حجار	ḥajjār
حجارت	ḥijārat
حجاری	ḥajjārī
حجاز	ḥijāz
حجازی	ḥajāzī
حجام	ḥijām
حجامة	ḥajāmat
حجامی	ḥajjāmī
حجب	ḥajb
حجتانه	ḥujjatāna
حجتی	ḥujjatī
حجر	ḥajar
حجرات	ḥujarāt
حجران	ḥajarān
حجرة	ḥajrat
حجرتان	ḥajaratān
حجری	ḥajarī
حجریة	ḥajarīyat
حجز	ḥajz
حجف	ḥajaf
حجک	ḥajak
حجله	ḥajala
حجلیٰ	ḥijlá
حجم	ḥajm
حجن	ḥajn
حجو	ḥajw
حجون	ḥajūn
حجیب	ḥajīb
حجیج	ḥajīj
حجیر	ḥajīr
حجیف	ḥajīf
حجیل	ḥajīl
حداء	ḥudā’
حدأة	ḥida’at
حداثة	ḥadās̤at
حداد	ḥidād
حدادی	ḥaddādī
حداقه	ḥadāqa
حدائق	ḥadā’iq
حدب	ḥadab
حدباء	ḥadbā’
حدبست	ḥad-bast
حدثات	ḥadas̤āt
حدثان	ḥids̤ān
حدثیة	ḥadas̤īyat
حدج	ḥadj
حدر	ḥadr
حدس	ḥads
حدق	ḥadq
حدقة	ḥadaqat
حدو	ḥadw
حدوث	ḥudūs̤
حدود	ḥudūd
حدور	ḥadūr
حدیبیة	ḥudaibiyat
حدیث	ḥadīs̤
حدید	ḥadīd
حدیده	hadīda
حدیقة	ḥadīqat
حذ	haẕẕ
حذاء	ḥiẕā’
حذافیر	ḥaẕāfīr
حذاقة	ḥaẕāqat
حذام	ḥaẕāmi
حذامیر	ḥaẕāmīr
حذذ	ḥaẕaẕ
حذف	ḥaẕf
حزفور	ḥuẕfūr
حذق	ḥaẕq
حذم	ḥaẕm
حذو	ḥaẕw
حذیم	ḥaẕīm
حر	ḥir
حر	ḥarr
حراء	ḥirā’
حراث	ḥarās̤
حراثة	ḥirās̤at
حراج	ḥirāj
حراز	hirāz
حراسة	ḥirāsat
حراشا	harāshā
حراص	ḥurrāṣ
حراض	ḥarrāẓ
حراف	ḥarrāf
حرافة	ḥarāfat
حراق	ḥurāq
حراک	ḥarāk
حرام	ḥarām
حرامان	ḥarāmān
حرامی	ḥarāmī
حرامین	ḥarāmain
حران	harrān
حرانانی	ḥarrānānī
حرائز	ḥarā’iz
حرب	ḥarb
حرباء	ḥirbā’
حرباناک	ḥirbānāk
حربی	ḥarbī
حرة	ḥarrat
حرث	ḥars̤
حرج	ḥirj
حرجات	ḥarajāt
حرجوان	ḥarjawān
حرجله	ḥarjala
حرد	ḥard
حرز	ḥarz
حرس	ḥars
حرش	ḥarsh
حرشف	ḥarshaf
حرشفه	ḥurshufa
حرص	ḥarṣ
حرصاحرص	ḥirṣ-ā-ḥirṣ
حرصی	ḥirṣī
حرض	ḥaraẓ
حرف	ḥarf
حرفاً	ḥarfan
حرفات	ḥarfāt
حرفقان	ḥarfqān
حرفی	ḥarfī
حرفیة	ḥarfīyat
حرق	ḥarq
حرک	ḥark
حرکات	ḥarakāt
حرکة	ḥarakat
حرکتی	ḥarakatī
حرم	ḥaram
حرمان	ḥaramān
حرمة	ḥirmat
حرمل	ḥarmal
حرمین	ḥaramain
حرن	ḥarn
حروب	ḥurūb
حرود	ḥurūd
حرور	ḥarūr
حروف	ḥurūf
حروفی	ḥurūfī
حرون	ḥarūn
حرونی	ḥarūnī
حره	ḥira
حره	ḥurra
حری	ḥarī
حریة	ḥurrīyat
حرید	ḥarīd
حریر	ḥarīr
حریره	ḥarīra
حریری	ḥarīrī
حریز	ḥarīz
حریش	ḥarīsh
حریص	ḥarīṣ
حریصی	ḥarīṣī
حریف	ḥarīf
حریفی	ḥarīfī
حریق	ḥarīq
حریک	ḥarīk
حریم	ḥarīm
حز	ḥazz
حزاز	ḥuzāz
حزازة	ḥazāzat
حزام	ḥizām
حزامة	ḥazāmat
حزانة	ḥuzānat
حزب	ḥizb
حزة	ḥuzzat
حزق	ḥazq
حزقل	ḥizqil
حزک	ḥazk
حزم	ḥazm
حزمة	ḥuzmat
حزن	ḥuzn
حزناء	ḥuzanā’
حزویٰ	ḥuzwá
حزیران	ḥazīrān
حزین	ḥazīn
حس	ḥass
حسا	hasā
حساب	ḥisāb
حسابدان	ḥisāb-dān
حسابی	ḥisābī
حساد	ḥussād
حساس	ḥassās
حساکک	ḥasākik
حسام	ḥusām
حسان	ḥisān
حسب	ḥasb
حسباء	ḥusabā’
حسبان	ḥisbān
حستی	ḥissatī
حسد	ḥasad
حسر	ḥasr
حسرات	ḥasarāt
حسرة	ḥasrat
حسرتا	ḥasratā
حسف	ḥasf
حسک	ḥasak
حسل	ḥasl
حسم	ḥasm
حسن	husn
حسنات	ḥasanāt
حسنة	ḥasanat
حسنیٰ	ḥusná
حسو	ḥasū
حسود	ḥasūd
حسودی	ḥasūdī
حسور	ḥusūr
حسوم	ḥusūm
حسی	ḥissī
حسیب	ḥasīb
حسیبک	ḥasībak
حسیر	ḥasīr
حسیس	ḥasīs
حسین	ḥasīn
حسینی	ḥusainī
حش	ḥashsh
حشا	ḥasha’
حشاش	ḥushāsh
حشر	ḥashr
حشر	ḥashar
حشرات	ḥasharāt
حشرة	ḥasharat
حشرگای	ḥashar-gāy
حشری	ḥashrī
حشف	ḥashf
حشفة	ḥashafat
حشفیفل	ḥashfīful
حشک	ḥashk
حشل	ḥashl
حشم	ḥashm
حشمة	ḥashamat
حشو	ḥashw
حشیش	ḥashīsh
حشیف	ḥashīf
حص	ḥaṣṣ
حصاة	ḥaṣāt
حصاد	ḥaṣṣād
حصار	ḥiṣār
حصاری	ḥiṣārī
حصان	ḥaṣān
حصانة	ḥaṣānat
حصباء	ḥaṣbā’
حصة	ḥiṣṣat
حصحصة	ḥaṣḥaṣat
حصد	ḥaṣd
حصر	ḥaṣr
حصرم	ḥiṣrim
حصص	ḥiṣaṣ
حصف	ḥaṣf
حصم	ḥaṣm
حصماء	ḥaṣmā’
حصور	ḥaṣūr
حصول	ḥuṣūl
حصه	ḥiṣṣa
حصیر	ḥaṣīr
حصیف	ḥaṣīf
حصین	ḥaṣīn
حضاجر	ḥaẓājir
حضار	ḥaẓār
حضان	ḥiẓān
حضانة	ḥiẓānat
حضب	ḥaẓb
حضجر	ḥiẓajr
حضر	ḥaẓar
حضرات	ḥaẓārāt
حضرة	ḥaẓrat
حضرموت	ḥaẓramaut
حضرمی	ḥaẓramī
حضری	ḥaẓarī
حضن	ḥaẓn
حضور	ḥuẓūr
حضوری	ḥuẓūrī
حضیرة	ḥaẓīrat
حضیض	ḥaẓīẓ
حط	ḥat̤t̤
حطاء	ḥat̤a’
حطام	ḥut̤ām
حطب	ḥat̤b
حطة	ḥit̤t̤at
حطر	ḥat̤r
حطل	ḥit̤l
حطم	ḥat̤m
حطیم	ḥat̤īm
حطیئة	ḥut̤ai’at
حظ	ḥaz̤z̤
حظب	ḥaz̤ab
حظر	ḥaz̤r
حظل	ḥaz̤l
حظوب	ḥuz̤ūb
حظوظ	ḥuz̤ūz̤
حظیرة	ḥaz̤īrat
حظیظ	ḥaz̤īz̤
حف	ḥaff
حفاظ	ḥifāz̤
حفاظة	ḥifāz̤at
حفاف	ḥifāf
حفان	ḥaffān
حفد	ḥafd
حفدة	ḥafadat
حفر	ḥafr
حفز	ḥafz
حفش	ḥafsh
حفص	ḥafṣ
حفض	ḥafẓ
حفظ	ḥifz̤
حفل	ḥafl
حفن	ḥafn
حفوف	ḥufūf
حفی	ḥafī
حفیر	ḥafīr
حفیظ	ḥafīz̤
حفیف	ḥafīf
حقا	ḥaqqān
حقاب	ḥiqāb
حقارة	ḥaqārat
حقانی	ḥaqqānī
حقائق	ḥaqā’iq
حقب	ḥaqab
حقبة	ḥiqbat
حقة	ḥaqqat
حقدار	ḥaq-dār
حقر	ḥaqr
حقز	ḥaqz
حقشناس	ḥaq-shinās
حقشناسی	ḥaq-shināsī
حقف	ḥiqf
حقفة	ḥiqafat
حقگوی	ḥaq-goy
حقل	ḥaql
حقن	ḥaqn
حقنة	ḥuqnat
خقو	ḥaqw
حقوة	ḥaqwat
حقود	ḥaqūd
حقوق	ḥuqūq
حقه	ḥuqqa
حقیة	ḥaqqīyat
حقیر	ḥaqīr
حقیری	ḥaqīrī
حقیقة	ḥaqīqat
حقیقةً	haqīqatan
حقیقی	ḥaqīqī
حک	ḥakk
حکاک	ḥakkāk
حکاکة	ḥukākat
حکام	ḥikām
حکام	ḥukkām
حکامی	ḥukkāmī
حکایا	ḥakāyā
حکایة	ḥikāyat
حکة	ḥikkat
حکر	ḥakr
حکرة	ḥukrat
حکم	ḥukm
حکماً	ḥukman
حکماء	ḥukamā’
حکمه	ḥikmat
حکمتی	ḥikmatī
حکمی	ḥukmī
حکومة	ḥukūmat
حکومتگاه	ḥukūmat-gāh
حکه	ḥikka
حکی	ḥakkī
حکیم	ḥakīm
حکیمانه	ḥakīmāna
حکیمه	ḥakīma
حکیمی	ḥakīmī
حلاب	ḥilāb
حلاب	ḥallāb
حلاج	ḥallāj
حلاجی	ḥallājī
حلاحل	ḥalāḥil
حلال	ḥalāl
حلاله	ḥalāla
حلالی	ḥalālī
حلاوة	ḥalāwat
حلائل	ḥalā’il
حلب	ḥalb
حلبة	ḥalbat
حلبی	ḥalabī
حلبیب	ḥalbīb
حلة	ḥallat
حلتیت	ḥiltīt
حلج	ḥalj
حلحل	ḥilḥil
حلداری	ḥal-dārī
حلس	ḥals
حلط	ḥalt̤
حلفاً	ḥalfan
حلفاء	ḥalfā’
حلفة	ḥalfat
حلق	ḥalq
حلقچی	ḥalqachī
حلقوم	ḥulqūm
حلقه	ḥalqa
حلقی	ḥalqī
حلقیة	ḥalqīyat
حلک	ḥalak
حلکاری	ḥal-kārī
حلل	ḥalal
حلم	ḥilm
حلماء	ḥulamā
حلمة	ḥalamat
حلمیة	ḥilmīyat
حلو	ḥalw
حلواء	ḥalwā’
حلوان	ḥulwān
حلوانی	ḥalwānī
حلوب	ḥalūb
حلول	ḥulūl
حلولیة	ḥalūlīyat
حلوم	ḥulūm
حلویٰ	ḥalwá
حلویات	ḥalwīyāt
حله	ḥulla
حلی	ḥaly
حلیب	ḥalīb
حلیة	ḥillīyat
حلیج	ḥalīj
حلیف	ḥalīf
حلیفه	ḥulaifa
حلیل	ḥalīl
حلیلة	ḥalīlat
حلیم	ḥalīm
حلیمة	ḥalīmat
حلیمو	ḥalaimū
حم	ḥam
حما	ḥama’
حماة	ḥamāt
حماحم	ḥamāḥim
حمار	ḥimār
حمار	ḥammār
حماری	ḥimārī
حمازة	ḥamāzat
حماسة	ḥamāsat
حماض	ḥummāẓ
حماط	ḥimmāt̤
حماق	ḥumāq
حماقة	ḥamāqat
حمال	ḥammāl
حمالة	ḥimālat
حمالیق	ḥamālīq
حمام	ḥamām
حماما	ḥamāmā
حمامات	ḥamāmāt
حمامة	ḥamāmat
حمامچی	ḥammāmchī
حمایة	ḥimāyat
حمائد	ḥamā’id
حمائل	ḥamā’il
حمائلی	ḥamā’ilī
حمائم	ḥamā’im
حمائی	ḥumā’ī
حمحم	ḥumḥum
حمد	ḥamd
حمدلة	ḥamdalat
حمدونة	ḥamdūnat
حمر	ḥumr
حمراء	ḥamrā’
حمرة	ḥumrat
حمز	ḥumz
حمز	ḥamz
حمزة	ḥamzat
حمس	ḥamas
حمش	ḥamsh
حمص	ḥamṣ
حمض	ḥamẓ
حمقاء	ḥumaqā’
حمک	ḥamak
حمل	ḥaml
حملوق	ḥumlūq
حمم	ḥamam
حموة	ḥimwat
حموض	ḥumūẓ
حموضة	ḥumūẓat
حمول	ḥamūl
حمولة	ḥamūlat
حمیٰ	ḥamá
حمیات	ḥummayāt
حمیاطیٰ	ḥimyāt̤á
حمیة	ḥimyat
حمید	ḥamīd
حمیر	ḥamīr
حمیل	ḥamīl
حمیم	ḥamīm
حن	ḥinn
حنا	ḥannā
حناء	ḥinnā’
حنابلة	ḥanābilat
حناط	ḥannāt̤
حناطة	ḥinātat
حنان	ḥanān
حنائی	ḥinā’ī
حنبل	ḥaṃbal
حنبلی	ḥaṃbalī
حنة	ḥannat
حنث	ḥins̤
حنج	ḥanj
حنجر	ḥanjar
حندقوقیٰ	ḥandqūqá
حنذ	ḥanẕ
حنس	ḥanas
حنط	ḥant̤
حنطة	hint̤at
حنظل	ḥanz̤al
حنف	ḥanaf
حنفاء	ḥunafā’
حنفی	ḥanafī
حنفیة	ḥanafīyat
حنق	ḥanaq
حنک	ḥank
حنو	ḥanw
حنوط	ḥanūt̤
حنی	ḥanī
حنیة	ḥanīyat
حنیذ	ḥanīẕ
حنیف	ḥanīf
حنیفیة	ḥanīfīyat
حنین	ḥanīn
حواء	ḥauwā’
حواٴب	ḥau’ab
حواجب	ḥawājib
حوادث	ḥawādis̤
حواذ	ḥiwāẕ
حواری	ḥawārī
حواریون	ḥawārīyūn
حواس	ḥawāss
حواشی	ḥawāshī
حواصل	ḥawāṣil
حوالات	ḥawālāt
حوالجات	ḥawālajāt
حوالیٰ	ḥawālá
حوایا	ḥawāyā
حوب	ḥaub
حوبة	ḥaubat
حوت	ḥaut
حوج	ḥauj
حوجم	ḥaujam
حوجمة	ḥaujamat
حوذ	ḥauẕ
حور	ḥaur
حور	ḥūr
حوراء	ḥaurā’
حوران	ḥūrān
حورزاد	ḥūr-zād
حوری	ḥūre
حوز	ḥauz
حوس	ḥaus
حوش	ḥaush
حوشب	ḥaushab
حوشیة	ḥūshīyat
حوص	ḥauṣ
حوض	ḥauẓ
حوضچه	ḥauẓcha
حوضخانه	ḥauẓ-ḵẖāna
حوضک	ḥauẓak
حوضه	ḥauẓa
حوط	ḥaut̤
حوف	ḥauf
حوفران	ḥaufarān
حوق	ḥauq
حوک	ḥauk
حول	ḥaul
حولدار	ḥawal-dār
حولک	ḥaulak
حولقة	ḥaulaqat
حوله	ḥaula
حوم	ḥaum
حومان	ḥawamān
حومانه	ḥaumāna
حومة	ḥaumat
حومر	ḥaumar
حومل	ḥaumal
حویت	ḥawet
حویج	ḥawīj
حویلی	ḥawīlī
حی	ḥaiy
حیا	ḥaya’
حیاء	ḥayā’
حیاة	ḥayāt
حیات	ḥaiyāt
حیاتی	ḥayātī
حیاریٰ	ḥayará
حیاصة	ḥiyāṣat
حیاض	ḥiyāẓ
حیاط	ḥiyāt̤
حیاطة	ḥiyāt̤at
حیاکة	ḥiyākat
حیال	ḥiyāl
حیة	ḥaiyat
حیتان	ḥītān
حیث	ḥais̤
حیثیة	ḥais̤īyat
حید	ḥaid
حیدر	ḥaidar
حیدری	ḥaidarī
حیر	ḥair
حیران	ḥairān
حیرانی	ḥairānī
حیرة	ḥairat
حیرتی	ḥairatī
حیرما	ḥairamā
حیریٰ	ḥairá
حیری	ḥīrī
حیز	ḥaiz
حیز	ḥīz
حیزوم	ḥaizūm
حیزی	ḥīzī
حیس	ḥais
حیش	ḥayash
حیص	ḥaiṣ
حیصل	ḥaiṣal
حیض	ḥaiẓ
حیضی	ḥaiẓī
حیطان	ḥīt̤ān
حیعلة	ḥai‘alat
حیف	ḥaif
حیق	ḥaiq
حیک	ḥaik
حیل	ḥail
خیلتاً	ḥīlatan
حین	ḥain
حیوان	ḥaiwān
حیوانات	ḥaiwānāt
حیوانی	ḥaiwānī
حیوانیة	ḥaiwānīyat
حیوة	ḥayát
حیود	ḥuyūd
حیه	ḥaiya
خ	ḵẖ
خا	ḵẖā
خاء	ḵẖā’
خاب	ḵẖāb
خابور	ḵẖābūr
خابئة	ḵẖābi’at
خابیدن	ḵẖābīdan
خات	ḵẖāt
خاتام	ḵẖātām
خاتمة	ḵẖātimat
خاتمین	ḵẖātmīn
خاتن	ḵẖātin
خاتوله	ḵẖātūla
خاتون	ḵẖātūn
خاج	ḵẖāj
خاجسوگ	ḵẖājsūg
خاخیدن	ḵẖāḵẖīdan
خاد	ḵẖād
خادر	ḵẖādir
خادع	ḵẖādi‘
خادم	ḵẖādim
خادمة	ḵẖādimat
خادمیة	ḵẖādimīyat
خاده	ḵẖāda
خار	ḵẖār
خارا	ḵẖārā
خارانیدن	ḵẖārānīdan
خارائی	ḵẖārā’ī
خارج	ḵẖārij
خارجاً	ḵẖārijan
خارجنک	ḵẖārjang
خارجه	ḵẖārija
خارجی	ḵẖārijī
خارچنگ	ḵẖār-chang
خارچینه	ḵẖār-chīna
خارزار	ḵẖārzār
خارسان	ḵẖārsān
خارستان	ḵẖāristān
خارسربر	ḵẖār-sar-bur
خارش	ḵẖārish
خارشتی	ḵẖārishtī
خارف	ḵẖārif
خارق	ḵẖāriq
خارک	ḵẖārak
خارکش	ḵẖār-kash
خارکن	ḵẖār-kan
خارماهی	ḵẖār-māhī
خارناک	ḵẖārnāk
خارو	ḵẖārū
خاروار	ḵẖārwār
خارون	ḵẖārūn
خاروه	ḵẖārwa
خاره	ḵẖāra
خاری	ḵẖārī
خاریدن	ḵẖārīdan
خارین	ḵẖārīn
خاز	ḵẖāz
خازغان	ḵẖāzg̱ẖān
خازق	ḵẖāziq
خازن	ḵẖāzin
خازندار	ḵẖāzin-dār
خازنه	ḵẖāzana
خازنی	ḵẖāzanī
خازه	ḵẖāza
خاژغان	ḵẖāzhg̱ẖān
خاسپ	ḵẖāsip
خاست	ḵẖāst
خاستگی	ḵẖāstagī
خاستن	ḵẖāstan
خاسته	ḵẖāsta
خاسر	ḵẖāsir
خاسیدن	ḵẖāsīdan
خاش	ḵẖāsh
خاشاک	ḵẖāshāk
خاشع	ḵẖāshi‘
خاشک	ḵẖāshak
خاشکدان	ḵẖāshakdān
خاشوش	ḵẖāshūsh
خاشه	ḵẖāsha
خاشی	ḵẖāshī
خاصان	ḵẖāṣṣān
خاصة	ḵẖāṣṣat
خاصةً	ḵẖāṣṣatan
خاصتراش	ḵẖāṣ-tarāsh
خاصرة	ḵẖāṣirat
خاصگان	ḵẖāṣagān
خاصگی	ḵẖāṣagī
خاصه	ḵẖāṣa
خاصی	ḵẖāṣī
خاصیة	ḵẖāṣṣīyat
خاصیدن	ḵẖāṣīdan
خاضع	ḵẖāẓi‘
خاطب	ḵẖāt̤ib
خاطر	ḵẖāt̤ir
خاطراً	ḵẖāt̤ir-an
خاطره	ḵẖāt̤ira
خاطف	ḵẖāt̤if
خاطئ	ḵẖāt̤i’
خافض	ḵẖāfiẓ
خافضة	ḵẖāfiẓat
خافقین	ḵẖāfiqain
خافی	ḵẖāfī
خافیة	ḵẖāfiyat
خاقان	ḵẖāqān
خاقانی	ḵẖāqānī
خاقانیان	ḵẖāqāniyān
خاک	ḵẖāk
خاکا	ḵẖākā
خاکباز	ḵẖāk-bāz
خاکبیز	ḵẖāk-bez
خاکبیزی	ḵẖāk-bezī
خکپا	ḵẖāk-pā
خاکدل	ḵẖāk-dil
خاکروبه	ḵẖāk-roba
خاکزاد	ḵẖāk-zād
خاکژی	ḵẖākzhī
خاکسار	ḵẖāksār
خاکساری	ḵẖāksārī
خاکسان	ḵẖāksān
خاکستر	ḵẖākistar
خاکستری	ḵẖākistarī
خاکشور	ḵẖāk-shor
خاکشی	ḵẖākshī
خاکمان	ḵẖākmān
خاکه	ḵẖāka
خاکی	ḵẖākī
خاکیان	ḵẖākiyān
خاکین	ḵẖākīn
خاگ	ḵẖāg
خاگینه	ḵẖāgīna
خال	ḵẖāl
خالا	ḵẖālā
خالاون	ḵẖālāwun
خالد	ḵẖālid
خالدار	ḵẖāl-dār
خالری	ḵẖālarī
خالص	ḵẖāliṣ
خالصاً	ḵẖāliṣan
خالصجات	ḵẖāliṣajāt
خالصه	ḵẖāliṣa
خالع	ḵẖāli‘
خالف	ḵẖālif
خالفة	ḵẖālifat
خالق	ḵẖāliq
خالقیة	ḵẖāliqīyat
خالم	ḵẖālum
خالناک	ḵẖālnāk
خالو	ḵẖālū
خالولنجان	ḵẖālūlinjān
خالوما	ḵẖālūmā
خاله	ḵẖāla
خالی	ḵẖālī
خالیدومیون	ḵẖālīdūmiyūn
خالیگ	ḵẖālīg
خام	ḵẖām
خام	ḵẖāmm
خامادریوس	ḵẖāmādaryūs
خاماذاقی	ḵẖāmāẕāqī
خاماروان	ḵẖāmārwān
خامالا	ḵẖāmālā
خامالاون	ḵẖāmālāwun
خامالیون	ḵẖāmāliyūn
خامامیلن	ḵẖāmāmīlin
خامانیطس	ḵẖāmānīt̤is
خاماون	ḵẖāmāwun
خامباز	ḵẖāmbāz
خامس	ḵẖāmis
خامساً	ḵẖāmisan
خامسوز	ḵẖām-soz
خامسوک	ḵẖāmsūk
خامش	ḵẖāmush
خامشه	ḵẖāmisha
خامشی	ḵẖāmushī
خامکار	ḵẖām-kār
خامکاری	ḵẖām-kārī
خامگک	ḵẖāmagak
خامگو	ḵẖām-go
خامل	ḵẖāmil
خاموش	ḵẖāmosh
خاموشکاری	ḵẖāmosh-kārī
خاموشی	ḵẖāmoshī
خاموشیدن	ḵẖāmoshīdan
خامه	ḵẖāma
خامی	ḵẖāmī
خامیاز	ḵẖāmyāz
خامیز	ḵẖāmīz
خان	ḵẖān
خاناده	ḵẖānāda
خانج	ḵẖānj
خانچه	ḵẖāncha
خاندار	ḵẖān-dār
خانداری	ḵẖān-dārī
خاندان	ḵẖānadān
خاندیس	ḵẖāndes
خانزاده	ḵẖān-zāda
خانسالار	ḵẖān-sālār
خانسامان	ḵẖān-sāmān
خانسامانی	ḵẖān-sāmānī
خانع	ḵẖāni‘
خانغرد	ḵẖān-g̱ẖard
خانقاه	ḵẖānaqāh
خانقو	ḵẖānqū
خانگی	ḵẖānagī
خانوار	ḵẖānwār
خانه	ḵẖāna
خانها	ḵẖāna-hā
خانی	ḵẖānī
خانیة	ḵẖāniyat
خانیچه	ḵẖānīcha
خاو	ḵẖāv
خاور	ḵẖāwar
خاوران	ḵẖāwarān
خاوری	ḵẖāwarī
خاوش	ḵẖāwush
خاول	ḵẖāwul
خاولنجان	ḵẖāwalinjān
خاوند	ḵẖāwand
خاوندگار	ḵẖāwandagār
خاوندی	ḵẖāwandī
خاوی	ḵẖāwī
خاویة	ḵẖāwiyat
خاهر	ḵẖāhar
خای	ḵẖāy
خائب	ḵẖā’ib
خایسته	ḵẖāyista
خایسک	ḵẖāyisk
خائض	ḵẖā’iẓ
خائف	ḵẖā’if
خایک	ḵẖāyak
خایگینه	ḵẖāygīna
خائن	ḵẖā’in
خاینده	ḵẖāyanda
خائنی	ḵẖā’inī
خایه	ḵẖāya
خائیدگی	ḵẖā’īdagī
خاییده	ḵẖā’īda
خب	ḵẖab
خب	ḵẖabb
خباثة	ḵẖabās̤at
خباد	ḵẖubād
خبار	ḵẖabār
خباره	ḵẖabāra
خباز	ḵẖabbāz
خبازة	ḵẖibāzat
خبازی	ḵẖubāzī
خباط	ḵẖibāt̤
خبال	ḵẖabāl
خبانیدن	ḵẖabānīdan
خبائث	ḵẖabā’is̤
خبائیدن	ḵẖabā’īdan
خبب	ḵẖabab
خبث	ḵẖabas̤
خبجه	ḵẖabja
خبر	ḵẖabar
خبرة	ḵẖibrat
خبرداری	ḵẖabar-dārī
خبره	ḵẖabra
خبری	ḵẖabarī
خبز	ḵẖabz
خبزدو	ḵẖabazdo
خبص	ḵẖabṣ
خبط	ḵẖabt̤
خبطی	ḵẖabt̤ī
خبع	ḵẖab‘
خبک	ḵẖabak
خبل	ḵẖabl
خبن	ḵẖabn
خبوره	ḵẖabūra
خبوک	ḵẖabūk
خبه	ḵẖaba
خبیء	ḵẖabi’
خبیب	ḵẖubaib
خبیث	ḵẖabīs̤
خبیثات	ḵẖabīs̤āt
خبیثی	ḵẖabīs̤ī
خبیدن	ḵẖabīdan
خبیده	ḵẖabīda
خبیر	ḵẖabīr
خبیره	ḵẖabera
خبیز	ḵẖubbaiz
خبیزه	ḵẖabīza
خبیص	ḵẖabīṣ
خبین	ḵẖubīn
خبیوره	ḵẖabyūra
خبیوه	ḵẖabīwa
خپ	ḵẖap
خپاره	ḵẖapāra
خپاک	ḵẖapāk
خپک	ḵẖapak
خپه	ḵẖapa
خپیدن	ḵẖapīdan
خپیده	ḵẖapīda
خت	ḵẖit
ختء	ḵẖat’
ختا	ḵẖatā
ختار	ḵẖattār
ختام	ḵẖatām
ختان	ḵẖitān
ختانه	ḵẖitānat
ختانی	ḵẖattānī
ختر	ḵẖatr
خترق	ḵẖutraq
ختع	ḵẖat‘
ختفرج	ḵẖatafraj
ختک	ḵẖatak
ختل	ḵẖatl
ختلان	ḵẖatlān
ختلانی	ḵẖatlānī
ختلی	ḵẖatlī
ختم	ḵẖatm
ختمات	ḵẖatamāt
ختمة	ḵẖatmat
ختمی	ḵẖatme
ختن	ḵẖatn
ختن	ḵẖutan
ختنبر	ḵẖataṃbar
ختو	ḵẖutū
ختوانه	ḵẖatwāna
ختور	ḵẖatūr
ختون	ḵẖutūn
ختیره	ḵẖatīra
خثم	ḵẖas̤am
خثورة	ḵẖus̤ūrat
خثی	ḵẖas̤y
خج	ḵẖaj
خجء	ḵẖaj’
خجالة	ḵẖijālat
خجالیدن	ḵẖijālīdan
خجاو	ḵẖujāv
خجج	ḵẖajaj
خجداش	ḵẖujdāsh
خجست	ḵẖujast
خجستگی	ḵẖujastagī
خجسته	ḵẖujasta
خجش	ḵẖajsh
خجک	ḵẖajak
خجل	ḵẖajal
خجلة	ḵẖajlat
خجلی	ḵẖajlī
خجند	ḵẖujand
خجو	ḵẖujū
خجوله	ḵẖijaula
خجولیدن	ḵẖijūlīdan
خجیدن	ḵẖajīdan
خچکول	ḵẖachkūl
خد	ḵẖadd
خدا	ḵẖudā
خداج	ḵẖadāj
خداد	ḵẖidād
خدارا	ḵẖudārā
خداع	ḵẖidā‘
خدام	ḵẖuddām
خداوان	ḵẖudāwān
خداور	ḵẖudāwar
خداوند	ḵẖudāwand
خداوندی	ḵẖudāwandī
خدای	ḵẖud-āy
خدایا	ḵẖudāyā
خدایرا	ḵẖudāy-rā
خدائع	ḵẖadā’i‘
خدایگان	ḵẖudāy-gān
خدایگانی	ḵẖudāy-gānī
خدائی	ḵẖudā’ī
خدائیان	ḵẖudā’iyān
خدب	ḵẖadb
خدد	ḵẖudad
خدر	ḵẖadar
خدرة	ḵẖudrat
خدرک	ḵẖadrak
خدرنق	ḵẖadarnaq
خدش	ḵẖadsh
خدشه	ḵẖadsha
خدف	ḵẖadf
خدک	ḵẖadak
خدم	ḵẖadam
خدمات	ḵẖidmāt
خدمتگار	ḵẖidmatgār
خدمتگاری	ḵẖidmatgārī
خدمتگذار	ḵẖidmat-guẕār
خدمتگر	ḵẖidmatgar
خدمتی	ḵẖidmatī
خدن	ḵẖidn
خدنگ	ḵẖadang
خدو	ḵẖudū
خدود	ḵẖudūd
خدیج	ḵẖadīj
خدیر	ḵẖadīr
خدیعة	ḵẖadī‘at
خدیو	ḵẖidev
خدیه	ḵẖidyo
خذٴ	ḵẖaẕ’
خذا	ḵẖuẕā
خذرنوه	ḵẖaẕarnūh
خذروف	ḵẖuẕrūf
خذره	ḵẖiẕra
خذع	ḵẖaẕ‘
خذف	ḵẖaẕf
خذق	ḵẖaẕq
خذل	ḵẖaẕl
خذلة	ḵẖuẕalat
خذم	ḵẖaẕm
خذمة	ḵẖiẕmat
خذیو	ḵẖiẕev
خر	ḵẖar
خر	ḵẖir
خر	ḵẖarr
خرٴ	ḵẖur’
خرا	ḵẖirā
خراب	ḵẖarāb
خرابابه	ḵẖurābāba
خرابات	ḵẖarābāt
خراباتی	ḵẖarābātī
خرابه	ḵẖurāba
خرابه	ḵẖarāba
خرابها	ḵẖarābahā
خرابی	ḵẖarābī
خراتگین	ḵẖarātagīn
خراتین	ḵẖarātīn
خراجه	ḵẖarāja
خراجی	ḵẖarājī
خراخر	ḵẖarāḵẖar
خراد	ḵẖarād
خرادی	ḵẖarādī
خراروش	ḵẖarārūsh
خراره	ḵẖarāra
خراز	ḵẖarrāz
خرازة	ḵẖirāzat
خرازه	ḵẖarāza
خراس	ḵẖar-ās
خراس	ḵẖarrās
خراسان	ḵẖurāsān
خراسانی	ḵẖurāsānī
خراستر	ḵẖarāstar
خراسی	ḵẖurāsī
خراسیا	ḵẖar-āsiyā
خراش	ḵẖarāsh
خراشانیدن	ḵẖarāshānīdan
خراشه	ḵẖurāsha
خراشش	ḵẖarāshish
خراشی	ḵẖarāshī
خراشیدگی	ḵẖarāshīdagī
خراشیدن	ḵẖarāshīdan
خراص	ḵẖarrāṣ
خراط	ḵẖarrāt̤
خراطة	ḵẖirāt̤at
خراطی	ḵẖarāt̤ī
خراطیم	ḵẖarāt̤īm
خراطین	ḵẖarāt̤īn
خراع	ḵẖurā‘
خرافات	ḵẖurāfāt
خرافة	ḵẖurāfat
خرام	ḵẖirām
خرامان	ḵẖirāmān
خرامانیدن	ḵẖirāmānīdan
خرامقان	ḵẖarāmaqān
خرامنده	ḵẖirāmanda
خرامیدگی	ḵẖirāmīdagī
خرامیدن	ḵẖirāmīdan
خرامین	ḵẖirāmīn
خران	ḵẖarān
خرانجاش	ḵẖarānjāsh
خرانیدن	ḵẖirānīdan
خراهین	ḵẖarāhīn
خرائد	ḵẖarā’id
خرائف	ḵẖarā’if
خرایگ	ḵẖarāyag
خب	ḵẖarab
خربار	ḵẖar-bār
خربازان	ḵẖar-bāzān
خرباق	ḵẖirbāq
خربان	ḵẖarbān
خربان	ḵẖirbān
خربت	ḵẖar-bat
خربز	ḵẖar-buz
خربزه	ḵẖarbuza
خربسته	ḵẖarbusta
خربشک	ḵẖarbashk
خربط	ḵẖar-bat̤
خربطه	ḵẖar-bat̤a
خربق	ḵẖarbaq
خربقین	ḵẖarbaqain
خربله	ḵẖarbala
خربنده	ḵẖar-banda
خربواز	ḵẖarbiwāz
خربوزه	ḵẖarbūza
خربه	ḵẖaraba
خربیل	ḵẖirbīl
خرپشه	ḵẖar-pasha
خرپور	ḵẖarpūr
خرپی	ḵẖar-pay
خرتنگ	ḵẖartang
خرتوت	ḵẖar-tūt
خرجسته	ḵẖarjasta
خرجل	ḵẖarjal
خرجی	ḵẖarjī
خرجیدن	ḵẖarjīdan
خرچ	ḵẖarch
خرچاره	ḵẖarchāra
خرچال	ḵẖarchāl
خرچکوک	ḵẖarchakūk
خرچنگ	ḵẖar-chang
خرچه	ḵẖarcha
خرچی	ḵẖarchī
خرچیدن	ḵẖarchīdan
خرچینه	ḵẖurchīna
خرخانه	ḵẖar-ḵẖāna
خرخاوند	ḵẖar-ḵẖāwind
خرخجیون	ḵẖurḵẖujewan
خرخر	ḵẖarḵẖar
خرخرة	ḵẖarḵẖarat
خرخره	ḵẖarḵẖara
خرخسه	ḵẖarḵẖasa
خرخشت	ḵẖarḵẖusht
خرخیر	ḵẖarḵẖīr
خرداد	ḵẖur-dād
خردتر	ḵẖurd-tar
خردر	ḵẖardar
خردق	ḵẖardaq
خردک	ḵẖurdak
خردگی	ḵẖurdagī
خردل	ḵẖar-dil
خردل	ḵẖardal
خردما	ḵẖurdamā
خردماغی	ḵẖar-damāg̱ẖī
خردمند	ḵẖiradmand
خردمندان	ḵẖiradmandān
خردمندانه	ḵẖiradmandāna
خردمندی	ḵẖiradmandī
خردوات	ḵẖurdawāt
خردور	ḵẖiradwar
خردوری	ḵẖiradwarī
خردومند	ḵẖiradūmand
خرده	ḵẖurda
خردها	ḵẖurdahā
خردهی	ḵẖurdahī
خردی	ḵẖurdī
خردیکاک	ḵẖurdīkak
خردین	ḵẖurdīn
خرذمند	ḵẖiraẕmand
خرز	ḵẖarz
خرزان	ḵẖarzān
خرزة	ḵẖarazat
خرزده	ḵẖar-zada
خرزویل	ḵẖarzawīl
خرزه	ḵẖarza
خرزهره	ḵẖar-zahra
خرزی	ḵẖarazī
خرس	ḵẖars
خرس	ḵẖirs
خرساوله	ḵẖarsāwala
خرست	ḵẖarast
خرستان	ḵẖuristān
خرسته	ḵẖirista
خرسک	ḵẖirsak
خرسله	ḵẖarsala
خرسند	ḵẖursand
خرسندی	ḵẖursandī
خرسیدن	ḵẖursīdan
خرش	ḵẖarash
خرش	ḵẖarsh
خرشا	ḵẖurshā
خرشته	ḵẖarashta
خرشه	ḵẖarasha
خرشید	ḵẖur-shed
خرشین	ḵẖarshīn
خرص	ḵẖarṣ
خرط	ḵẖart̤
خرطال	ḵẖirt̤āl
خرطوم	ḵẖart̤ūm
خرع	ḵẖar‘
خرغوله	ḵẖarg̱ẖūla
خرغون	ḵẖarg̱ẖūn
خرف	ḵẖarf
خرف	ḵẖirf
خرفة	ḵẖurfat
خرفق	ḵẖarfaq
خرفه	ḵẖurfa
خرفی	ḵẖarifī
خرق	ḵẖarq
خرقان	ḵẖarqān
خرقطان	ḵẖarqat̤ān
خرقی	ḵẖarqī
خرک	ḵẖarak
خرک	ḵẖark
خرکره	ḵẖar-kurra
خرکش	ḵẖarkush
خرکمان	ḵẖar-kamān
خرگدا	ḵẖar-gadā
خرگدائی	ḵẖar-gadā’ī
خرگر	ḵẖargar
خرگز	ḵẖar-gaz
خرگوشک	ḵẖargoshak
خرگه	ḵẖar-gah
خرم	ḵẖarm
خرم	ḵẖurm
خرما	ḵẖurmā
خرمادان	ḵẖurmādān
خرماستان	ḵẖurmāstān
خرمدان	ḵẖuramdān
خرمست	ḵẖar-mast
خرمگاه	ḵẖurramgāh
خرمگه	ḵẖurramgah
خرمل	ḵẖarmul
خرمی	ḵẖurramī
خرمیة	ḵẖurramīyat
خرناس	ḵẖarnās
خرنبار	ḵẖaraṃbār
خرنجاس	ḵẖirnajās
خرند	ḵẖarand
خرنده	ḵẖaranda
خرنفسه	ḵẖar-nafsa
خرنق	ḵẖirniq
خروٴ	ḵẖurū’
خروار	ḵẖarwār
خروج	ḵẖarūj
خروج	ḵẖuroj
خروچ	ḵẖuroch
خرور	ḵẖurūr
خروزان	ḵẖurozān
خروس	ḵẖuros
خروسچه	ḵẖuroscha
خروسک	ḵẖurosak
خروسه	ḵẖurosa
خروش	ḵẖurosh
خروش	ḵẖarwash
خروشان	ḵẖuroshān
خروشانیدن	ḵẖuroshānīdan
خروشیدن	ḵẖuroshīdan
خروشیدنی	ḵẖuroshīdane
خروع	ḵẖarū‘
خروف	ḵẖarūf
خروک	ḵẖarūk
خروق	ḵẖarūq
خروه	ḵẖuroh
خروهک	ḵẖurohak
خروهه	ḵẖuroha
خرویله	ḵẖarwela
خره	ḵẖara
خرهک	ḵẖuruhak
خری	ḵẖarī
خریج	ḵẖarīj
خریدار	ḵẖarīdār
خریداری	ḵẖarīdārī
خریدة	ḵẖarīdat
خریدگی	ḵẖarīdagī
خریده	ḵẖarīda
خریر	ḵẖarīr
خریش	ḵẖarīsh
خریشک	ḵẖarīshak
خریشیدن	ḵẖareshīdan
خریط	ḵẖarīt̤
خریف	ḵẖarīf
خریفی	ḵẖarīfī
خز	ḵẖaz
خز	ḵẖazz
خزاخز	ḵẖazāḵẖaz
خزاع	ḵẖuzā‘
خزاعة	ḵẖuzā‘at
خزاف	ḵẖazzāf
خزاما	ḵẖazāmā
خزان	ḵẖazān
خزانچی	ḵẖazānchī
خزانی	ḵẖizānī
خزائن	ḵẖazā’in
خزدوک	ḵẖazdūk
خزده	ḵẖazda
خزر	ḵẖazar
خزرک	ḵẖazrak
خزروان	ḵẖazarwān
خزره	ḵẖazra
خزعبل	ḵẖuza‘bal
خزعبیل	ḵẖuza‘bīl
خزعبیلة	ḵẖuza‘bīlat
خزعة	ḵẖaz‘at
خزف	ḵẖazf
خزفی	ḵẖazafī
خزق	ḵẖazq
خزم	ḵẖazm
خزمیان	ḵẖazmiyān
خزن	ḵẖazn
خزنة	ḵẖazanat
خزند	ḵẖazand
خزنده	ḵẖazinda
خزو	ḵẖazw
خزوک	ḵẖazūk
خزوکک	ḵẖazūkak
خزه	ḵẖaza
خزهره	ḵẖazahra
خزی	ḵẖizy
خزیدن	ḵẖazīdan
خزیده	ḵẖazīda
خزیر	ḵẖazīr
خزیز	ḵẖazīz
خزینه	ḵẖazīna
خژند	ḵẖazhand
خس	ḵẖas
خس	ḵẖass
خساٴ	ḵẖas’
خسار	ḵẖasār
خساره	ḵẖisāra
خساسة	ḵẖasāsat
خساندن	ḵẖasāndan
خسانده	ḵẖisānda
خسانیدن	ḵẖasānīdan
خسائیدن	ḵẖasā’īdan
خسپ	ḵẖusp
خسپانیدن	ḵẖaspānīdan
خسپش	ḵẖuspish
خسپنجا	ḵẖuspan-jā
خسپی	ḵẖuspī
خسپیدن	ḵẖaspīdan
خسة	ḵẖissat
خست	ḵẖast
خستانه	ḵẖastāna
خستر	ḵẖastar
خستگی	ḵẖastagī
خستن	ḵẖastan
خستو	ḵẖastū
خستوان	ḵẖustuwān
خسته	ḵẖasta
خستیدن	ḵẖastīdan
خسر	ḵẖasr
خسر	ḵẖasar
خسران	ḵẖusrān
خسرانگر	ḵẖusrāngar
خسرانگری	ḵẖusrāngarī
خسرپوره	ḵẖusarpūra
خسروان	ḵẖusrawān
خسروانه	ḵẖusrawāna
خسروانی	ḵẖusrawānī
خسروی	ḵẖusrawī
خسروینه	ḵẖusrawīna
خسره	ḵẖasra
خسرینه	ḵẖusrīna
خسف	ḵẖasf
خسف	ḵẖasaf
خسق	ḵẖasaq
حسک	ḵẖisk
خسکانان	ḵẖaskānān
خسکدانه	ḵẖasak-dāna
خسم	ḵẖism
خسنده	ḵẖasanda
خسوٴ	ḵẖusū’
خسودن	ḵẖusūdan
خسور	ḵẖusūr
خسوردن	ḵẖusūrdan
خسوره	ḵẖusūra
خسوف	ḵẖasūf
خسوگ	ḵẖasūg
خسیدن	ḵẖasīdan
خسیر	ḵẖasīr
خسیس	ḵẖasīs
خسیف	ḵẖasīf
خش	ḵẖash
خشاب	ḵẖashshāb
خشاده	ḵẖushāda
خشار	ḵẖushār
خشاره	ḵẖishāra
خشام	ḵẖushām
خشانیدن	ḵẖashānīdan
خشاو	ḵẖishāv
خشاوند	ḵẖishāwand
خشای	ḵẖushāy
خشائیدن	ḵẖashā’īdan
خشب	ḵẖashb
خشپخته	ḵẖish-puḵẖta
خشت	ḵẖisht
خشتچه	ḵẖishtcha
خشتژه	ḵẖishtzha
خشتک	ḵẖishtak
خشتکاری	ḵẖisht-kārī
خشتگر	ḵẖishtgar
خشتنشار	ḵẖashtanshār
خشته	ḵẖashta
خشتی	ḵẖishtī
خشجان	ḵẖashjān
خشخاش	ḵẖashḵẖāsh
خشداش	ḵẖushdāsh
خشداشیة	ḵẖushdāshiyat
خشرم	ḵẖashram
خشع	ḵẖash‘
خشعه	ḵẖish‘at
خشف	ḵẖashf
خشک	ḵẖushk
خشکاب	ḵẖashkāb
خشکار	ḵẖushkār
خشکانیدن	ḵẖushkānīdan
خشکجان	ḵẖushk-jān
خشکجهان	ḵẖushk-jahān
خشکرنده	ḵẖushk-randa
خشکسالی	ḵẖushk-sālī
خشکفا	ḵẖushk-fā
خشکلان	ḵẖushklān
خشکماز	ḵẖushkmāz
خشکمازو	ḵẖushk-māzū
خشکمانا	ḵẖushk-mānā
خشکنای	ḵẖushk-nāy
خشکوا	ḵẖushk-wā
خشکه	ḵẖushka
خشکی	ḵẖushkī
خشکیدن	ḵẖushkīdan
خشکیده	ḵẖushkīda
خشل	ḵẖashal
خشم	ḵẖashm
خشماغیل	ḵẖishmāg̱ẖīl
خشمگینی	ḵẖishmgīnī
خشمن	ḵẖishmin
خشمناک	ḵẖishmnāk
خشمناکی	ḵẖishmnākī
خشمه	ḵẖashma
خشن	ḵẖashn
خشن	ḵẖashan
خشنان	ḵẖushnān
خشنجه	ḵẖashanja
خشند	ḵẖushnud
خشنده	ḵẖashanda
خشنگ	ḵẖashang
خشنود	ḵẖushnūd
خشنودی	ḵẖushnūdī
خشنی	ḵẖushnī
خشو	ḵẖushū
خشوانه	ḵẖushwāna
خشود	ḵẖashūd
خشور	ḵẖashūr
خشوع	ḵẖushū‘
خشونة	ḵẖushūnat
خشی	ḵẖashī
خشیب	ḵẖashīb
خشیة	ḵẖashyat
خشیج	ḵẖashīj
خشیجان	ḵẖashījān
خشیش	ḵẖashīsh
خشیشار	ḵẖashīshār
خشیشه	ḵẖishīsha
خشیشی	ḵẖashīshī
خشین	ḵẖashīn
خشین	ḵẖushain
خشیناد	ḵẖashīnād
خشینسار	ḵẖashīnsār
خشینه	ḵẖashīna
خص	ḵẖaṣṣ
خصاب	ḵẖiṣāb
خصاصة	ḵẖaṣāṣat
خصاف	ḵẖaṣṣāf
خصال	ḵẖiṣāl
خصام	ḵẖiṣām
خصائص	ḵẖaṣā’iṣ
خصائل	ḵẖaṣā’il
خصب	ḵẖaṣb
خصر	ḵẖaṣr
خصف	ḵẖaṣf
خصل	ḵẖaṣl
خصلة	ḵẖaṣlat
خصم	ḵẖaṣm
خصم	ḵẖiṣm
خصماٴ	ḵẖuṣamā’
خصمان	ḵẖuṣmān
خصمانه	ḵẖaṣmāna
خصمکش	ḵẖaṣm-kush
خصمکشی	ḵẖaṣm-kushī
خسمی	ḵẖaṣmī
خصوص	ḵẖuṣūṣ
خصوصاً	ḵẖuṣūṣan
خصوصیات	ḵẖuṣūṣīyāt
خصوصیة	ḵẖuṣūṣīyat
خصوم	ḵẖuṣūm
خصومات	ḵẖuṣūmāt
خصومة	ḵẖuṣūmat
خصومتگر	ḵẖaṣūmatgar
خصی	ḵẖaṣī
خصیتان	ḵẖuṣyatāni
خصیف	ḵẖaṣīf
خصیم	ḵẖaṣīm
خصین	ḵẖaṣīn
خضاب	ḵẖiẓāb
خضاد	ḵẖaẓād
خضار	ḵẖaẓār
خضارة	ḵẖuẓārat
خضب	ḵẖaẓb
خضخضة	ḵẖaẓḵẖaẓat
خضد	ḵẖaẓd
خضر	ḵẖaẓr
خضراٴ	ḵẖaẓrā’
خضرة	ḵẖuẓrat
خضروان	ḵẖaẓarwān
خضض	ḵẖaẓaẓ
خضف	ḵẖaẓf
خضم	ḵẖaẓm
خضوع	ḵẖuẓū‘
خضیب	ḵẖaẓīb
خضیر	ḵẖaẓīr
خضیض	ḵẖaz̤īẓ
خط	ḵẖat̤t̤
خطا	ḵẖat̤ā
خطاٴ	ḵẖat̤a’
خطاب	ḵẖit̤āb
خطابة	ḵẖat̤ābat
خطابی	ḵẖitābī
خطابیة	ḵẖat̤t̤ābīyat
خطاط	ḵẖat̤t̤āt̤
خطاف	ḵẖat̤t̤āf
خطام	ḵẖit̤ām
خطای	ḵẖat̤āy
خطایا	ḵẖat̤āyā
خطائی	ḵẖat̤ā’ī
خطب	ḵẖat̤b
خطباٴ	ḵẖut̤abā’
خطبة	ḵẖit̤bat
خطر	ḵẖat̤r
خطر	ḵẖat̤ar
خطرایه	ḵẖat̤rāya
خطرستان	ḵẖat̤aristān
خطرمند	ḵẖat̤armand
خطرناکی	ḵẖat̤arnākī
خطره	ḵẖat̤ra
خطکش	ḵẖat̤-kash
خطکشی	ḵẖat̤-kashī
خطل	ḵẖat̤al
خطم	ḵẖat̤m
خطو	ḵẖat̤w
خطوة	ḵẖat̤wat
خطور	ḵẖut̤ūr
خطوط	ḵẖut̤ūt̤
خطوطی	ḵẖut̤ūt̤ī
خطه	ḵẖit̤t̤a
خطیٰ	ḵẖut̤á
خطی	ḵẖat̤t̤ī
خطیب	ḵẖat̤īb
خطیبی	ḵẖat̤ībī
خطئة	ḵẖat̤i’at
خطیر	ḵẖat̤īr
خطیف	ḵẖat̤īf
خطیئة	ḵẖat̤ī’at
خظو	ḵẖuz̤ūw
خف	ḵẖaff
خفا	ḵẖafā
خفاٴ	ḵẖafā’
خفاجل	ḵẖufājil
خفاجه	ḵẖafāja
خفاش	ḵẖuffāsh
خفاف	ḵẖifāf
خفافیش	ḵẖaffāfīsh
خفاله	ḵẖafāla
خفانیدن	ḵẖafānīdan
خفایا	ḵẖafāyā
خفت	ḵẖaft
خفتان	ḵẖaftān
خفتانیدن	ḵẖuftānīdan
خفتک	ḵẖuftak
خفتگی	ḵẖuftagī
خفتن	ḵẖuftan
خفتنجا	ḵẖuftan-jā
خفتنی	ḵẖuftanī
خفتو	ḵẖuftū
خفته	ḵẖafta
خفتی	ḵẖuftī
خفتیدن	ḵẖuftīdan
خفج	ḵẖafj
خفجا	ḵẖafajā
خفجه	ḵẖafja
خفچاق	ḵẖafchāq
خفچه	ḵẖafcha
خفدان	ḵẖafdān
خفده	ḵẖafda
خفر	ḵẖafr
خفرق	ḵẖafraq
خفرنج	ḵẖafranj
خفزد	ḵẖafazd
خفس	ḵẖafs
خفش	ḵẖafsh
خفض	ḵẖafẓ
خفق	ḵẖafq
خفقانی	ḵẖafaqānī
خفک	ḵẖafak
خفگی	ḵẖafagī
خفنج	ḵẖafanj
خفندن	ḵẖafandan
خفندیدن	ḵẖafandīdan
خفوت	ḵẖufūt
خفور	ḵẖufūr
خفوف	ḵẖufūf
خفوق	ḵẖufūq
خفه	ḵẖafa
خفی	ḵẖafī
خفیات	ḵẖafīyāt
خفیتاً	ḵẖufyatan
خفید	ḵẖufīd
خفیدن	ḵẖafīdan
خفیده	ḵẖafīda
خفیر	ḵẖafīr
خفیف	ḵẖafīf
خفیفه	ḵẖafīfa
خفیق	ḵẖafīq
خکاو	ḵẖakāv
خکشک	ḵẖakushk
خکیدن	ḵẖakīdan
خگاو	ḵẖagāv
خل	ḵẖal
خل	ḵẖil
خل	ḵẖall
خلا	ḵẖilā
خلاٴ	ḵẖalā’
خلابة	ḵẖilābat
خلابر	ḵẖalābar
خلاجای	ḵẖalā-jāy
خلاشه	ḵẖalāsha
خلاشی	ḵẖalāshī
خلاص	ḵẖalāṣ
خلاصگان	ḵẖulāṣagān
خلاصی	ḵẖalāṣī
خلاط	ḵẖalāt̤
خلاع	ḵẖulā‘
خلاعة	ḵẖalā‘at
خلاف	ḵẖalāf
خلاف	ḵẖilāf
خلافة	ḵẖilāfat
خلافی	ḵẖilāfī
خلافیات	ḵẖilāfīyāt
خلاق	ḵẖalāq
خلال	ḵẖalāl
خلالچه	ḵẖilālcha
خلالدان	ḵẖilāldān
خلالوش	ḵẖalālūsh
خلان	ḵẖalān
خلان	ḵẖullān
خلانوش	ḵẖalānūsh
خلانیدن	ḵẖalānīdan
خلاوة	ḵẖalāwat
خلاوش	ḵẖalāwush
خلائف	ḵẖalā’if
خلائق	ḵẖalā’iq
خلب	ḵẖalab
خلب	ḵẖalb
خلب	ḵẖlab
خلبای	ḵẖalbāy
خلة	ḵẖallat
خلج	ḵẖalj
خلجان	ḵẖalajān
خلچ	ḵẖalach
خلچه	ḵẖulcha
خلخ	ḵẖalluḵẖ
خلخال	ḵẖalḵẖāl
خلخان	ḵẖalḵẖān
خلخله	ḵẖalḵẖala
خلد	ḵẖalad
خلدة	ḵẖiladat
خلس	ḵẖals
خلسة	ḵẖalsat
خلش	ḵẖalish
خلشک	ḵẖalushk
خلص	ḵẖalaṣ
خلصاٴ	ḵẖulaṣā’
خلصان	ḵẖulṣān
خلط	ḵẖalt̤
خلطاء	ḵẖulat̤ā
خلطة	ḵẖilt̤at
خلع	ḵẖal‘
خلعة	ḵẖil‘at
خلف	ḵẖalf
خلفاٴ	ḵẖulafā’
خلفة	ḵẖilfat
خلفه	ḵẖulfa
خلفی	ḵẖalafī
خلق	ḵẖalq
خلقان	ḵẖulqān
خلقة	ḵẖilqat
خلقی	ḵẖalqī
خلقیة	ḵẖalqīyat
خلل	ḵẖalal
خللی	ḵẖalalī
خلم	ḵẖilm
خلمده	ḵẖilm-dih
خلمه	ḵẖulma
خلمیدن	ḵẖilmīdan
خلن	ḵẖulin
خلنج	ḵẖalanj
خلنجان	ḵẖalanjān
خلندر	ḵẖalandar
خلنده	ḵẖalanda
خلنگ	ḵẖalang
خلو	ḵẖulū
خلو	ḵẖilw
خلواج	ḵẖalwāj
خلوة	ḵẖalwat
خلوتخانه	ḵẖalwat-ḵẖāna
خوتگاه	ḵẖalwat-gāh
خلوتنشین	ḵẖalwat-nishīn
خلوتی	ḵẖalwatī
خلوج	ḵẖalūj
خلود	ḵẖulūd
خلوص	ḵẖulūṣ
خلوصیة	ḵẖulūṣīyat
خلوف	ḵẖulūf
خلوق	ḵẖulūq
خلوگرده	ḵẖulū-gurda
خلولیا	ḵẖulolīyā
خلوه	ḵẖulwa
خله	ḵẖala
خلی	ḵẖalī
خلیة	ḵẖalīyat
خلیته	ḵẖalīta
خلیج	ḵẖalīj
خلیدگی	ḵẖalīdagī
خلیدن	ḵẖalīdan
خلیده	ḵẖalīda
خلیس	ḵẖalīs
خلیط	ḵẖalīt̤
خلیطه	ḵẖalīt̤a
خلیع	ḵẖalī‘
خلیف	ḵẖalīf
خلیق	ḵẖalīq
خلیقة	ḵẖalīqat
خلیل	ḵẖalīl
خلیمیدن	ḵẖilīmīdan
خلیواج	ḵẖalīwāj
خم	ḵẖam
خمار	ḵẖimār
خمارخانه	ḵẖumār-ḵẖāna
خمارناک	ḵẖumārnāk
خماره	ḵẖammāra
خماری	ḵẖumārī
خماسی	ḵẖumāsī
خماش	ḵẖamāsh
خماع	ḵẖumā‘
خمال	ḵẖumāl
خمالیون	ḵẖamāliyūn
خمان	ḵẖammān
خمانا	ḵẖamānā
خمانائی	ḵẖamānā’ī
خمانیدن	ḵẖamānīdan
خماهان	ḵẖumāhān
خمب	ḵẖumb
خمبره	ḵẖum-bara
خمت	ḵẖumt
خمجاج	ḵẖamjāj
خمچاخ	ḵẖamchāḵẖ
خمچه	ḵẖumcha
خمخانه	ḵẖum-ḵẖāna
خمخم	ḵẖumḵẖum
خمخمه	ḵẖamḵẖama
خمدان	ḵẖumdān
خمده	ḵẖamda
خمر	ḵẖamr
خمرة	ḵẖamrat
خمره	ḵẖumra
خمری	ḵẖamrī
خمس	ḵẖams
خمستان	ḵẖumistān
خمسون	ḵẖamsūn
خمش	ḵẖamsh
خمش	ḵẖamush
خمص	ḵẖamṣ
خمط	ḵẖamt̤
خمع	ḵẖim‘
خمکده	ḵẖum-kada
خمگشته	ḵẖam-gashta
خمگوش	ḵẖam-gosh
خمل	ḵẖaml
خمله	ḵẖamla
خمن	ḵẖamn
خمناک	ḵẖimnāk
خمود	ḵẖumūd
خمور	ḵẖumūr
خموش	ḵẖamosh
خموش	ḵẖamūsh
خموشیدن	ḵẖamoshīdan
خموص	ḵẖumūṣ
خمول	ḵẖumūl
خمولستان	ḵẖumūlistān
خمی	ḵẖamī
خمیاز	ḵẖamyāz
خمید	ḵẖamīd
خمیدگی	ḵẖamīdagī
خمیدن	ḵẖamīdan
خمیده	ḵẖamīda
خمیر	ḵẖamīr
خمیره	ḵẖamīra
خمیس	ḵẖamīs
خمیص	ḵẖamīṣ
خمیط	ḵẖamīt̤
خمیل	ḵẖamīl
خمینه	ḵẖamīna
خن	ḵẖan
خن	ḵẖann
خنا	ḵẖanā
خناث	ḵẖinās̤
خناجر	ḵẖanājir
خنادق	ḵẖanādiq
خناده	ḵẖanāda
خنازیر	ḵẖanāzīr
خناس	ḵẖannās
خناسی	ḵẖannāsī
خناف	ḵẖināf
خناق	ḵẖināq
خناک	ḵẖunāk
خنبان	ḵẖuṃbān
خنبانیدن	ḵẖaṃbānīdan
خنبره	ḵẖuṃ-bara
خنبک	ḵẖuṃbak
خنبه	ḵẖaṃba
خنبیدن	ḵẖaṃbīdan
خنبیده	ḵẖaṃbīda
خنث	ḵẖans̤
خنثیٰ	ḵẖuns̤á
خنج	ḵẖanj
خنجده	ḵẖanjda
خنجرود	ḵẖanjirūd
خنجری	ḵẖanjarī
خنجست	ḵẖanjast
خنجک	ḵẖanjak
خنجوخ	ḵẖanjūḵẖ
خنجیده	ḵẖanjīda
خنجیل	ḵẖanjīl
خند	ḵẖand
خنداخند	ḵẖand-ā-ḵẖand
خندان	ḵẖandān
خنداندن	ḵẖandāndan
خندخند	ḵẖandaḵẖand
خندروس	ḵẖandarūs
خندریس	ḵẖandarīs
خندریلی	ḵẖandarīlī
خندستان	ḵẖandastān
خندستانی	ḵẖandastāne
خندق	ḵẖandaq
خندگی	ḵẖandagī
خندناک	ḵẖandnāk
خنده	ḵẖanda
خندیدن	ḵẖandīdan
خندیش	ḵẖandīsh
خنزیر	ḵẖinzīr
خنزیری	ḵẖinzīrī
خنس	ḵẖanas
خنسار	ḵẖansār
خنستان	ḵẖunistān
خنش	ḵẖinish
خنشا	ḵẖunshā
خنفر	ḵẖanfar
خنفشار	ḵẖanfashār
خنق	ḵẖanq
خنک	ḵẖunuk
خنکا	ḵẖunukā
خنکار	ḵẖunkār
خنکی	ḵẖunukī
خنگ	ḵẖang
خنگا	ḵẖingā
خنگال	ḵẖingāl
خنگسار	ḵẖing-sār
خنگل	ḵẖangal
خنگو	ḵẖingū
خنلچک	ḵẖunlachak
خنو	ḵẖanw
خنوخ	ḵẖanūḵẖ
خنود	ḵẖunūd
خنور	ḵẖanūr
خنوس	ḵẖunūs
خنوع	ḵẖunū‘
خنیا	ḵẖunyā
خنیاگر	ḵẖunyāgar
خنیاگری	ḵẖunyāgarī
خنید	ḵẖanīd
خنیده	ḵẖanīda
خنیف	ḵẖanīf
خنیق	ḵẖanīq
خنیک	ḵẖunīq
خو	ḵẖav
خوا	ḵẖawā
خواب	ḵẖẉāb
خواباندن	ḵẖẉābāndan
خوابخانه	ḵẖẉāb-ḵẖāna
خوابستان	ḵẖẉābistān
خوابگاه	ḵẖẉāb-gāh
خوابناک	ḵẖẉāb-nāk
خوابناکی	ḵẖẉābnākī
خوابنوش	ḵẖẉāb-nosh
خوابنوشی	ḵẖẉāb-noshī
خوابنیدن	ḵẖẉābanīdan
خوابه	ḵẖẉāba
خوابی	ḵẖawābī
خوابیدگی	ḵẖẉābīdagī
خوابیدن	ḵẖẉābīdan
خوابیده	ḵẖẉābīda
خواتم	ḵẖawātim
خواتن	ḵẖẉātin
خواتین	ḵẖawātīn
خواجگن	ḵẖẉājagān
خواجگی	ḵẖẉājagī
خواجه	ḵẖẉāja
خوار	ḵẖẉār
خوار	ḵẖuwār
خوارج	ḵẖawārij
خواردن	ḵẖẉārdan
خوارزمی	ḵẖẉārazmī
خوارق	ḵẖawāriq
خوارمندی	ḵẖẉārmandī
خوارنیدن	ḵẖẉāranīdan
خواروری	ḵẖẉārūrī
خواروزار	ḵẖẉār-u-zār
خواره	ḵẖẉāra
خوارکار	ḵẖẉāra-kār
خواری	ḵẖẉārī
خواز	ḵẖaẉāz
خوازنده	ḵẖẉāzanda
خوازه	ḵẖẉāza
خواس	ḵẖẉās
خواست	ḵẖẉāst
خواستار	ḵẖẉāstār
خوستاری	ḵẖẉāstārī
خواستران	ḵẖẉāstarān
خواستگار	ḵẖẉāstgār
خواستگاری	ḵẖẉāstgārī
خواستن	ḵẖẉāstan
خواسته	ḵẖẉāsta
خواستی	ḵẖẉāstī
خواسه	ḵẖawāsa
خواص	ḵẖauwāṣ
خواصر	ḵẖawāṣir
خواصی	ḵẖawāṣī
خواطر	ḵẖawāt̤ir
خواطف	ḵẖawāt̤if
خواف	ḵẖawāf
خوافق	ḵẖawāfiq
خوافی	ḵẖawāfī
خواقین	ḵẖawāqīn
خواگ	ḵẖẉāg
خوالستان	ḵẖẉālistān
خوالسته	ḵẖẉālista
خوالگر	ḵẖẉālgar
خوالنجان	ḵẖẉālinjān
خوالیدن	ḵẖẉālīdan
خوان	ḵẖẉān
خوانا	ḵẖẉānā
خوانانیدن	ḵẖẉānānīdan
خوانپوش	ḵẖẉān-posh
خوانچه	ḵẖẉāncha
خواندگان	ḵẖẉāndagān
خواندگی	ḵẖẉāndagī
خواندن	ḵẖẉāndan
خواندنی	ḵẖẉāndanī
خوانده	ḵẖẉānda
خوانسار	ḵẖẉān-sār
خوانسالار	ḵẖẉān-sālār
خوانسامان	ḵẖẉān-sāmān
خوانق	ḵẖawāniq
خوانگر	ḵẖẉāngar
خوانندگی	ḵẖẉānandagī
خواننده	ḵẖẉānanda
خوانیدن	ḵẖẉānīdan
خوانین	ḵẖawānīn
خواه	ḵẖẉāh
خواهان	ḵẖẉāhān
خواهانی	ḵẖẉāhānī
خواهانیدن	ḵẖẉāhānīdan
خواهر	ḵẖẉāhar
خواهران	ḵẖẉāharān
خواهراندر	ḵẖẉāhar-andar
خواهش	ḵẖẉāhish
خواهشمند	ḵẖẉāhishmand
خواهنده	ḵẖẉāhanda
خواهه	ḵẖẉāha
خواهیدن	ḵẖẉāhīdan
خوای	ḵẖẉāy
خوب	ḵẖūb
خوبار	ḵẖūb-ār
خوبان	ḵẖūbān
خوبانی	ḵẖūbānī
خوبانیدن	ḵẖūbānīdan
خوبتر	ḵẖūbtar
خوبترین	ḵẖūbtarīn
خوبکلا	ḵẖūbkalā
خوبک	ḵẖūbak
خوبی	ḵẖūbī
خوپخین	ḵẖūpḵẖīn
خوپله	ḵẖẉapla
خوجداش	ḵẖojdāsh
خوجداشیه	ḵẖojdāshiyat
خوجه	ḵẖoja
خوچ	ḵẖoch
خوچاریدن	ḵẖūchārīdan
خوچه	ḵẖocha
خوچیدن	ḵẖochīdan
خوخ	ḵẖauḵẖ
خوخو	ḵẖauḵẖau
خود	ḵẖaud
خود	ḵẖūd
خودتان	ḵẖẉuditān
خودش	ḵẖẉud-ash
خودمان	ḵẖẉudimān
خوده	ḵẖūda
خودها	ḵẖẉud-hā
خودهان	ḵẖẉudhān
خودی	ḵẖẉudī
خودیسوز	ḵẖẉudī-soz
خور	ḵẖaur
خور	ḵẖẉur
خوراب	ḵẖẉur-āb
خورابه	ḵẖẉur-āba
خوراک	ḵẖẉurāk
خوراکی	ḵẖẉurākī
خوران	ḵẖẉurān
خوراندن	ḵẖẉurāndan
خورای	ḵẖẉurāy
خوربار	ḵẖẉur-bār
خورپاره	ḵẖẉur-pāra
خورد	ḵẖẉurd
خورداد	ḵẖẉur-dād
خوردتر	ḵẖẉurdtar
خورسالان	ḵẖẉurd-sālān
خوردستان	ḵẖẉardustān
خوردگان	ḵẖẉurdagān
خوردگی	ḵẖẉurdagī
خوردن	ḵẖẉurdan
خوردنی	ḵẖẉurdanī
خورده	ḵẖẉurda
خوردی	ḵẖẉurdī
خورز	ḵẖūraz
خورزی	ḵẖẉurzī
خورسار	ḵẖẉursār
خورستان	ḵẖẉuristān
خورسند	ḵẖẉursand
خورسندی	ḵẖẉursandī
خورش	ḵẖẉurish
خورشاد	ḵẖẉur-shād
خورشیدن	ḵẖẉurshīdan
خورکا	ḵẖūrikā
خورم	ḵẖẉurram
خورماه	ḵẖẉur-māh
خورمهر	ḵẖẉur-mihr
خورمی	ḵẖẉurramī
خورند	ḵẖẉarand
خورنده	ḵẖẉuranda
خورنق	ḵẖawarnaq
خورنگاه	ḵẖẉarangāh
خورنه	ḵẖawarna
خورهگ	ḵẖẉurhag
خوری	ḵẖẉurī
خوریاد	ḵẖẉuryād
خوریادی	ḵẖẉuryādī
خوریان	ḵẖūriyān
خوریدن	ḵẖẉurīdan
خوز	ḵẖauz
خوز	ḵẖūz
خوزان	ḵẖūzān
خوزدوک	ḵẖawazdūk
خوزده	ḵẖūzda
خوزدی	ḵẖūzadī
خوزر	ḵẖūzar
خوزستان	ḵẖūzistān
خوزمک	ḵẖẉazmak
خوزه	ḵẖauza
خوزهرج	ḵẖauzahraj
خوزی	ḵẖūzī
خوزیدن	ḵẖūzīdan
خوژه	ḵẖūzha
خوس	ḵẖaus
خوس	ḵẖẉus
خوسانیدن	ḵẖūsānīdan
خوستار	ḵẖẉastār
خوسته	ḵẖẉasta
خوسره	ḵẖosra
خوسه	ḵẖosa
خوسیدن	ḵẖūsīdan
خوشاد	ḵẖẉushād
خوشامن	ḵẖẉashāman
خوشانیدن	ḵẖoshānīdan
خوشای	ḵẖoshāy
خوشت	ḵẖẉusht
خوشتامن	ḵẖẉashtāman
خوشتر	ḵẖẉushtar
خوشترک	ḵẖẉushtarak
خوشچه	ḵẖẉushcha
خوشداش	ḵẖoshdāsh
خوشداشیة	ḵẖoshdāshiyat
خوشدامن	ḵẖẉashdāman
خوشنودی	ḵẖẉushnūdī
خوشه	ḵẖosha
خوشیدن	ḵẖoshīdan
خوشیده	ḵẖoshīda
خوص	ḵẖawaṣ
خوض	ḵẖauẓ
خوط	ḵẖūt̤
خوف	ḵẖauf
خوفا	ḵẖūfā
خوفناک	ḵẖaufnāk
خوق	ḵẖauq
خوکیزه	ḵẖūkīza
خوگ	ḵẖūg
خوگر	ḵẖogar
خوگیر	ḵẖo-gīr
خول	ḵẖol
خول	ḵẖaul
خولان	ḵẖawalān
خولة	ḵẖu’ulat
خولنجان	ḵẖūlanjān
خوله	ḵẖaula
خولیا	ḵẖūliyā
خولیز	ḵẖūlīz
خون	ḵẖaun
خون	ḵẖūn
خوناب	ḵẖūn-āb
خونبار	ḵẖūn-bār
خونبها	ḵẖūn-bahā
خونجک	ḵẖẉanjak
خونجیده	ḵẖūnjīda
خونچک	ḵẖūnchak
خونچکان	ḵẖūn-chakān
خونچه	ḵẖẉuncha
خونچین	ḵẖūn-chīn
خونخوار	ḵẖūn-ḵẖẉār
خونخواری	ḵẖūn-ḵẖẉārī
خوند	ḵẖẉand
خواندار	ḵẖūn-dār
خوندکار	ḵẖẉand-kār
خونریز	ḵẖūn-rez
خونریزی	ḵẖūn-rezī
خونساز	ḵẖūn-sāz
خونفشان	ḵẖūn-fishān
خونکار	ḵẖẉan-kār
خونگر	ḵẖẉungar
خونگرفتار	ḵẖūn-giriftār
خوننده	ḵẖẉananda
خونه	ḵẖūna
خونی	ḵẖūnī
خونیا	ḵẖūnyā
خونیان	ḵẖūnyān
خونین	ḵẖūnīn
خوور	ḵẖu’ūr
خوولة	ḵẖuwūlat
خوه	ḵẖauh
خوها	ḵẖẉahā
خوهانیدن	ḵẖẉahānīdan
خوهد	ḵẖẉahad
خوهر	ḵẖẉahar
خوهش	ḵẖẉahish
خوهلگی	ḵẖẉahlagī
خوهله	ḵẖẉahla
خوهن	ḵẖūhan
خوی	ḵẖawy
خوی	ḵẖẉai
خویسه	ḵẖawesa
خویش	ḵẖẉesh
خویشان	ḵẖẉeshān
خویشاوند	ḵẖẉeshāwand
خویشاوندی	ḵẖẉeshāwandī
خویشتن	ḵẖẉeshtan
خویشکار	ḵẖẉesh-kār
خویشی	ḵẖẉeshī
خویگر	ḵẖoygar
خویل	ḵẖuwail
خویوز	ḵẖūyūz
خویه	ḵẖoya
خوییدن	ḵẖwayīdan
خه	ḵẖah
خهر	ḵẖuhr
خی	ḵẖī
خیابان	ḵẖiyābān
خیابة	ḵẖayābat
خیابیدن	ḵẖayābīdan
خیار	ḵẖiyār
خیارزه	ḵẖiyārza
خیارک	ḵẖiyārak
خیاری	ḵẖayārī
خیارین	ḵẖiyārain
خیازنه	ḵẖayāzana
خیاشیم	ḵẖayāshīm
خیاط	ḵẖiyāt̤
خیاطة	ḵẖiyāt̤at
خیالات	ḵẖayālāt
خیالة	ḵẖayālat
خیالستان	ḵẖayālistān
خیالی	ḵẖayālī
خیام	ḵẖiyām
خیانة	ḵẖiyānat
خیانتگر	ḵẖiyānatgar
خیاوار	ḵẖiyāwār
خیاوان	ḵẖiyāwān
خیاییدن	ḵẖayāyīdan
خیبة	ḵẖaibat
خیبر	ḵẖaibar
خیبری	ḵẖaibarī
خیتال	ḵẖītāl
خیتام	ḵẖaitām
خیچ	ḵẖech
خید	ḵẖīd
خیدن	ḵẖīdan
خیده	ḵẖīda
خیر	ḵẖair
خیر	ḵẖīr
خیرات	ḵẖairāt
خیراتی	ḵẖairātī
خیرة	ḵẖairat
خیرگی	ḵẖīragī
خیرو	ḵẖīrū
خیروان	ḵẖīrwān
خیره	ḵẖīra
خیری	ḵẖīrī
خیریة	ḵẖairīyat
خیز	ḵẖez
خیزآب	ḵẖez-āb
خیزان	ḵẖezān
خیزانیدن	ḵẖezānīdan
خیزران	ḵẖaizurān
خیزنده	ḵẖezanda
خیزوان	ḵẖīzwān
خیزی	ḵẖīze
خیزیدن	ḵẖezīdan
خیس	ḵẖais
خیس	ḵẖīs
خیساندن	ḵẖīsāndan
خیسانده	ḵẖīsānda
خیسانیدن	ḵẖīsānīdan
خیسته	ḵẖīsta
خیسخانه	ḵẖes-ḵẖāna
خیسنده	ḵẖīsinda
خیسه	ḵẖīsa
خیسیدن	ḵẖīsīdan
خیش	ḵẖaish
خیش	ḵẖesh
خیشاوه	ḵẖīshāwa
خیشخانه	ḵẖesh-ḵẖāna
خیشفوج	ḵẖaishafūj
خیشوم	ḵẖaishūm
خیص	ḵẖaiṣ
خیط	ḵẖait̤
خیف	ḵẖaif
خیفة	ḵẖīfat
خیفر	ḵẖaifar
خیک	ḵẖīk
خیکچه	ḵẖīkcha
خیکله	ḵẖaikala
خیگاب	ḵẖīg-āb
خیگچه	ḵẖīgcha
خیل	ḵẖīl
خیل	ḵẖail
خیلا	ḵẖayulā
خیلان	ḵẖīlān
خیلانیدن	ḵẖailānīdan
خیلتاش	ḵẖailtāsh
خیلخانه	ḵẖail-ḵẖāna
خیلو	ḵẖīlū
خیلولة	ḵẖailūlat
خیلی	ḵẖailī
خیم	ḵẖaim
خیمشاه	ḵẖīmshāh
خیمناک	ḵẖīmnāk
خیمه	ḵẖaima
خیمگی	ḵẖaimagī
خیمی	ḵẖaimī
خینا	ḵẖīnā
خیناگر	ḵẖīnāgar
خینور	ḵẖīnawar
خینیدن	ḵẖīnīdan
خبیوز	ḵẖayūz
خیوشان	ḵẖayoshān
خیوط	ḵẖuyūt̤
خیوق	ḵẖīwaq
خیوک	ḵẖīwak
خیول	ḵẖuyūl
خییدن	ḵẖayīdan
د	d
دا	dā
راء	dā’
داب	dāb
دابا	dābā
داباهانتن	dābāhānitan
داباهانیده	dābāhānīda
دابة	dābbat
دابر	dābir
رابژه	dābizha
دابشلیم	dābishlīm
دابونتن	dābūnitan
داپرزه	dāparza
داتوره	dātūra
داٴث	da’s̤
داثر	dās̤ir
داج	dāj
داج	dājj
داجن	dājin
داجنة	dājinat
داچک	dāchak
داحة	dāḥat
داحس	dāḥis
داحضة	dāḥiẓat
داختن	dāḵẖtan
داخس	dāḵẖis
داخل	dāḵẖil
داخل	dāḵẖul
داخله	dāḵẖila
داخلی	dāḵẖilī
داخم	dāḵẖim
داخول	dāḵẖol
داخیدن	dāḵẖīdan
داد	dād
دادا	dādā
دادار	dādār
داداله	dādāla
دادان	dādān
دادراد	dādrād
دادستان	dādistān
دادک	dādak
دادگر	dādgar
دادگری	dādgarī
دادن	dādan
دادند	dādand
دادندر	dādandar
دادنی	dādanī
دادو	dādū
دادور	dādwar
دادوند	dādwand
داده	dāda
دادی	dādī
دادیگ	dādīg
داذر	dāẕar
دار	dār
دارا	dārā
داراب	dārāb
دارات	dārāt
داراد	dārād
داراشکنه	dārāshkana
دارانیدن	dārānīdan
دارای	dārāy
دارائی	dārā’ī
دارة	dārat
دارتو	dārtū
داردان	dārdān
دارش	dārish
دارم	dārim
دارمک	dārmak
دارندگی	dārandagī
دارنده	dāranda
دارنگ	dāring
دارنی	dārinī
دارو	dārū
دارودان	dārū-dār
دارودان	dārūdān
داروغگی	dārog̱ẖagī
داروغه	dārog̱ẖa
دارون	dārwan
داره	dāra
دارویش	dārwīsh
داری	dārī
داری	dārīy
دارین	dārain
داز	dāz
دازارو	dāzārv
دازه	dāza
داژ	dāzh
داس	dās
داسار	dāsār
داستان	dāstān
داستخاله	dāstḵẖāla
داسغاله	dās-g̱ẖāla
داسه	dāsa
داش	dāsh
داشاب	dāshāb
داشاد	dāshād
داشت	dāsht
داشتن	dāshtan
داشته	dāshta
داشخار	dāsh-ḵẖār
داشن	dāshan
داٴظ	da’z̤
داعی	dā‘ī
داعیة	dā‘īyat
داغ	dāg̱ẖ
داغدار	dāg̱ẖ-dār
داغستان	dāg̱ẖistān
داغسر	dāg̱ẖ-sar
داغگاه	dāg̱ẖ-gāh
داغگر	dāg̱ẖ-gar
داغول	dāg̱ẖol
داغولی	dāg̱ẖolī
داغی	dāg̱ẖī
داغینه	dāg̱ẖīna
دافة	dāffat
دافع	dāfi‘
دافعه	dāfi‘a
دافق	dāfiq
دال	dāl
دال	da’l
دالابه	dālāba
دالان	dālān
دالبره	dālbura
دالبزه	dālbuza
دالف	dālif
دالوژه	dālūzha
داله	dāla
دالی	dālī
دالبیزه	dālīza
دام	dām
دام	dāma
داماد	dāmād
دامادی	dāmādī
دامال	dāmāl
دامان	dāmān
دامانیدن	dāmānīdan
دامباک	dāmbāk
داصخ	dāmiḵẖ
دامداری	dām-dārī
دامساز	dām-sāz
دامع	dāmi‘
دامعة	dāmi‘at
دامغان	dāmag̱ẖān
دامغة	dāmig̱ẖat
دامغول	dām-g̱ẖol
دامک	dāmak
دامگاه	dām-gāh
دامن	dāman
دامنه	dāmana
دامنی	dāmanī
دامود	dāmūd
داموز	dāmwaz
داموغ	dāmūg̱ẖ
دامی	dāmī
دامیار	dām-yār
دامیة	dāmiyat
دامیدن	dāmīdan
دان	dān
دانا	dānā
داناتری	dānātarī
داناق	dānāq
دانانیدن	dānānīdan
دانایان	dānāyān
دانایانه	dānāyāna
دانائی	dānā’ī
دانج	dānaj
دانجه	dānja
داند	dānad
دانست	dānist
دانستگی	dānistagī
دانستن	dānistan
دانسته	dānista
دانش	dānish
دانشگر	dānishgar
دانشمندی	dānishmandī
دانشور	dānishwar
دانشوری	dānishwarī
دانشومند	dānishūmand
دلنشی	dānishe
دانق	dānaq
دانک	dānak
دانگانه	dāngāna
دانگو	dāngū
دانندگی	dānindagī
داننده	dāninda
دانوب	dānūb
دانوش	dānūsh
دانه	dāna
دانی	dānī
دانیال	dāniyāl
دانیدن	dānīdan
دانیزه	dānīza
داو	dāv
داود	dāwud
داودی	dāwudī
داور	dāwar
داوردان	dāwardān
داورستان	dāwaristān
داوری	dāwarī
داوود	dāwūd
داوودی	dāwūdī
داوزار	dāvzār
داویه	dāwīya
داه	dāh
داها	dāhā
داهم	dāhim
داهول	dāhūl
داهی	dāhī
داهة	dāhiyat
داهیم	dāhīm
دای	dāy
دایانیدن	dāyānīdan
دائر	dā’ir
دائرة	dā’irat
دائرچی	dā’irachī
دایگان	dāyagān
دایگی	dāyagī
دائم	dā’im
دائماً	dā’iman
دائمة	dā’imat
دائمی	dā’imī
دائمیة	dā’imīyat
دایه	dāya
دب	dab
دب	dabb
دبا	daba’
دبار	dabār
دباغ	dibāg̱ẖ
دباغة	dibāg̱ẖat
دباق	dibāq
دبال	dabāl
دبال	dubāl
دبة	dabbat
دبداب	dabdāb
دبدبه	dabdaba
دبر	dabr
دبران	dabarān
دبرة	dabrat
دبره	dabara
دبز	dabz
دبس	dabs
دبستان	dabistān
دبستانی	dabistānī
دبش	dabsh
دبغ	dabg̱ẖ
دبق	dibq
دبل	dabl
دبله	dubla
دبن	dibin
دبنگ	dabang
دبوب	dabūb
دبودار	dubūdār
دبور	dabūr
دبوس	dabūs
دبوسک	dabūsak
دبوسه	dabūsa
دبوقه	dabūqa
دبوکی	dabūkī
دبول	dabūl
دبه	daba
دبیب	dabīb
دبید	dabīd
دبیر	dabīr
دبیش	dabīsh
دبیل	dabīl
دپ	dap
دپایه	dapāya
دپنگ	dapang
دپوچه	dapūcha
دث	das̤s̤
دثار	dis̤ār
دثر	das̤r
دثور	das̤ūr
دج	duj
دج	daj
دجاج	dajāj
دجاجة	dajājat
دجال	dajjāl
دجان	dijān
دجائج	dajā’ij
دجج	dujuj
دجر	dajar
دجل	dajl
دجن	dajn
دجوّ	dujūw
دجون	dujūn
دجیٰ	dujá
دجیج	dajīj
دچار	duchār
دح	daḥḥ
دحداح	daḥdāh
دحر	daḥr
دحس	daḥs
دحض	daḥẓ
دحق	daḥq
دحم	daḥm
دحن	daḥan
دحو	daḥw
دحوض	duḥūẓ
دحیة	diḥyat
دحیق	daḥīq
دخ	daḵẖ
دخال	diḵẖāl
دخال	daḵẖḵẖāl
دخانی	duḵẖānī
دخت	duḵẖt
دختر	duḵẖtar
دخترباره	duḵẖtar-bāra
دخترچه	duḵẖtarcha
دخترزن	duḵẖtar-zan
دخترک	duḵẖtarak
دخترگی	duḵẖtaragī
دخترندر	duḵẖtarandar
دختره	duḵẖtara
دختری	duḵẖtarī
دخترینه	duḵẖtarīna
دختن	duḵẖtan
دختندا	duḵẖtandar
دختینه	duḵẖtīna
دخچکاد	duḵẖ-chakād
دخدار	duḵẖdār
دخدار	daḵẖdār
دخس	duḵẖs
دخس	daḵẖas
دخسر	duḵẖsar
دخش	daḵẖsh
دخل	daḵẖl
دخلی	daḵẖlī
دخم	daḵẖm
دخماس	daḵẖmās
دخمه	daḵẖma
دخن	daḵẖn
دخور	duḵẖūr
دخول	daḵẖūl
دخیل	daḵẖīl
دد	dad
دد	dadd
ددا	dadā
ددان	dadān
ددن	dadan
ددناک	dadnāk
ددنبور	dadaṃbūr
دده	dada
در	dar
در	darr
درٴ	dar’
درا	darā
درابنة	darābinat
درات	durrāt
دراج	darrāj
دراجة	darrājat
دراجه	durrāja
دراره	darāra
درازا	darāzā
درازه	darāza
درازی	darāzī
درازینه	darāzīna
دراسة	dirāsat
دراستادن	dar-istādan
دراسج	darāsaj
دراسون	darāsūn
دراعة	durrā‘at
دراقن	durrāqin
دراقیطس	darāqīt̤us
دراک	dirāk
دراک	darrāk
درانک	darānak
درانی	durrānī
درانیدن	darānīdan
دراویش	darāwīsh
دراهم	darāhim
درآی	darāy
درایت	dirāyat
درایش	darāyish
درائیدن	darā’īdan
درب	darb
دربا	darbā
دربار	darbār
دربان	darbān
دربانی	darbānī
دربة	durbat
دربزین	darbazīn
دربساک	darbasāk
دربست	darbast
دربه	darba
دربی	darbī
درپش	dirapsh
درپه	darpa
درپین	darpen
درة	darrat
درتاج	dartāj
درج	darj
درجات	darajāt
درجکاد	durjkād
درچکار	durchkār
درخ	diraḵẖ
درخال	darḵẖāl
درخت	diraḵẖt
درختان	diraḵẖtān
درختستان	diraḵẖtistān
درختک	diraḵẖtak
درخش	daraḵẖsh
درخشان	duruḵẖshān
درخشانیدن	duruḵẖshānīdan
درخشش	duraḵẖshish
درخشندگی	duruḵẖshandagī
درخشنده	duruḵẖshanda
درخشی	duraḵẖshī
درخشیدن	duruḵẖshīdan
درخف	durḵẖuf
درخواست	darḵẖẉāst
درخواه	darḵẖẉāh
درخور	darḵẖẉar
درد	dard
درد	darad
دردا	dardā
درداب	dardāb
درداخ	dardāḵẖ
درداده	dardāda
دردار	dardār
درداقس	dardāqis
دردام	durdām
دردامن	dar-dāman
دردمن	dardman
دردمندی	dardmandī
دردمه	dardma
دردناک	dardnāk
دردوخت	dar-doḵẖt
دردور	durdūr
درده	durda
دردی	dardī
درر	durar
درز	darz
درزند	darzand
درزه	darza
درزی	darzī
درس	dars
درسان	dirsān
درصت	durust
درستگی	durustagī
درسته	darasta
درستی	durustī
درسه	darsa
درش	darsh
درشت	durusht
درشته	darashta
درشتی	durushtī
درشکه	drushka
درشی	darashī
درع	dir‘
درعه	dir‘a
درغ	darg̱ẖ
درغال	darg̱ẖāl
درغاله	darg̱ẖāla
درغان	darg̱ẖān
درغست	darg̱ẖast
درغشت	darg̱ẖasht
درغمی	darg̱ẖamī
درغو	darg̱ẖū
درغیش	darg̱ẖīsh
درفش	dirafsh
درفشانیدن	dirafshānīdan
درفشنده	dirafshanda
درفشه	durufsha
درفشیدن	dirafshīdan
درفنجک	darfanjak
درق	darq
درقة	daraqat
درقهستان	darqihistān
درک	dark
درک	darak
درکات	darakāt
درکاله	darkāla
درکة	dirkat
درکون	darkūn
درگر	durgar
درگلاله	dargulāla
درگون	dargūn
درگه	dar-gah
درلک	dirlik
درم	daram
درم	diram
درما	darmā
درمان	darmān
درماندگی	darmāndagī
درماندن	darmāndan
درمدار	diram-dār
درمسرا	diram-sarā
درمسنگ	diram-sang
درمل	durmul
درمنده	darmanda
درمیدن	darmīdan
درن	darn
درن	daran
درنا	durnā
درناق	dirnāq
درند	darand
درنده	daranda
درنشاندگی	dar-nishāndagī
درنگ	dirang
درنگادرنگ	dirang-ā-dirang
درنگانیدن	dirangānīdan
درنگی	dirangī
درنگیدن	dirangīdan
درنوگ	durnūg
درنه	dirna
دروا	darwā
درواخ	darwāḵẖ
دروار	darwār
دروازبان	darwāzbān
دروازه	darwāza
دروازی	darwāzī
درواژ	darwāzh
درواس	darwās
درواکرده	darwā-karda
دروان	darwān
دروانه	darwāna
دروانیدن	dirawānīdan
درواه	darwāh
دروای	darwāy
دروایست	darwāyist
دروب	durūb
دروبطارس	darūbit̤āris
دروبند	dar-u-band
دروج	durūj
درود	durod
درودکار	durod-kār
درودگری	durodgarī
درودن	durūdan
درور	darūr
دروس	durūs
دروش	diravsh
دروغ	durog̱ẖ
دروغی	durog̱ẖī
دروقینون	darūqīnūn
دروک	durūk
دروگر	diravgar
درون	darūn
درونج	darūnaj
دروند	darwand
درونده	dirawanda
درونستان	darūnistān
درونک	darūnak
درونی	darūnī
دروه	dirwa
درویدن	dirawīdan
درویده	darawīda
درویزه	darweza
درویش	darwesh
درویشانه	darweshāna
درویشی	darweshī
درویه	darūya
درها	darhā
درهام	darhām
درهشته	darhishta
درهم	dar-ham
درهمی	darhamī
درهو	darhū
دری	darī
دریا	daryā
دریاب	daryāb
دریابانیدن	daryābānīdan
دریابند	daryā-band
دریابنده	daryābanda
دریابیدن	daryābīdan
دریابیگی	daryā-begī
دریاچه	daryācha
دریاس	diryās
دریافتگی	daryāftagī
دریافتن	dar-yāftan
دریاک	diryāk
دریاگر	daryāgar
دریاگری	daryāgarī
دریاگوش	daryā-gosh
دریاوگان	daryāwagān
دریائی	daryā’ī
دریجان	darejān
دریچه	darīcha
درید	duraid
دریدگی	darīdagī
دریدن	darīdan
دریده	darīda
دریر	darīr
دریس	dirīs
دریغ	darīg̱ẖ
دریغا	direg̱ẖā
دریگان	daregān
دریمنة	darīmana
دریواخ	darīwāḵẖ
دریواس	darewās
دریوش	daryūsh
دز	daz
دزار	daz-ār
دزد	duzd
دزدار	diz-dār
دزدان	duzdān
دزدانه	duzdāna
دزدانیدن	duzdānīdan
دزددان	duzddān
دزدمه	dazdama
دزدناک	duzdnāk
دزدی	duzdī
دزدیدگی	duzdīdagī
دزدیدن	duzdīdan
دزدیده	duzdīda
دزک	dazak
دزمار	duzmār
دزندیس	dizandīs
دژ	dazh
دژار	dazh-ār
دژاگام	dizhāgām
دژاگاه	dizhāgāh
دژانگاه	dizhāngāh
دژبان	dizh-bān
دژدار	dizh-dār
دژکام	dizh-kām
دژله	dizhla
دژم	dizham
دژمان	dizh-mān
دژمناک	dizhamnāk
دژمنش	dizh-manish
دژنام	duzh-nām
دژند	dizhand
دژواخ	dazhwāḵẖ
دژوند	dizhwand
دژهخت	dizhhuḵẖt
دژهم	duzhham
دژیپه	dazhīpa
دژینه	dizhīna
دس	das
دس	dass
دساتیر	dasātīr
دسار	disār
دسارت	dasārat
دسام	disām
دست	dast
دستا	dastā
دستاد	dastād
دستادست	dast-ā-dast
دستار	dastār
دستاران	dastārān
دستارچه	dastārcha
دستارو	dastārū
دستاش	dastāsh
دستاق	dustāq
دستاکرد	dastākard
دستان	dastān
دستانزند	dastān-zand
دستانه	dastāna
دستاهنگ	dast-āhang
دستباز	dast-bāz
دستبانه	dast-bāna
دستبرد	dast-burd
دستبند	dast-band
دستبوس	dast-bos
دستپاچگی	dast-pāchagī
دستجات	dastajāt
دستجة	dastajat
دستخر	dast-ḵẖar
دستخط	dast-ḵẖat̤
دستخوان	dast-ḵẖẉān
دستدرازی	dast-darāzī
دستر	dastar
دستره	dastara
دستزیگ	dast-zīg
دستقاله	dast-qāla
دستک	dastak
دستکار	dast-kār
دستکاری	dast-kārī
دستکاله	dast-kāla
دستکش	dast-kash
دستکی	dastakī
دستگاه	dast-gāh
دستگه	dast-gah
دستگی	dastagī
دستگیر	dast-gīr
دستگیرا	dast-gīrā
دستگیری	dast-gīrī
دستلاف	dast-lāf
دستمال	dast-māl
دستمایه	dast-māya
دستنجن	dastanjan
دستنگی	dastangī
دستوار	dastwār
دستوانه	dastwāna
دستور	dastūr
دستور	dustūr
دستورات	dastūrāt
دستورنجن	dast-waranjan
دستوره	dast-wara
دستوری	dastūrī
دستوم	dastūm
دستون	dustūn
دسته	dasta
دستی	dastī
دستیار	dast-yār
دستیاره	dast-yāra
دستیاری	dast-yārī
دستیانه	dast-yāna
دستیج	dastīj
دستیجک	dastījak
دستینج	dastīnaj
دستینه	dastīna
دسخط	das-ḵẖat̤
دسر	dasr
دسع	das‘
دسقیروطوس	dasqīrūt̤ūs
دسکره	daskara
دسم	dasm
دسمر	dasmar
دسمو	dasmū
دسمه	dasma
دسو	dasw
دسورده	daswarda
دسومة	dusūmat
دسه	dasa
دسیس	dasīs
دسیعة	dasī‘at
دسین	dasīn
دش	dash
دشبد	dushbud
دشبل	dushbil
دشت	dasht
دشتان	dashtān
دشتبان	dashtubān
دشتخوار	dusht-ḵẖẉār
دشتنام	dusht-nām
دشتی	dashtī
دشتیاد	dusht-yād
دشتیبان	dashtībān
دشخوار	dushḵẖẉār
دشخوارگر	dushḵẖẉārgar
دشخواری	dushḵẖẉārī
دشخیم	dushḵẖīm
دشته	dishista
دشکره	dashkara
دشکی	dushkī
دشم	disham
دشمان	dushmān
دشمر	dashmar
دشمن	dushman
دشمناگی	dushmanāgī
دشمنایگی	dushmanāyagī
دشمنگیر	dushman-gīr
دشمنی	dushmanī
دشمه	dashma
دشمیر	dashmīr
دشن	dashn
دشناد	dushnād
دشنام	dush-nām
دشنگ	dashang
دشنگی	dashangī
دشنوه	dashnawa
دشنه	dashna
دشوار	dushwār
دشوارگر	dushwārgar
دشواری	dushwārī
دشیشک	dashīshak
دع	da‘
دعاء	du‘ā’
دعاب	di‘āb
دعابة	du‘ābat
دعات	du‘āt
دعام	di‘ām
دعامه	di‘āma
دعائیه	du‘ā’iya
دعب	da‘b
دعبل	di‘bil
دعث	da‘s̤
دعج	da‘aj
دعجاء	da‘jā’
دعد	da‘d
دعداع	da‘dā’
دعر	du‘r
دعز	da‘z
دعس	da‘s
دعق	da‘q
دعوا	da‘wá
دعوات	da‘wāt
دعوة	da‘wat
دعویٰ	da‘wá
دعویگی	da‘wīgī
دغ	dag̱ẖ
دغا	dag̱ẖā
دغد	dug̱ẖd
دغدار	dag̱ẖ-dār
دغددغان	dag̱ẖdag̱ẖān
دغدغک	dag̱ẖdag̱ẖak
دغدو	dug̱ẖdū
دغر	dag̱ẖr
دغسر	dag̱ẖ-sar
دغل	dag̱ẖal
دغلباز	dag̱ẖal-bāz
دغلی	dag̱ẖlī
دغو	dug̱ẖū
دغول	dag̱ẖūl
دغوی	dag̱ẖuwai
دف	daf
دف	daff
دفاتر	dafātir
دفاع	difā‘
دفائن	dafā’in
دفة	daffat
دفتر	daftar
دفترچه	daftarcha
دفتری	daftarī
دفته	dafta
دفتی	daftī
دفر	dafr
دفزک	dafzak
دفع	daf‘
دفعات	dafa‘āt
دفعی	daf‘e
دفق	dafq
دفک	dafak
دفکش	daf-kash
دفل	difl
دفله	dafla
دفن	dafn
دفین	dafīn
دق	daq
دق	daqq
دقاق	diqāq
دقاقة	duqāqat
دقاقی	daqqāqī
دقائق	daqā’iq
دقة	diqqat
دقطامانون	daqt̤āmānūn
دقع	daqa‘
دقل	daqal
دقیق	daqīq
دقیقی	daqīqī
دک	dak
دک	dakk
دکاع	dukā‘
دکاکین	dakākīn
دکان	dukkān
دکانچه	dukāncha
دکاندار	dukān-dār
دکة	dakkat
دکدک	dakdak
دکری	dakrī
دکع	dak‘
دکل	dakal
دکلان	duklān
دکله	dakla
دکن	dakan
دکنیا	dakniyā
دکنیان	dakaniyān
دکه	duka
دکه	dakka
دکهن	dakhan
دکیا	dakyā
دگدگی	digdigī
دگر	digar
دگل	dagal
دگمه	dugma
دگه	daga
دل	dil
دل	dall
دلادل	dalādil
دلاد	dilād
دلازار	dil-āzār
دلاسا	dil-āsā
دلاسائی	dil-āsā’ī
دلاشوب	dil-āshūb
دلاک	dallāk
دلاگاه	dil-āgāh
دلاکی	dallākī
دلال	dalāl
دلالة	dalālat
دلاله	dallāla
دلالی	dallālī
دلام	dilām
دلاور	dil-āwar
دلاوری	dil-āwarī
دلاویز	dil-āwez
دلائل	dalā’il
دلب	dulb
دلباز	dil-bāz
دلبازی	dil-bāzī
دلبر	dil-bar
دلبری	dil-barī
دلبستگی	dil-bastagī
دلبسته	dil-basta
دلبند	dil-band
دلپذیر	dil-paẕīr
دلپسند	dil-pasand
دلتنگک	dil-tang
دلج	dalaj
دلجه	dulja
دلخ	dalaḵẖ
دلخراش	dil-ḵẖarāsh
دلخسته	dil-ḵẖasta
دلخواسته	dil-ḵẖẉāsta
دلخواه	dil-ḵẖẉāh
دلخور	dil-ḵẖẉar
دلخوش	dil-ḵẖẉush
دلخوشی	dil-ḵẖẉushī
دلخون	dil-ḵẖūn
دلداده	dil-dāda
دلدار	dil-dār
دلداری	dil-dārī
دلدزد	dil-duzd
دلدل	dildil
دلدل	duldul
دلدوز	dil-doz
دلده	dil-dih
دلدهی	dil-dihī
دلربا	dil-rubā
دلریش	dil-resh
دلریشی	dil-reshī
دلس	dalas
دلساز	dil-sāz
دلسازی	dil-sāzī
دلستان	dil-satān
دلسرد	dil-sard
دلسوز	dil-soz
دلشاد	dil-shād
دلشده	dil-shuda
دلشکستگی	dil-shikastagī
دلشکسته	dil-shikasta
دلشگفته	dil-shigufta
دلظ	dalz̤
دلع	dal‘
دلف	dilf
دلفروز	dil-furoz
دلفریب	dil-firīb
دلفریبی	dil-firībī
دلفگار	dil-figār
دلفگاری	dil-figārī
دلفین	dulfīn
دلق	dalq
دلق	dalaq
دلک	dalk
دلکده	dil-kada
دلکش	dil-kash
دلکشی	dil-kashī
دلکور	dil-kūr
دلگ	dalag
داگر	dalgar
دلگرم	dil-garm
دلگیر	dil-gīr
دلگیری	dil-gīrī
دلم	dulum
دلماب	dilmāb
دلماندگی	dil-māndagī
دلمانده	dil-mānda
دلمک	dalamak
دلمل	dulmul
دلمه	dalama
دلنشین	dil-nishīn
دلنگ	dalang
دلنگان	dalingān
دلنگران	dil-nigarān
دلنمودگی	dil-namūdagī
دلنواز	dil-nawāz
دلنوازه	dil-nawāza
دلو	dalw
دلوا	dalwā
دلوار	dilwār
دلواز	dil-wāz
دلوح	dalūḥ
دلوک	dalūk
دله	dala
دلهاث	dilhās̤
دلی	dilī
دلیده	dalīda
دلبر	dilīr
دلیرانه	dilīrāna
دلیری	dilīrī
دلیف	dalīf
دلیک	dalīk
دلیل	dalīl
دلیلی	dalīlī
دلینس	dalīnis
دم	dam
دما	damā
دماٴ	dimā’
دمابر	damā-bar
دماخ	dumāḵẖ
دمادم	dam-ā-dam
دمار	damār
دماغ	dimāg̱ẖ
دماغه	dumāg̱ẖa
دماغی	damāg̱ẖī
دمال	damāl
دمامه	damāma
دمامیل	damāmīl
دمامین	damāmīn
دمان	damān
دمانک	damānak
دماور	dam-āwar
دماوند	damāwand
دمایه	dumāya
دمب	dumb
دمبال	dumbāl
دمبسته	dam-basta
دمبند	damb-band
دمبه	dumba
دمپ	dump
دمتک	dumtak
دمث	damas̤
دمچار	dam-chār
دمچام	dam-chām
دمچه	dumcha
دمچی	dumchī
دمخ	damḵẖ
دمخنیوس	damḵẖanīwas
دمدار	dam-dār
دمدمه	damdama
دمدمیا	damdamyā
دمدول	damdūl
دمر	damar
دمز	damz
دمس	dams
دمساز	dam-sāz
دمسازی	dam-sāzī
دمسان	dam-sān
دمسق	dimsaq
دمسنجک	damsanjak
دمسه	dimsa
دمسیجه	dumsīja
دمش	damish
دمع	dam‘
دمعة	dam‘at
دمعق	dima‘q
دمغ	damg̱ẖ
دمق	damaq
دمقس	dimaqs
دمگاه	dam-gāh
دمگه	dam-gah
دمگیر	dam-gīr
دمن	damn
دمن	daman
دمنة	dimnat
دمندان	damandān
دمنده	damanda
دمنه	damna
دموج	dumūj
دمور	damūr
دموس	dumūs
دموع	dumū‘
دموق	dumūq
دموی	damawī
دمه	dama
دمی	damī
دمیا	damyā
دمیاط	damyāt̤
دمیاطی	dimyāt̤ī
دمیدگی	damīdagī
دمیدن	damīdan
دمیده	damīda
دمیقی	dimīqī
دن	dan
دن	dann
دناءة	danā’at
دنان	danān
دنان	dinān
دنانیر	danānīr
دنب	duṃb
دنبال	daṃbāl
دنباله	duṃbāla
دنباور	duṃb-āwar
دنباوند	daṃbāwand
دنبر	daṃbar
دنبره	duṃbara
دنبک	duṃbak
دنبل	daṃbal
دنبلان	duṃbalān
دنبوقه	duṃbūqa
دنبه	duṃba
دنح	dinḥ
دند	dand
دندا	dandā
دندان	dandān
دندانه	dandāna
دندانیدن	dandānīdan
دندش	dandish
دندنه	dandana
دنده	danda
دندیدن	dandīdan
دنس	danas
دنع	dana‘
دنف	danaf
دنقر	danqar
دنقه	danqa
دنکاسه	dankāsa
دنکس	dan-kas
دنگ	dang
دنگادنگ	dang-ā-dang
دنگاله	dangāla
دنگل	dangal
دنگلاله	danglāla
دنگی	dingī
دنو	dunūw
دنوءة	dunū’at
دنواش	dinwāsh
دنه	dana
دنی	danī
دنیا	dunyā
دنیاوی	dunyāwī
دنیدن	danīdan
دنیده	danīda
دنیسر	dunaisir
دنیوی	dunyawī
دنیی	dunyī
دو	dauw
دواب	dawābb
دوات	dawāt
دوادار	dawādār
دوادو	daw-ā-dav
دواری	dawārī
دوازگانه	duwāzdagāna
دوازده	duwāzdah
دوازدهم	duwāzdahum
دوازدهی	duwāzdahe
دواساز	dawā-sāz
دواعی	dawā‘ī
دوال	duwāl
دوالب	dawālib
دوالک	duwālak
دواله	duwāla
دوالی	dawālī
دوالیب	dawālīb
دوالیه	diwāliya
دوام	dawām
دوان	dawān
دواندن	dawāndan
دوانوش	dawānosh
دوانیق	dawānīq
دواوین	dawāwīn
دواهی	dawāhī
دوایات	dawāyāt
دوائر	dawā’ir
دوبد	du-bud
دوبل	dūbal
دوبود	du-būd
دوج	dūj
دوجان	do-jān
دوح	dauḥ
دوحة	dauḥat
دوخ	dauḵẖ
دوخ	dūḵẖ
دوخت	doḵẖt
دوختره	doḵẖtara
دوختن	doḵẖtan
دوخته	doḵẖta
دود	daud
دود	dūd
دوداله	dūdāla
دودر	dūdar
دودمان	dūdmān
دوده	dauda
دودی	dūde
دور	daur
دور	dūr
دورات	dūrāt
دورادور	dūrādūr
دوراغ	dūrāg̱ẖ
دورانی	daurānī
دورای	dūrāy
دوربل	dūrbal
دورة	daurat
دورتر	dūrtar
دورترک	dūrtarak
دوردستی	dūr-dastī
دورس	dūras
دورق	daurak
دورنج	dauranj
دورنگ	daurang
دورنگی	du-rangī
دوروزی	dūrūzī
دورونه	dorūnā
دوره	daura
دوری	dūrī
دوری	daurī
دوریسه	dūrīsa
دوریشه	dūrīsha
دوز	doz
دوزانیدن	dozānīdan
دوزای	dūzāy
دوزخ	dozaḵẖ
دوزخی	dozaḵẖī
دوزک	dauzak
دوزندگی	dozandagī
دوزنه	dozana
دوزون	dūzūn
دوزه	doza
دوزیدن	dozīdan
دوزینه	dozīna
دوژ	dozh
دوژای	duzhāy
دوژک	dūzhak
دوژنه	dozhana
دوژه	dūzha
دوژینه	dozhīna
دوس	daus
دوسانیدن	dosānīdan
دوست	dost
دوستار	dostār
دوستان	dostān
دوستانه	dostāna
دوستانی	dostānī
دوستتر	dost-tar
دوستر	dostar
دوستکام	dost-kām
دوستکامی	dost-kāmī
دوستکان	dost-kān
دوستکانی	dost-kānī
دوستگان	dost-gān
دوستگانه	dost-gāna
دوستگین	dost-gīn
دوستنبه	dostaṃba
دوستوار	dostwār
دوستی	dostī
دوسر	dūsar
دوسرانی	dausarānī
دوسری	du-sare
دوسگر	dosgar
دوسند	dosand
دسگین	dosgīn
دوسیدگی	dosīdagī
دوسیدن	dosīdan
دوسیده	dosīda
دوش	dosh
دوشا	doshā
دوشاب	dosh-āb
دوشابگر	doshābgar
دوشانیدن	doshānīdan
دوشک	dūshak
دوشکن	dosh-kan
دوشگر	doshgar
دوشمال	dosh-māl
دوشندنی	doshandanī
دوشنده	doshanda
دوشنه	doshana
دوشوار	dūshwār
دوشوان	doshwān
دوشه	dosha
دوشیدن	doshīdan
دوشیدنی	doshīdanī
دوشیده	doshīda
دوشیزگان	doshīzagān
دوشیزگی	doshīzagī
دوشیزه	doshīza
دوشین	doshīn
دوشینه	doshīna
دوص	dauṣ
دوغ	dog̱ẖ
دغبا	dog̱ẖ-bā
دوغو	dog̱ẖū
دوغوا	dog̱ẖ-wā
دوغه	dog̱ẖa
دوف	dauf
دوقلی	du-qulī
دوقو	dūqū
دوک	dūk
دوکا	dūkā
دوکارد	du-kārd
دوکان	dūkān
دوکانی	dūkānī
دوکجی	dūkjī
دوکچه	dūkcha
دوکدان	dūkdān
دوکریس	dūk-rīs
دوکریسه	dūk-rīsa
دوگان	dugān
دول	dol
دولا	dolā
دولاب	dol-āb
دولابه	dolāba
دولابی	dolābī
دولات	dūlāt
دولانه	dūlāna
دولبند	dolband
دولة	daulat
دولتخانه	daulat-ḵẖāna
دولتمدار	daulat-madār
دولتمند	daulat-mand
دولتمندی	daulatmandī
دولتی	daulatī
دولتین	daulatain
دولچه	dolcha
دولخجه	dūlaḵẖja
دولمیان	dol-miyān
دوله	daula
دولی	dawalī
دوم	daum
دوم	duwum
دومویه	du-mūya
دومی	duwumī
دومین	duwumīn
دون	daun
دونک	dūnak
دوندگی	dawandagī
دونده	dawanda
دونگی	dūngī
دونه	dūna
دونی	dūnī
دویٰ	dawá
دوی	dawī
دویت	dawet
دویدار	dawe-dār
دویدگی	dawīdagī
دویدن	dawīdan
دویره	dawīra
دویست	duwīst
دویل	duwel
دویم	duyum
دوئی	du’ī
ده	dah
دها	dahā
دهاء	dahā’
دهاءة	dahā’at
دهاة	duhāt
دهات	dihāt
دهاده	dih-ā-dih
دهار	dahār
دهاز	dahāz
دهاق	dihāq
دهاقنة	dahāqinat
دهالیز	dahālīz
دهام	duhām
دهان	dihān
دهانج	duhānij
دهانه	dahāna
دهبرج	dahbarraj
دهچه	dihchah
دهخان	dih-ḵẖān
دهدرین	duhdurrain
دهر	dahr
دهراً	dahran
دهرگه	dah-raga
دهره	dahra
دهری	dahrī
دهس	dahs
دهستان	dahistān
دهش	dahsh
دهش	dihish
دهشة	dahshat
دهشته	dihishta
دهشور	dihishwar
دهص	dahṣ
دهق	dahq
دهقنة	dahqanat
دهک	dahk
دهک	dihak
دهکانی	dihkāni
دهکده	dih-kada
دهگان	dihgān
دهگانی	dahgānī
دهل	duhul
دهلو	dihlū
دهله	dahla
دهلی	dihlī
دهلیز	dihlīz
دهلیزی	dihlīzī
دهم	dahm
دهمة	duhmat
دهمرده	dah-marda
دهمشت	dahamasht
دهموبد	dah-mūbad
دهمی	dahumī
دهن	dahn
دهن	dahan
دهناد	dahnād
دهندگی	dihandagī
دهنه	dahana
دهنیم	dah-nīm
دهو	dihū
دهور	duhūr
دهون	dahūn
دهوه	dahwa
دهی	dahī
دهی	dahy
دهید	dihīd
دهیده	dihīdih
دهیک	dah-yak
دهیم	dihīm
دهینه	dahīna
دی	dai
دیار	diyār
دیاقودا	diyāqūdā
دیالمه	dayālima
دیان	daiyān
دیانة	diyānat
دیانوش	dayānosh
دیب	dīb
دیبا	dībā
دیباج	dībāj
دیباجه	dībāja
دیباجی	dībājī
دیباذر	daibāẕar
دیبار	dībār
دیباگر	dībāgar
دیباگری	dībāgarī
دیباوند	debāwand
دیباه	dībāh
دیبدار	debdār
دیبدین	daibadīn
دیبرجاس	dīburjās
دیبق	dībaq
دیبود	dai-būd
دیبوذ	daibūẕ
دیبه	dībah
دیپلومات	dīplomāt
دیة	diyat
دئثان	di’s̤ān
دیجور	daijūr
دید	dīd
دیدا	daidā
دیدار	dīdār
دیداری	dīdārī
دیدان	daidān
دیدان	dīdān
دیدبان	dīdbān
دیدبانی	dīdbānī
دیدگان	dīdagān
دیدن	daidan
دیدن	dīdan
دیدنی	dīdanī
دیدوار	dīdawār
دیدوان	dīdwān
دیدوانی	dīdwānī
دیده	dīda
دیر	dair
دیرآ	der-ā
دیران	dīrān
دیرانه	derāna
دیربار	der-bār
دیرباز	der-bāz
دیرپا	der-pā
دیرپای	der-pāy
دیرک	derak
دیرک	dīrak
دیرکتور	dīraktor
دیرکشای	der-kushāy
دیرگاه	der-gāh
دیرگوار	der-guwār
دیرند	derand
دیرنده	deranda
دیروز	dī-roz
دیروقت	der-waqt
دیرها	der-hā
دیری	derī
دیریدن	dīrīdan
دیرین	derīn
دیرینگی	derīnagī
دیرینه	derīna
دیز	dez
دیزج	daizaj
دیزندان	dezandān
دیزو	dezū
دیزه	deza
دیژک	dezhak
دیس	des
دیسال	dīsāl
دیستانه	dīstāna
دیسمه	dīsama
دیسه	dīsa
دیش	desh
دیفروجاش	dīfrūjās
دیک	dīk
دیکة	dīkat
دیگ	dīg
دیگانه	dīgāna
دیگپای	deg-pāy
دیگپایه	deg-pāya
دیگچه	degcha
دیگدان	degdān
دیگر	dīgar
دیگرگونی	dīgar-gūnī
دیگری	dīgarī
دیگشب	dīg-shab
دیگینه	degīna
دیل	dīl
دیلپایه	dīl-pāya
دیلم	dailam
دیلم	delam
دیلمک	delmak
دیلمی	dailamī
دیله	dīla
دیم	daim
دیم	dīm
دیماطی	dīmātī
دیماوند	dīmāwand
دیمة	dīmat
دیمر	dīmar
دیموند	dīmawand
دیمه	daima
دیمهاج	dīmhāj
دیمی	daimī
دیمیاد	dīmyād
دیمیز	daimīz
دیمیله	daimīla
دین	dain
دین	dīn
دینا	dīnā
دینار	dīnār
دینارویه	dīnārūya
دیناری	dīnārī
دینپرور	dīn-parwar
دینپروری	dīn-parwarī
دینپناهی	dīn-panāhī
دیندار	dain-dār
دینداری	dīn-dārī
دینسافوس	dīnisāfūs
دینه	dīna
دینی	dīnī
دیوار	dīwār
دیوارچه	dīwārcha
دیوارگر	dīwārgar
دیوارو	devārū
دیواره	dīwāra
دیواستنبه	dev-istaṃba
دیواله	dīwāla
دیوالی	dīwālī
دیوان	daiwān
دیوان	dewān
دیوانچی	dīwānchī
دیوانی	dīwānī
دیوث	daiyūs̤
دیوثی	daiyūs̤ī
دیوچه	devcha
دیودیس	devdes
دیور	dīwar
دیور	devar
دیوستنبه	devistaṃba
دیوک	duyūk
دیولاخ	devlāḵẖ
دیولاک	dīvlāk
دیون	duyūn
دیوند	dewand
دیوه	dīwa
دیوی	dewī
دیه	dīh
دیهاز	dīhāz
دیهبان	dīhbān
دیهم	daihim
دیهمد	dīhamad
دیهمک	dīhmak
دیهور	dīhūr
دیهول	dehūl
دیهی	dīhī
دیهیم	daihīm
دییمیر	dayīmīr
ذ	ẕ
ذا	ẕā
ذاٴب	ẕa’b
ذابح	ẕābiḥ
ذابر	ẕābir
ذات	ẕāt
ذاتی	ẕātī
ذاخر	ẕāḵẖir
ذاریات	ẕāriyāt
ذاٴف	ẕa’f
ذافینوبداس	ẕāfīnūbidās
ذاقی	ẕāqī
ذاکر	ẕākir
ذاکرة	ẕākirat
ذال	ẕāl
ذالذلک	ẕālẕalak
ذاٴم	ẕa’m
ذانب	ẕānib
ذاهب	ẕāhib
ذاهل	ẕāhil
ذائب	ẕā’ib
ذائع	ẕā’i‘
ذائق	ẕā’iq
ذائل	ẕā’il
ذب	ẕabb
ذباب	ẕubāb
زبان	ẕibbān
ذبائع	ẕabā’iḥ
ذبع	ẕabḥ
ذبحا	ẕubahā
ذبذبة	ẕabẕabat
ذبر	ẕabr
ذبل	ẕabl
ذبول	ẕubūl
ذبیح	ẕabīḥ
ذبیحة	ẕabīḥat
ذجل	ẕajl
ذحل	ẕaḥl
ذخائر	ẕaḵẖā’ir
ذخر	ẕuḵẖr
ذر	ẕar
درات	ẕarrāt
دراح	ẕarāḥ
ذرارة	ẕarārat
ذراری	ẕarārī
ذراریح	ẕarārīḥ
ذراع	ẕarā‘
ذرب	ẕarb
ذرح	ẕarḥ
ذرع	ẕar‘
ذرف	ẕarf
ذرق	ẕarq
ذرور	ẕarūr
ذروع	ẕarū‘
ذروف	ẕurūf
ذره	ẕarra
ذریح	ẕarīḥ
ذریع	ẕarī‘
ذریعة	ẕarī‘at
ذعاف	ẕa‘āf
ذعر	ẕa‘r
ذعف	ẕa‘f
ذعق	ẕa‘q
ذعلب	ẕi‘lib
ذفر	ẕafar
ذفرة	ẕafarat
ذفف	ẕafaf
ذفکر	ẕafkar
ذفوف	ẕafūf
ذقن	ẕaqn
ذکاء	ẕakā’
ذکاة	ẕakāt
ذکاوة	ẕakāwat
ذکر	ẕakr
ذکر	ẕakar
ذکران	ẕukrān
ذکریٰ	ẕikrá
ذکور	ẕakūr
ذکوره	ẕukūra
ذکوریة	ẕukūrīyat
ذکی	ẕakī
ذکیر	ẕakīr
ذل	ẕill
ذلاقة	ẕalāqat
ذلال	ẕilāl
ذلام	ẕulām
ذلة	ẕillat
ذلف	ẕulf
ذلفاء	ẕalfā’
ذلق	ẕalq
ذلل	ẕulul
ذلول	ẕalūl
ذلیق	ẕalīq
ذلیل	ẕalīl
ذم	ẕamm
ذمار	ẕimār
ذمام	ẕimām
ذمائم	ẕamā’im
ذمة	ẕammat
ذمر	ẕamr
ذمی	ẕimmī
ذمیر	ẕamīr
ذمیم	ẕamīm
ذمیمه	ẕamīma
ذناب	ẕināb
ذنابة	ẕinābat
ذنب	ẕaṃb
ذنوب	ẕanūb
ذو	ẕū
ذؤابة	ẕu’ābat
ذوات	ẕawāt
ذوارف	ẕawārif
ذؤاف	ẕu’āf
ذواق	ẕawāq
ذوانب	ẕawānib
ذوائب	ẕawā’ib
ذوب	ẕaub
ذوراق	ẕaurāq
ذوسنطاریا	ẕūsant̤āriyā
ذوش	ẕosh
ذوع	ẕau‘
ذوق	ẕauq
ذولق	ẕaulaq
ذولقیة	ẕaulaqīyat
ذوو	ẕaẉū
ذوی	ẕawī
ذهاب	ẕahāb
ذهانت	ẕihānat
ذهب	ẕahab
ذهل	ẕahl
ذهنی	ẕahanī
ذهول	ẕuhūl
ذهولة	ẕuhūlat
ذهین	ẕahīn
ذی	ẕī
ذئاب	ẕi’āb
ذیابیطس	ẕiyābīt̤us
ذیال	ẕaiyāl
ذیع	ẕai‘
ذیل	ẕail
ذیم	ẕaim
ذیول	ẕuyūl
ر	r
را	rā
راء	rā’
راٴب	ra’b
رابح	rābiḥ
رابط	rābit̤
رابع	rābi‘
رابعاً	rābi‘an
رابغ	rābig̱ẖ
رابو	rābū
رابیة	rābiyat
راپ	rāp
راپورت	rāport
راتب	rātib
راتبه	rātiba
راتیان	rātiyān
راج	rāj
راجح	rājiḥ
راجز	rājiz
راجع	rāji‘
راجف	rājif
راجفة	rājifat
راجل	rājil
راجن	rājin
راجه	rāja
راجی	rājī
راح	rāḥ
راحة	rāḥat
راحتی	rāḥatī
راحگاه	rāḥ-gāh
راحل	rāḥil
راحم	rāḥim
راحیل	rāḥīl
راخ	rāḵẖ
راد	rād
رادد	rādud
رادع	rādi‘
رادعات	rādi‘āt
رادف	rādif
رادفة	rādifat
رادگان	rādagān
رادی	rādī
رار	rār
راز	rāz
رازبان	rāzbān
رازپنهانی	rāz-pinhānī
رازق	rāziq
رازقی	rāziqī
رازک	rāzak
رازکش	rāz-kash
رازه	rāza
رازی	rāzī
رازیام	rāzyām
راژ	rāzh
راژن	rāzhan
راٴس	ra’s
راس	rās
راسب	rāsib
راست	rāst
راستا	rāstā
راستاد	rāstād
راستان	rāstān
راستکار	rāst-kār
راسته	rāsta
راستی	rāstī
راستین	rāstīn
راستینه	rāstīna
راستیور	rāstīwar
راسخ	rāsiḵẖ
راسخ	rāsuḵẖ
راسم	rāsim
راسن	rāsan
راسو	rāsū
راسی	rāsī
راش	rāsh
راشد	rāshid
راشن	rāshin
راشی	rāshī
راصد	rāṣid
راضب	rāẓib
راضع	rāẓi‘
راضی	rāẓī
راضیةً	rāẓiyatan
راطب	rāt̤ib
راطینی	rāt̤īnī
راعف	rā‘if
راعنا	rā‘i-nā
راعی	rā‘ī
راعیل	rā‘īl
راغ	rāg̱ẖ
راغب	rāg̱ẖib
راغی	rāg̱ẖī
راف	rāf
راٴف	ra’f
رافد	rāfid
رافض	rāfiẓ
رافضة	rāfiẓat
رافضی	rāfiẓī
رافع	rāfi‘
رافونه	rāfūna
رافه	rāfa
راقب	rāqib
راقم	rāqim
راقوته	rāqūta
راقود	rāqūd
راقی	rāqī
راک	rāk
راکاره	rākāra
راکب	rākib
راکد	rākid
راکع	rāki‘
رال	rāl
راٴل	ra’l
رام	rām
راستین	rāmitīn
رامج	rāmij
رامح	rāmiḥ
رامز	rāmiz
رامش	rāmish
رامشخوار	rāmish-ḵẖẉār
رامشک	rāmishk
رامشگاه	rāmish-gāh
رامشگر	rāmishgar
رامشگری	rāmishgarī
رامشی	rāmishī
رامک	rāmak
رامناد	rāminād
رامندی	rāmandī
رامنی	rāmnī
راموز	rāmūz
رامهرمز	rām-hurmuz
رامی	rāmī
رامیاد	rām-yād
رامیار	rām-yār
رامیتن	rāmetan
ران	rān
رانا	rānā
رانباد	rān-bād
رانج	rānaj
رانج	rānij
رانجو	rān-jo
راندگان	rāndagān
راندگی	rāndagī
راندن	rāndan
رانده	rānda
رانش	rānish
رانکی	rānkī
رانه	rāna
رانی	rānī
رانین	rānīn
راوچه	rāvcha
راود	rāwad
راورا	rāvrā
راوق	rāwuq
راوک	rāwak
راوند	rāwand
راوندان	rāwandān
راوه	rāwuh
راوی	rāwī
راویان	rāwiyān
راویة	rāwiyat
راوید	rāwīd
راویز	rāwīz
راه	rāh
راهب	rāhib
راهبان	rāhbān
راهبة	rāhibat
راهبر	rāh-bar
راهبری	rāhbarī
راهبند	rāh-band
راهدار	rāh-dār
راهداری	rāh-dārī
راهدان	rāh-dān
راهرو	rāh-rav
راهزن	rāh-zan
راهزنی	rāh-zanī
راهشان	rāhishāni
راهشاه	rāh-shāh
راهگان	rāhgān
راهگذار	rāh-guẕār
راهن	rāhan
راهن	rāhin
راهنامج	rāh-nāmaj
راهنما	rāh-namā
راهوار	rāhwār
راهواره	rāhwāra
راهواری	rāhwārī
راهوان	rāhwān
راهون	rāhūn
راهها	rāhhā
راهی	rāhī
رائی	ra’y
رای	rāy
رایات	rāyāt
رایان	rāyān
رایاندن	rāyāndan
رائب	rā’ib
رایة	rāyat
رائج	rā’ij
رائحة	rā’ihat
رائد	rā’id
رائدة	rā’idat
رائس	rā’is
رائش	rā’ish
رائض	rā’iẓ
رائع	rā’i‘
رائق	rā’iq
رایکا	rāyikā
رایگان	rāygān
رایه	rāya
رب	rabb
ربا	riba’
ربا	rubā
ربا	rubbā
رباب	rabāb
رباب	rubāb
ربابی	rabābī
ربات	ribāt
رباح	rabāḥ
رباط	ribāt̤
رباع	rubā‘
رباعی	rabā‘ī
رباعیات	rubā‘iyāt
رباعیة	rabā‘iyat
ربانی	rabbānī
ربانیدن	rubānīdan
رباه	rubāh
ربائب	rabā’ib
ربائث	rabā’is̤
ربایندگی	rubāyandagī
رباینده	rubāyanda
ربائی	rubā’ī
ربابیدن	rubāyīdan
ربب	rabab
ربث	rabs̤
ربحی	ribḥī
ربذة	rabaẕat
ربرب	rabrab
ربرق	ribriq
ربرونثن	rabrūnitan
ربزبا	rabzabā
ربس	rabs
ربش	rabash
ربص	rabṣ
ربض	rabaẓ
ربط	rabt̤
ربطی	rabt̤ī
ربع	rab‘
ربعة	rab‘at
ربعی	rib‘ī
ربغ	rabag̱ẖ
ربق	rabq
ربک	rabk
ربل	rabl
ربل	ribl
ربنا	rabbanā
ربو	rabw
ربوب	rubūb
ربوبی	rabūbī
ربوبیة	rubūbīyat
ربوت	rabūt
ربوخه	rabūḵẖa
ربودگی	rubūdagī
ربودن	rubūdan
ربوده	rubūda
ربوس	rubūs
ربوسه	rubūsa
ربوض	rabūẓ
ربوله	rabūla
ربون	rabūn
ربی	rabbī
ربیب	rabīb
ربیبة	rabībat
ربیثا	rabīs̤ā
ربید	rubaid
ربیدن	rubīdan
ربیط	rabīt̤
ربیع	rabī‘
ربیعة	rabī‘at
ربیعی	rabī‘ī
رت	rat
رت	ratt
رتاق	ritāq
رتب	ratb
رتب	ratab
رتبة	rutbat
رتة	ruttat
رتج	ratj
رتخ	ratḵẖ
رتشلخ	rutashlaḵẖ
رتع	rat‘
رتق	ratq
رتک	rutak
رتک	ratk
رتل	ratal
رتم	ratm
رتمة	ratmat
رتن	ratn
رتو	ratw
رتوب	rutūb
رتوع	rutū‘
رته	rata
رتیبانج	ritībānaj
رتیلاء	rutailā’
رث	ras̤s̤
رثاء	ris̤ā’
رثاث	ris̤ās̤
رثاثة	ras̤ās̤at
رثان	ras̤ān
رثه	ris̤at
رثد	ras̤d
رثع	ras̤a‘
رثم	ras̤m
رثوط	rus̤ūt̤
رثی	ras̤y
رثیث	ras̤īs̤
رج	rajj
رجاء	rajā’
رجاج	rajāj
رجاح	rajāḥ
رجاع	rijā‘
رجاف	rajāf
رجاف	rajjāf
رجال	rajāl
رجال	rijāl
رجالیٰ	rajālá
رجان	rajjān
رجانی	rajjānī
رجب	rajab
رجبات	rajabāt
رجبان	rajabān
رجحان	rujḥān
رجز	rajz
رجس	rajs
رجع	raj‘
رجعان	ruj‘ān
رجعیٰ	ruj‘á
رجغک	rajg̱ẖak
رجف	rajf
رجفان	rajafān
رجفة	rajfat
رجک	rajak
رجل	rajl
رجله	rajla
رجم	rajm
رجن	rajn
رجوح	rujūḥ
رجوع	rujū‘
رجوعا	rajū‘ā
رجولة	rujūlat
رجولیة	rujūlīyat
رجون	rujūn
رجه	raja
رجیع	rajī‘
رجیم	rajīm
رچال	richāl
رچک	rachuk
رحا	raḥā
رحالة	riḥālat
رحائل	raḥā’il
رحب	raḥb
رحح	raḥaḥ
رحراح	raḥrāḥ
رحض	raḥẓ
رحضاء	ruḥaẓā’
رحل	raḥl
رحلة	riḥlat
رحم	ruḥm
رحمان	raḥmān
رحمانی	raḥmānī
رحمة	raḥmat
رحمن	raḥmān
رحو	raḥw
رحیٰ	raḥá
رحیب	raḥīb
رحیق	raḥīq
رحیل	raḥīl
رحیم	rahīm
رخ	raḵẖ
رخ	raḵẖḵẖ
رخاء	raḵẖā’
رخاخ	raḵẖāḵẖ
رخاصة	raḵẖāṣat
رخال	riḵẖāl
رخام	ruḵẖām
رخامة	raḵẖāmat
رخامی	ruḵẖāmī
رخانگ	raḵẖāng
رخبینه	ruḵẖbīna
رخت	raḵẖt
رخته	raḵẖta
رخسار	ruḵẖsār
رخسارگان	ruḵẖsāragān
رخساره	ruḵẖsāra
رخش	raḵẖsh
رخشش	ruḵẖshish
رخشگر	raḵẖshgar
رخشندگی	raḵẖshandagī
رخشیدن	raḵẖshīdan
رخص	raḵẖṣ
رخصة	ruḵẖṣat
رخصتانه	ruḵẖṣatāna
رخصتی	ruḵẖṣatī
رخف	raḵẖf
رخگیره	raḵẖ-gīra
رخم	raḵẖam
رخمة	raḵẖamat
رخنه	raḵẖna
رخوة	riḵẖwat
رخوت	ruḵẖūt
رخوگر	raḵẖūgar
رخیدن	raḵẖīdan
رخیص	raḵẖīṣ
رخیم	raḵẖīm
رخیمة	raḵẖīmat
رخین	raḵẖīn
رخینه	raḵẖīna
رد	rad
رد	radd
رداء	ridā’
رداءة	radā’at
رداح	radāḥ
ردان	radān
ردة	raddat
ردح	radḥ
ردس	rads
ردع	rad‘
ردف	radf
ردکا	radkā
ردم	radm
ردن	radn
ردنجو	radan-jo
رده	rada
ردی	radī
ردیف	radīf
ردیم	radīm
رذالة	raẕālat
رذائل	raẕā’il
رذل	raẕl
رذم	raẕm
رذوم	raẕūm
رذیل	raẕīl
رذیلة	raẕīlat
ررا	rarā
رز	raz
رز	razz
رزاز	razzāz
رزاق	razzāq
رزاقی	razāqī
رزام	rizām
رزان	razān
رزانة	razānat
رزایا	razāyā
رزب	razb
رزبان	razbān
رزبر	raz-bur
رزح	razḥ
رزد	razd
رزدق	razdaq
رزده	razda
رزفین	rizfīn
رزق	razq
رزقة	razqat
رزم	razm
رزمگیر	razm-gīr
رزن	razn
رزنده	razanda
رزنین	riznīn
رزوان	razwān
رزه	raza
رزیة	razīyat
رزیدن	razīdan
رزیده	razīda
رزیز	razīz
رزیم	razīm
رزین	razīn
رزیئة	razī’at
رژ	razh
رژد	razhad
رژم	razham
رژه	razha
رس	ras
رس	rass
رسا	rasā
رسام	rassām
رسان	rasān
رساندن	rasāndan
رسانه	rasāna
رسانیدن	rasānīdan
رسائل	rasā’il
رسائی	rasā’ī
رسپاندنت	raspāndant
رست	rast
رستا	rustā
رستاد	rastād
رستار	rastār
رستاک	rastāk
رستانیدن	rustānīdan
رستای	rustāy
رستخیز	rastaḵẖez
رستک	rustak
رتگار	rastagār
رستگاری	rastagārī
رستگان	rastagān
رستم	rustam
رستمدار	rustam-dār
رستمون	rustamūn
رستمی	rustamī
رستمین	rustamīn
رستن	rastan
رستنی	rustanī
رسته	rasta
رستهم	rustahm
رستی	rastī
رسخ	rasḵẖ
رسد	rasad
رسداق	rusdāq
رسدی	rasadī
رسش	rasish
رسع	rasa‘
رسف	rasf
رسک	risk
رسل	rasl
رسلاء	rusalā’
رسم	rasm
رسماً	rasman
رسمان	rismān
رسمو	rasmū
رسمی	rasmī
رسمیات	rasmīyāt
رسن	rasn
رسنباز	rasaṃ-bāz
رسنواد	rasnawād
رسوا	ruswā
رسوائی	ruswā’ī
رسوب	rasūb
رسوبی	rasūbī
رسوخ	rusūḵẖ
رسوران	raswarān
رسول	rasūl
رسولی	rasūlī
رسوم	rusūm
رسی	rasī
رسید	rasīd
رسیدگی	rasīdagī
رسیدن	rasīdan
رسیده	rasīda
رسیس	rasīs
رسیل	rasīl
رسیلة	rasīlat
رسیم	rasīm
رسین	rasīn
رش	rash
رش	rashsh
رشاء	rashā’
رشاد	rashād
رشادة	rashādat
رشاش	rashāsh
رشاقة	rashāqat
رشت	rasht
رشتاک	rashtāk
رشتک	rishtak
رشتن	rishtan
رشته	rishta
رشتی	rashtī
رشح	rashḥ
رشحة	rashḥat
رشد	rushd
رشف	rashf
رشق	rashq
رشک	rashk
رشکن	rashkin
رشکناک	rashknāk
رشکین	rashkīn
رشم	rashm
رشمیز	rashmez
رشن	rashn
رشنی	rashnī
رشوتی	rishwatī
رشیٰ	rashá
رشیح	rashīḥ
رشید	rashīd
رشیدن	rashīdan
رشیده	rashīda
رشیدیة	rashīdīyat
رشیف	rashīf
رشیق	rashīq
رشینه	rashīna
رص	raṣṣ
رصاد	raṣṣād
رصاص	raṣāṣ
رصانة	raṣānat
رصب	raṣab
رصع	raṣ‘
رصف	raṣf
رصن	raṣn
رصید	raṣīd
رصیف	raṣīf
رصین	raṣīn
رض	raẓẓ
رضاب	ruẓāb
رضاض	ruẓāẓ
رضاعی	raẓā‘ī
رضامند	riẓāmand
رضامندی	riẓāmandī
رضایة	riẓāyat
رضائی	raẓā’ī
رضب	raẓb
رضع	raẓḥ
رضخ	raẓḵẖ
رضراض	raẓrāẓ
رضف	raẓf
رضوانی	riẓwānī
رضویٰ	raẓwá
رضی	raẓī
رضیض	raẓīẓ
رضیع	raẓī‘
رضیه	raẓīya
رطب	rat̤b
رطل	rat̤l
رطم	rat̤m
رطوب	rut̤ūb
رطوبة	rut̤ūbat
رطوم	rat̤ūm
رطینا	rat̤īnā
رعاء	ri‘ā’
رعاة	ru‘āt
رعاث	ri‘ās̤
رعاع	ra‘ā‘
رعاف	ru‘āf
رعایا	ra‘āyā
رعایة	ri‘āyat
رعایةً	ri‘āyatan
رعایتی	ri‘āyatī
رعب	ra‘b
رعبان	ra‘bān
رعج	ra‘j
رعد	ra‘d
رعراع	ra‘rā‘
رعس	ra‘s
رعسان	ra‘asān
رعص	ra‘ṣ
رعف	ra‘f
رعل	ra‘l
رعلاء	ra‘lā’
رعن	ra‘n
رعناء	ra‘nā’
رعنائی	ra‘nā’ī
رعود	ru‘ūd
رعونة	ru‘ūnat
رعی	ra‘y
رعیة	ra‘īyat
رعیتی	ra‘īyatī
رغ	rug̱ẖ
رغاء	rug̱ẖā’
رغاب	rag̱ẖāb
رغال	rag̱ẖāl
رغام	rag̱ẖām
رغاوه	rag̱ẖāwa
رغائب	rag̱ẖā’ib
رغبة	rag̱ẖbat
رغث	rag̱ẖs̤
رغزه	rag̱ẖza
رغس	rag̱ẖs
رغف	rag̱ẖf
رغل	rag̱ẖl
رغم	rag̱ẖm
رغن	rag̱ẖn
رغند	rag̱ẖand
رغنین	rag̱ẖnīn
رغنگ	rag̱ẖang
رغوان	rag̱ẖwān
رغوة	rag̱ẖwat
رغوث	rag̱ẖūs̤
رغوه	rag̱ẖwa
رغیب	rag̱ẖīb
رغیبة	rag̱ẖībat
رغیدا	rag̱ẖīdā
رغیف	rag̱ẖīf
رغیفی	rag̱ẖīfī
رغین	rag̱ẖīn
رف	raf
رف	raff
رفاء	rifā’
رفات	rufāt
رفادة	rifādat
رفارف	rafārif
رفاع	rafā‘
رفاعة	rafā‘at
رفاغ	rifāg̱ẖ
رفاغة	rafāg̱ẖat
رفاق	rifāq
رفاقة	rafāqat
رفاگر	rafāgar
رفان	rafān
رفاه	rifāh
رفت	raft
رفتار	raftār
رفتگی	raftagī
رفتن	raftan
رفتنی	raftanī
رفته	rafta
رفتیه	raftiya
رفث	rafs̤
رفد	rafd
رفراف	rafrāf
رفرف	rafraf
رفس	rafs
رفش	rafsh
رفضی	rafẓī
رفع	raf‘
رفعة	rif‘at
رفغ	rafg̱ẖ
رفق	rafq
رفقاء	rufaqā‘
رفل	rafl
رفو	rafw
رفوشه	rafūsha
رفوض	rufūẓ
رفوکاری	rafo-kārī
رفوگر	rafogar
رفوگری	rafogarī
رفون	rafūn
رفه	rafa
رفیده	rafīda
رفیع	rafī‘
رفیف	rafīf
رفیق	rafīq
رفیقی	rafīqī
رفیه	rafīh
رق	riq
رق	raqq
رقاب	riqāb
رقابة	raqābat
رقاد	riqād
رقاراق	raqārāq
رقاص	raqqāṣ
رقاصی	raqqāṣī
رقاع	riqā‘
رقاعی	riqā‘ī
رقاق	raqāq
رقاقة	raqāqat
رقاقس	ruqāqis
رقان	riqān
رقانه	riqāna
رقائق	raqā’iq
رقائم	raqā’im
رقباء	ruqabā’
رقبه	raqba
رقه	raqqat
رقد	raqd
رقش	raqsh
رقشاء	raqshā’
رقص	raqṣ
قصاندن	raqṣāndan
رقصیدن	raqṣīdan
رقعا	raq‘ā
رقعات	ruq‘āt
رقعه	raq‘a
رقق	raqaq
رقل	raql
رقمزده	raqam-zada
رقمی	raqamī
رقمکش	raqam-kash
رقوب	raqūb
رفود	raqūd
رقوم	ruqūm
رقه	raqqa
رقیب	raqīb
رقیبان	raqībān
رقیبه	raqība
رقیة	ruqyat
رقیع	raqī‘
رقیق	raqīq
رقیقه	raqīqa
رقیم	raqīm
رقیمه	raqīma
رک	rak
رک	rakk
رکاب	rikāb
رکابدار	rikāb-dār
رکابک	rikābak
رکابی	rikābī
رکاسه	rukāsa
رکاکة	rakākat
رکان	rakān
رکانة	rakānat
رکب	rakb
رکبان	rukbān
رکبة	rakbat
رکح	rukḥ
رکده	rakda
رکز	rakz
رکس	raks
رکض	rakẓ
رکعة	rak‘at
رکل	rakl
رکم	rakm
رکن	rukn
رکناباد	ruknābād
رکنی	ruknī
رکوب	rakūb
رکوبة	rakūbat
رکوة	rakwat
رکوتا	rakūtā
رکوح	rukūḥ
رکود	rakūd
رکوع	rukū‘
رکوگ	rakūg
رکوگر	rakūgar
رکوم	rakūm
رکون	rukūn
رکی	rakīy
رکیب	rakīb
رکیبی	rikebī
رکیة	rakīyat
رکیدن	rakīdan
رکیک	rakīk
رکین	rakīn
رگ	rag
رگال	rugāl
رگبان	ragbān
رگبند	rag-band
رگدار	rag-dār
رگیدن	ragīdan
رم	ram
رم	ramm
رماٴ	ramā’
رماح	rimāḥ
رماحة	rimāḥat
رماد	ramād
رمارم	ramārām.
رماز	rammāz
رماس	ramās
رمال	rumāl
رمال	rimāl
رمالی	rammālī
رمام	rimām
رمان	ramān
رمان	rummān
رمانی	rummānī
رمانیدن	ramānīdan
رمایة	rimāyat
رمائم	rama’im
رمة	rimmat
رمث	rams̤
رمح	ramḥ
رمخ	rimḵẖ
رمخ	ramaḵẖ
رمد	ramad
رمز	ramz
رمژک	ramzhak
رمس	rams
رمش	ramsh
رمش	ramish
رمص	ramṣ
رمض	ramẓ
رمضان	ramaẓān
رمضانی	ramaẓānī
رمظان	ramz̤ān
رمع	ram‘
رمق	ramq
رمک	ramak
رمکات	ramakāt
رمگا	ramgā
رمل	raml
رمله	ramla
رملی	ramlī
رمن	raman
رمنده	ramanda
رموان	ramwān
رموز	rumūz
رموس	rumūs
رموق	ramūq
رموک	rumūk
رمون	ramūn
رمه	rama
رمی	ramy
رمیار	ram-yār
رمیة	ramyat
رمیدگی	ramīdagī
رمیدن	ramīdan
رمیده	ramīda
رمیز	ramīz
رمیض	ramīẓ
رمیم	ramīm
رنب	ruṃb
رنج	ranj
رنجال	ranjāl
رنجانیدن	ranjānīdan
رنجبر	ranj-bar
رنجش	ranjish
رنجک	ranjak
رنجن	ranjan
رنجور	ranjūr
رنجوری	ranjūrī
رنجه	ranja
رنجی	ranjī
رنجیدگی	ranjīdagī
رنجیدن	ranjīdan
رنجیده	ranjīda
رنجین	ranjīn
رنح	ranḥ
رنخ	ranḵẖ
رند	rand
رندانه	rindāna
رندانیدن	randānīdan
رندش	randish
رندک	rindak
رنده	randa
رندی	randī
رندیدن	randīdan
رندیده	randīda
رنز	runz
زنژک	ranzhak
رنگ	rang
رنگارنگ	rang-ā-rang
رنگائی	rangā’ī
رنگرزان	rang-razān
رنگروتا	ringarūtā
رنگساز	rang-sāz
رنگی	rangī
رنگیدن	rangīdan
رنگین	rangīn
رنگینا	rangīnā
رنم	ranam
رنود	ranwad
رنوس	runūs
رو	rav
روا	rawā
رواء	rawā’
روابط	rawābit̤
رواة	ruwāt
رواتب	rawātib
رواج	rawāj
رواح	rawāḥ
رواحال	rawā-ḥāl
رواحل	rawāḥil
روار	rawār
روارو	raw-ā-rav
رواز	rawāz
روازاری	rawāzārī
روازن	rawāzin
رواس	rawās
رواسی	rawāsī
رواش	rawāsh
روافد	rawāfid
روافض	rawāfiẓ
رواق	rawāq
رواقی	rawāqī
رواک	rawāk
رواگ	rawāg
روال	ru’āl
روامبد	rawām-bud
روامس	rawāmis
روان	rawān
روانان	rawānān
روانتر	rawāntar
روانستان	rawānistān
روانگی	rawānagī
روانه	rawāna
روانی	rawānī
روانیدن	rawānīdan
رواوه	rawāwa
رواه	rawāh
رواهش	rawāhish
رواهص	rawāhiṣ
روایا	rawāyā
روایة	riwāyat
روائح	rawā’iḥ
روایش	rawāyish
روائی	rawā’ī
روب	raub
روب	rob
روبا	rūbā
روبان	robān
روبانیدن	robānīdan
روباه	rūbāh
روباهی	rūbāhī
روبند	rū-band
روبه	rūbah
روبهانه	rūbahāna
روبهک	rūbahak
روبیان	rūbiyān
روبیدن	robīdan
روبینه	robīna
روپاک	rū-pāk
روپست	rū-past
روپوش	rū-posh
روپه	rūpa
روث	raus̤
روج	roj
روچک	rūchak
روح	rauḥ
روح	rūḥ
روحانی	rauḥānī
روحانیة	rūḥānīyat
روخ	rūḵẖ
رود	raud
رود	rūd
رودا	rodā
رودابه	rūdāba
رودس	rūdis
رودساز	rūd-sāz
رودک	rūdak
رودگان	rūdagān
رودگانها	rūdagānhā
رودگر	rūdgar
رودلاخ	rūdlāḵẖ
رودن	rūdan
روده	rūda
رودین	rūdīn
رورمنا	rormanā
روز	rauz
روز	roz
روزان	rozān
روزانه	rozāna
روزبان	rozbān
روزرانه	rozrāna
روزرخ	roz-ruḵẖ
روزستار	rozistār
روزستان	rozistān
روزکی	rozake
روزگار	rozgār
روزگاررفتگان	rozgār-raftagān
روزگاری	rozgārī
روزگانه	rozgāna
روزنامچه	roz-nāmcha
روزندن	rūzandan
روزه	roza
روزی	rozī
روزیانه	roziyāna
روزیدن	rozīdan
روزینه	rozīna
روس	ru’us
روساء	ru’asā’
روسپی	rūspī
روستاق	rūstāq
روستخیز	rūstaḵẖez
روستم	rūstam
روسختج	rūsaḵẖtaj
روسفید	rū-safed
روسی	rosī
روش	raush
روش	rawish
روشان	roshān.
روشانه	roshāna
روشن	raushan
روشنا	roshanā
روشناس	rū-shinās
روشناسی	rū-shināsī
روشنان	roshanān
روشنائی	roshanā’ī
روشنچراغ	roshan-chirāg̱ẖ
روشندان	raushandān
روشنک	roshank
روشنگر	roshangar
روشنی	roshani
روشنیگاه	roshanī-gāh
روشیدن	roshīdan
روض	rauẓ
روضات	rauẓāt
روضة	rauẓat
روط	raut̤
روع	rau‘
ووعة	rau‘at
روغ	raug̱ẖ
روغ	rūg̱ẖ
روغن	raug̱ẖan
روغناس	rog̱ẖnās
روغندان	raug̱ẖandān
روغنگر	raug̱ẖangar
روغنی	raug̱ẖanī
روغنین	raug̱ẖanīn
روغنینه	raug̱ẖanīna
روف	rauf
روف	rūf
روفس	rūfis
روفانیدن	rūfānīdan
روفتن	rūftan
روفراخ	rū-farāḵẖ
روق	rauq
روکاز	rūkāz
روکش	raukash
روم	raum
رومالی	rūmālī
رومان	rūmān
رومانی	rūmānī
رومائی	rūmā’ī
رومنا	romnā
رومه	roma
رومی	rūmī
رومیان	rūmiyān
رومیانه	ramiyana
رومینا	rūmīnā
رومیه	rūmiya
رون	raun
رون	rūn
روناس	ronās
رونجو	rawanjo
روند	riwand
روندگان	rawandagān
روندگی	rawandagī
رونده	rūnda
روندی	riwandī
رونق	raunaq
رونما	rū-namā
رونی	ronī
رونیاس	roniyās
رووس	ru’ūs
رووف	ra’ūf
روه	rūh
روهبان	rūhbān
روهن	rohan
روهنده	rūhanda
روهنی	rohinī
روی	rawī
رویا	royā
رویاروی	rūy-ā-rūy
رویانیدن	royānīdan
رویة	ru’yat
رویدن	rawīdan
رویز	rawīz
رویش	rūyash
رویشند	rawīshand
رویمال	rūy-māl
رویناز	roy-nāz
روین	royan
روینده	royanda
روینگ	royang
رویوانه	rūywāna
رویه	rawiya
روئیدگی	ro’īdagī
روئیدن	ro’īdan
روئیدنگاه	ro’īdan-gāh
روئیده	ro’īdanī
روئیل	ro’īda
رویین	rū’īl
رویینه	royīna
ره	rah
رها	rahā
رهاء	rahā’
رهاد	rahād
رهادن	rahādan
رهاط	rihāt̤
رهام	rahām
رهام	ruhām
رهان	rihān
رهاندن	rahāndan
رهاو	rahāv
رهایش	rahāyish
رهائی	rahā’ī
رهب	rahb
رهبان	rahbān
رهبان	ruhbān
رهبة	rahbat
رهبر	rah-bar
رهبری	rah-barī
رهدار	rah-dār
رهرو	rah-rav
رهروان	rah-rawān
رهز	rahz
رهزن	rah-zan
رهزنی	rah-zanī
رهس	rahs
رهشه	rahsha
رهشی	rahshī
رهص	rahṣ
رهط	raht̤
رهف	rahf
رهق	rahaq
رهگذار	rah-guẕār
دهگذر	rah-guẕar
دهگذری	rah-guẕarī
رهل	rahal
رهن	rahn
رهنامج	rahnāmaj
رهنما	rah-namā
رهنمای	rah-namāy
رهنمائی	rah-namā’ī
رهنمون	rah-namūn
رهنمونی	rah-namūnī
رهو	rahw
رهو	ruhū
رهوار	rahwār
رهواری	rahwārī
رهوة	rahwat
رهور	rahwar
رهون	ruhūn
رهی	rahī
رهیاب	rah-yāb
رهیدن	rahīdan
رهیده	rahīda
رهین	rahīn
رهینة	rahīnat
ری	ray
ری	raiy
ریاء	riyā’
ریاب	raiyāb
رئات	ri’āt
ریاح	rayāḥ
ریاحین	riyāḥīn
ریاض	riyāẓ
ریاضات	riyāẓāt
ریاضة	riyāẓat
ریاضتی	riyāẓatī
ریاضی	riyāẓī
ریافة	riyāfat
ریاکار	riyā-kār
ریان	raiyān
ریائی	riyā’ī
ریب	raib
ریباج	rībāj
ریباس	rebās
رئبال	ri’bāl
ریبة	rībat
ریبد	raibad
رئة	ri’at
ریت	rait
ریتانج	rītānaj
ریته	rīta
ریتیانج	rītiyānaj
ریث	rais̤
ریچار	rīchār
ریح	rīḥ
ریحان	raiḥān
ریحانة	raiḥānat
ریحانی	rīḥānī
ریحة	rīḥat
ریحی	rīḥī
ریخ	raiḵẖ
ریخ	rīḵẖ
ریخبین	reḵẖbīn
ریختگی	reḵẖtagī
ریختم	rīḵẖtim
ریختن	reḵẖtan
ریختنی	reḵẖtanī
ریخته	reḵẖta
ریخر	reḵẖar
ریخن	rīḵẖin
ریخیز	rīḵẖīz
ریدکان	rīdakān
ریدن	rīdan
ریده	rīda
ریدیدن	rīdīdan
ریز	rez
ریزا	rezā
ریزاب	rezāb
ریزان	rezān
ریزاندن	rezāndan
ریزش	rezish
ریزفین	rīzfīn
ریزگی	rezagī
ریزمریز	rez-ma-rez
ریزن	rīzan
ریزناک	reznāk
ریزندگی	rezandagī
ریزور	rezwar
ریزه	reza
ریزی	rezī
ریزیدن	rezīdan
ریزیده	rezīda
ریزین	rezīn
ریزک	rīzhak
ریس	rais
ریسا	resā
ریسانیدن	resānīdan
ریسمانی	resmānī
ریسنده	resanda
ریسی	resī
ریس	raish
ریش	resh
ریشائیل	rīshā’īl
ریشة	rīshat
ریشتاب	rīsh-tāb
ریشتن	rīshtan
ریشتة	rīshta
ریشچه	rīshcha
ریشخند	rīsh-ḵẖand
ریشخندی	rīsh-ḵẖandī
ریشمال	rīsh-māl
ریشمالی	rīsh-mālī
ریشمان	rīshmān
ریشمی	rīshmī
ریشناک	reshnāk
ریشو	rīshū
ریشه	rīsha
ریشیدن	rīshīdan
ریشیده	rīshīda
ریضان	rīẓān
ریط	rait̤
ریطة	rait̤at
ریع	rai‘
ریعان	rai‘ān
ریغ	rīg̱ẖ
ریغال	rīg̱ẖāl
ریغل	rīg̱ẖal
ریف	raif
ریق	raiq
ریقو	rīqū
ریقة	rīqat
ریک	rīk
ریکا	rekā
ریکاسه	rekāsa
ریکن	rīkan
ریگ	reg
ریگدان	regdān
ریگزار	regzār
ریگماهی	reg-māhī
ریگن	rīgan
ریگناک	regnāk
ریلو	rīlū
ریم	raim
ریم	rīm
ریما	rīmā
ریماز	rīmāz
ریمز	rīmaz
ریمسعت	rīmas‘at
ریمن	raiman
ریمناک	rīmnāk
ریمناکی	rīmnākī
ریمنی	rīminī
ریمه	rīma
ریمیز	rīmīz
رین	rain
رینة	rainat
ریو	rev
ریوا	rewā
ریواج	rewāj
ریواز	rīwāz
ریواس	rewās
ریوتیز	revnīz
ریوجام	rīvjām
ریود	rīwad
ریوق	raiyūq
ریون	raiwan
رئون	ri’ūn
ریونج	rīwanj
ریونجو	rewanjū
ریوند	rīwand
ریونیز	revnīz
ریوه	rīwa
ریویدن	rīwīdan
ریویج	rīwīj
ریویز	rīwīz
ریه	raih
ریه	rīh
ریهانیدن	rīhānīdan
ریهه	rīha
ریهیدن	rīhīdan
ریهیده	rīhīda
رئیس	ra’īs
ز	z
زا	zā
زاب	zāb
زابا	zābā
زابغر	zābg̱ẖur
زابلستان	zābulistān
زابیدن	zābīdan
زاج	rāj
زاجر	zājir
زاجرات	zājirāt
زاجل	zājil
زاجور	zājūr
زاجه	zāja
زاجی	zājī
زاحف	zāḥif
زاخر	zāḵẖir
زاخف	zāḵẖif
زاخل	zāḵẖil
زاد	zād
زاد	za’d
زادگی	zādagī
زادن	zādan
زادوس	zādūs
زاده	zāda
زار	zār
زاراغنگ	zārāg̱ẖang
زارتشت	zārtusht
زارج	zārij
زاردشت	zārdusht
زارزار	zār-zār
زارع	zāri‘
زاره	zāra
زاری	zārī
زاریانه	zāriyāna
زاریدن	zārīdan
زازال	zāzāl
زاژ	zāzh
زاست	zāst
زاستر	zāstar
زاستن	zāstan
زاغ	zāg̱ẖ
زاغج	zāg̱ẖij
زاغچند	zāg̱ẖchand
زاغچه	zāg̱ẖcha
زاغنول	zāg̱ẖ-nol
زاغوک	zāg̱ẖūk
زاغونه	zāg̱ẖūna
زاغیچه	zāg̱ẖīcha
زافره	zāfira
زافه	zāfa
زاق	zāq
زاقدان	zāqdān
زاکان	za’akān
زاکون	zākon
زاکی	zākī
زاگ	zāg
زاگاب	zāg-āb
زال	zāl
زالو	zālū
زالوک	zālūk
زام	zām
زامج	zā’maj
زامر	zāmir
زامهران	zāmahrān
زامیاد	zāmyād
زامیج	zāmīj
زامیم	zāmīm
زامین	zāmīn
زامیناد	zāmīnād
زان	zān
زانت	zānt
زانسوتر	zān-sū-tar
زانگه	zān-gah
زانما	zān-mā
زانو	zānū
زانه	zāna
زانی	zānī
زانیه	zāniya
زانیج	zānīj
زاو	zāv
زاوج	zāwuj
زاودش	zāvdush
زاور	zāwar
زاورس	zāwars
زاوش	zāwush
زاول	zāwul
زاولانه	zāvlāna
زاولستان	zāwulistān
زاووش	zāwūsh
زاوه	zāwa
زاویل	zāwīl
زاهد	zāhid
زاهدانه	zāhidāna
زاهدی	zāhidī
زاهر	zāhir
زاهری	zahirī
زاهق	zāhiq
زای	zāy
زایچه	zāycha
زائد	zā’id
زایدر	zīdar
زایدن	zāydan
زائر	zā’ir
زایش	zāyish
زائغ	zā’ig̱ẖ
زائف	zā’if
زایگر	zāygar
زائل	zā’il
زاینده	zāyanda
زائیدگی	zā’īdagī
زائیدن	zā’īdan
زائیده	zā’īda
زب	zubb
زباء	zabbā’
زباب	zabāb
زبات	zabāt
زباد	zabād
زباد	zi-bād
زبان	zubān
زبانخواه	zabān-ḵẖẉāh
زباندان	zabān-dān
زباندراز	zabān-darāz
زبانزد	zabān-zad
زبانگر	zabāngar
زبانگنجشک	zabān-gunjishk
زبانگیر	zabān-gīr
زبانی	zabānī
زبانیان	zubāniyāni
زبب	zabab
زبد	zabd
زبدی	zubdī
زبر	zabr
زبر	zabar
زبرة	zubrat
زبرج	zibrij
زبرجد	zabarjad
زبرجدی	zabarjadī
زبردست	zabar-dast
زیردستی	zabar-dastī
زبرقان	zibriqān
زبرم	zibarm
زبره	zubara
زبری	zabarī
زبریدن	zabarīdan
زبرین	zabarīn
زبطانه	zabt̤āna
زبعریٰ	ziba‘rá
زبغر	zabg̱ẖur
زبق	zabq
زبل	zabl
زبلدان	zibldān
زبلوق	zablūq
زبن	zabun
زبن	zabn
زبنیة	zibniyat
زبوجه	zabūja
زبور	zabūr
زبوز	zabūz
زبون	zabūn
زبونکش	zabūn-kush
زبونی	zabūnī
زبهر	zi-bahr
زبهیده	zabhīda
زبیٰ	zubá
زبیب	zabīb
زبید	zabīd
زبیر	zabīr
زبیر	zibīr
زبیل	zabīl
زپ	zap
زپر	zipar
زپره	zapara
زپس	zi-pas
زت	zat
زج	zaj
زج	zajj
زجاج	zijāj
زجاجة	zujājat
زجاجی	zujājī
زجال	zajāl
زجای	zi-jāy
زجرة	zajrat
زجل	zajl
زجلة	zujlat
زجمول	zajmūl
زجن	zajn
زجه	zaja
زچگی	zachagī
زح	zaḥḥ
زحار	zuḥār
زحاف	ziḥāf
زحام	ziḥām
زجر	zaḥr
زحزحة	zaḥzaḥat
زحف	zaḥf
زحک	zaḥk
زحل	zaḥl
زحلوفة	zuḥlūfat
زحم	zaḥm
زحمة	zaḥmat
زحمتی	zaḥmatī
زحول	zuḥūl
زحیر	zaḥīr
زخ	zaḵẖ
زخ	zaḵẖḵẖ
زخار	ziḵẖār
زخارف	zaḵẖārif
زخاره	zaḵẖāra
زخر	zaḵẖr
زخرف	zuḵẖruf
زخرفة	zaḵẖrafat
زخزه	zaḵẖra
زخف	zaḵẖf
زخم	zaḵẖm
زخمدار	zaḵẖm-dār
زخمرس	zaḵẖm-ras
زخمکاری	zaḵẖm-kārī
زخمناک	zaḵẖmnāk
زخمه	zaḵẖma
زخمی	zaḵẖmī
زخناره	zaḵẖnāra
زخود	zi-ḵẖẉud
زخون	zaḵẖūn
زخیخ	zaḵẖīḵẖ
زد	zad
زدا	zidā
زدانیدن	zadānīdan
زدای	zidāy
زدایانیدن	zidāyānīdan
زداینده	zidāyanda
زداییدن	zidāyīdan
زدر	zadar
زدگی	zadagī
زدن	zadan
زدنی	zadanī
زدوار	zadwār
زدودن	zidūdan
زدودن	zidūda
زدونتن	zadūnitan
زده	zada
زر	zar
زر	zarr
زراب	zarāb
زرابی	zarābīy
زراتشت	zarātusht
زراج	zarāj
زراچه	zarācha
زراد	zirād
زرادشت	zarādusht
زراری	zarārī
زراسب	zarasb
زراسگ	zarāsag
زراع	zarrā‘
زراعة	zirā‘at
زراغش	zarāg̱ẖash
زراغن	zarāg̱ẖan
زرافیٰ	zurāfá
زرافین	zurāfīn
زراق	zarrāq
زراقانه	zarrāqāna
زراقی	zarrāqī
زراک	zarāk
زراوشان	zirāwishān
زراوند	zarāwand
زراوه	zarāwa
زراه	zarāh
زرایو	zarev
زربافی	zarbāfī
زربان	zarbān
زربدست	zar-ba-dast
زربق	zarbaq
زربیاو	zarbayāv
زرت	zurat
زرتشت	zartusht
زرتگ	zartag
زرجامی	zarjāmī
زرجول	zarjūl
زرج	zarich
زرچول	zarchūl
زرد	zard
زرداب	zardāb
زردآبریز	zardāb-rez
زردالو	zard-ālū
زردان	zardān
زردانیه	zardāniya
زرداهنگ	zardāhang
زردجت	zardajt
زردست	zardust
زردشت	zardusht
زردک	zardak
زردگی	zardagī
زردم	zardam
زردمن	zardaman
زرده	zarda
زردهشت	zarduhsht
زردی	zardī
زرزر	zurzur
زرزوره	zarzūra
زرزوری	zarzūrīa
زرسان	zarsān
زرسپ	zarasp
زرشک	zirishk
زرع	zar‘
زرعة	zur‘at
زرغنج	zarg̱ẖunj
زرف	zarf
زرفان	zarfān
زرفین	zurfīn
زرق	zarq
زرقاء	zarqā‘
زرقم	zurqum
زرقوری	zarqūrī
زرقون	zarqūn
زرک	zarak
زرگار	zargār
زرگری	zargarī
زرگنج	zargunj
زرم	zarm
زرمان	zarmān
زرنا	zurnā
زرناپا	zurnāpā
زرنب	zarnab
زرنبا	zuruṃbā
زرنبلج	zaraṃbulj
زرنج	zaranj
زرند	zarand
زرنشان	zar-nishān
زرنک	zarank
زرنگ	zarang
زرنگار	zar-nigār
زرنه	zarna
زرنی	zarnī
زرنیلج	zarnīlaj
زرنیله	zar-nīla
زرو	zarū
زرواس	zarwās
زروان	zarwān
زرود	zarūd
زرور	zurūr
زروع	zurū‘
زروک	zarūk
زروین	zarwīn
زرهانتن	zarhānitan
زرهون	zarhūn
زری	zarī
زریتونتن	zarītūnitan
زریر	zarīr
زریرا	zarīrā
زریره	zarīra
زریع	zirrī‘
زریقان	zarīqān
زریقی	zuraiqīy
زریک	zirīk
زرینه	zarrīna
زریو	zarīv
زریوند	zarewand
زریوه	zarīwa
زژه	zazha
زست	zust
زستن	zistan
زش	zash
زشار	zishār
زشت	zasht
زشتار	zishtār
زشتن	zushtan
زشتی	zishtī
زشتیاد	zisht-yād
زعاف	zu‘āf
زعاق	zu‘āq
زعامت	zi‘āmat
زعب	za‘b
زعر	za‘r
زعرور	zu‘rūr
رعزاع	za‘zā‘
زعزاعة	za‘zā‘at
زعزع	za‘za‘
زعف	za‘f
زعزف	za‘zaf
زعفران	za‘farān
زعفرانی	za‘farānī
زعفری	za‘farī
زعفوق	zu‘fūq
زعق	za‘q
زعل	za‘al
زعوم	za‘ūm
زعیر	za‘īr
زغ	zag̱ẖ
زغار	zag̱ẖār
زغارچه	zag̱ẖārcha
زغارغس	zag̱ẖār-g̱ẖas
زغارکرم	zag̱ẖār-kirm
زغاره	zag̱ẖāra
زغاریت	zag̱ẖārīt
زغاریدن	zag̱ẖārīdan
زغازه	zag̱ẖāza
زغاس	zag̱ẖās
زغاک	zag̱ẖāk
زغال	zug̱ẖāl
زغاو	zag̱ẖāv
زغب	zag̱ẖab
زغبار	zug̱ẖbār
زغبر	zag̱ẖbar
زغد	zag̱ẖd
زغده	zag̱ẖda
زغر	zag̱ẖr
زغر	zag̱ẖar
زغراش	zag̱ẖrāsh
زغره	zag̱ẖara
زغزغ	zug̱ẖzug̱ẖ
زغزغه	zag̱ẖzag̱ẖa
زغگک	zag̱ẖagak
زغل	zag̱ẖl
زغم	zug̱ẖam
زغن	zag̱ẖan
زغنار	zug̱ẖnār
زغند	zag̱ẖand
زغنگ	zag̱ẖang
زغنگانیدن	zag̱ẖangānīdan
زغنگیدن	zag̱ẖangīdan
زغوته	zag̱ẖūta
زغونه	zag̱ẖūna
زغید	zag̱ẖīd
زغیده	zag̱ẖīda
زغیر	zag̱ẖīr
زف	zaff
زفاف	zifāf
زفاک	zafāk
زفانه	zafāna
زفت	zaft
زقتی	zaftī
زفتی	ziftī
زفر	zafr
زفرافیدن	zafrāfīdan
زفرفیدن	zafrafīdan
زفرین	zufrīn
زفف	zafaf
زفلج	zaflaj
زفن	zafn
زفنی	zifnī
زفو	zufū
زفوف	zafūf
زفیر	zafīr
زفونیا	zafūniyā
زفیزف	zafīzaf
زفیف	zafīf
زق	zaqq
زقاق	zaqāq
زقان	zuqqān
زقب	zaqb
زقة	zuqqat
زقم	zaqm
زقوم	zaqqūm
زقه	zaqqa
زک	zak
زک	zakk
زکاء	zakā’
زکاب	zukāb
زکاة	zakāt
زکار	zakār
زکاره	zakāra
زکاسه	zukāsa
زکام	zukām
زکاوة	zakāwat
زکت	zakt
زکر	zakr
زکری	zakarī
زکش	zakish
زکن	zakan
زکند	zukand
زکوٰة	zakāt
زکور	zakūr
زکی	zakī
زکیا	zakiyā
زکید	zakīd
زکیک	zakīk
زگال	zugāl
زگالاب	zugāl-āb
زگیل	zagīl
زل	zall
زلابیه	zalābiya
زلازل	zalāzil
زلال	zulāl
زلة	zallat
زلج	zalj
زلج	zalaj
زلح	zalḥ
زلحلح	zalaḥlaḥ
زلحلحة	zalaḥlaḥat
زلحم	zulḥam
زلخ	zalḵẖ
زلزال	zalzāl
زلزلة	zalzalat
زلط	zalt̤
زلع	zal‘a
زلف	zulf
زلفة	zulfat
زلفنجانه	zulfinjāna
زلفه	zalfa
زلفیٰ	zulfá
زلفی	zulfī
زلفیدن	zalfīdan
زلفین	zulfīn
زلق	zalq
زلک	zalak
زلگ	zalug
زلل	zalal
زلم	zalm
زلو	zalū
زلوع	zulū‘
زلوک	zalūk
زلول	zalūl
زله	zalla
زلها	zallahā
زلیبیا	zalībiyā
زلی	zilī
زلیخا	zulaiḵẖā
زلیف	zalīf
زلیفی	zalīfī
زلیل	zalīl
زم	zam
زم	zamm
زما	zi-mā
زمار	zimār
زمارة	zimārat
زمام	zimām
زمان	zamān
زمانة	zamānat
زمانه	zamāna
زمانی	zamānī
زمانیان	zamāniyān
زمانئذ	zamāna’izin
زمانیکه	zamāne-ki
زماهن	zam-āhan
زمپود	zampūd
زمترا	zamatrā
زمج	zamj
زمجی	zimjī
زمجیٰ	zimijjá
زمچ	zamch
زمچک	zamchak
زمچی	zamchī
زمچیکور	zamchīkūr
زمح	zummaḥ
زمحن	zimaḥn
زمخ	zamḵẖ
زمخشر	zamaḵẖshar
زمخشری	zamaḵẖsharī
زمر	zamr
زمرة	zumrat
زمرد	zumurrud
زمردی	zumurradī
زمرذ	zumurruẕ
زمرونتن	zamrūnitan
زمزم	zamzam
زمزمی	zamzamī
زمزمیدن	zamzamīdan
زمستان	zamistān
زمستانی	zamistānī
زمع	zam‘a
زمق	zamq
زمکی	zimkī
زمل	zaml
زملج	zumulj
زمم	zamam
زمن	zaman
زمنج	zamnaj
زمودن	zamūdan
زموده	zamūda
زموم	zamūm
زمون	zamūn
زمونی	zamūnī
زمه	zama
زمهریر	zamharīr
زمهریری	zamharīrī
زمی	zamī
زمیدار	zamī-dār
زمیدن	zamīdan
زمیر	zamīr
زمیع	zamī‘
زمیل	zamīl
زمین	zamīn
زمیناد	zamīnād
زمیندار	zamīndar
زمینداری	zamīn-dārī
زمینکارانه	zamīn-kārāna
زمینی	zamīnī
زن	zan
زن	zann
زنا	zanā
زناء	zanā’
زناء	zannā
زنابیر	zanābīr
زنابیل	zanābīl
زناة	zunāt
زناته	zanāta
زناتی	zanātī
زناج	zunnāj
زنادیق	zanādīq
زنار	zunnār
زناری	zunnārī
زناق	zināq
زناکاری	zinā-kārī
زنان	zanān
زنانه	zanāna
زنانی	zanānī
زنانیدن	zanānīdan
زنانیر	zanānīr
زناوی	zināwī
زنایانیدن	zināyānīdan
زنباره	zaṃ-bāra
زنبان	zaṃbān
زنبد	zaṃbad
زنبر	zaṃbar
زنبرک	zaṃburak
زنبری	zambarī
زنبغل	zuṃbug̱ẖul
زنبق	zaṃbaq
زنبل	zaṃbal
زنبور	zaṃbūr
زنبورچی	zaṃbūrchī
زنبورک	zaṃbūrak
زنبوره	zaṃbūra
زنبوری	zaṃbūrī
زنبوک	zaṃbūk
زنبه	zaṃba
زنبیر	zaṃbīr
زنبیله	zambīla
زنپاره	zaṃ-pāra
زنپان	zuṃpān
زنج	zanj
زنجاب	zinjāb
زنجابی	zinjābī
زنجار	zinjār
زنجبیل	zanjabīl
زنجرف	zinjarf
زنجره	zanjara
زنجستان	zanjistān
زنجف	zinjaf
زنجفر	zinjafr
زنجه	zanja
زنجی	zanjī
زنجیر	zinjīr
زنجیرک	zanjīrak
زنجیره	zanjīra
زنجیری	zanjīrī
زنچک	zanchak
زنچه	zancha
زنخ	zanḵẖ
زنخ	zanaḵẖ
زنخدان	zanaḵẖdān
زنخک	zunuḵẖk
زند	zand
زندان	zindān
زندانبان	zindānbān
زندانجی	zindānjī
زندانی	zindānī
زندبار	zandbār
زندبیل	zandabīl
زندران	zandrān
زندستا	zandastā
زندش	zandish
زندفیل	zandafīl
زندگان	zindagān
زندگانی	zindagānī
زندگی	zindagī
زندنیچی	zandanīchī
زندوستا	zand-wastā
زندوست	zan-dost
زندوستی	zan-dostī
زندوندید	zandwandīd
زنده	zanda
زندی	zandī
زندیدن	zinadīdan
زندیق	zindīq
زندیقی	zindīqī
زندیک	zandīq
زنسان	zinsān
زنشت	zinisht
زنشوی	zan-shūy
زنق	zanq
زنقه	zanaqa
زنک	zanak
زنکباری	zankbārī
زنکه	zanaka
زنگ	zang
نگار	zangār
زنگاری	zangārī
زنگان	zangān
زنگانه	zangāna
زنگاهن	zangāhan
زنگبار	zangbār
زنگباری	zangbārī
زنگدان	zangdān
زنگره	zingira
زنگل	zangul
زنگلاله	zangalāla
زنگله	zangula
زنگلیچه	zangulīcha
زنگوله	zangūla
زنگوی	zangoy
زنگه	zangah
زنگی	zangī
زنگیار	zangyār
زنمتان	zanamtān
زنمرده	zan-marda
زنند	zanand
زننده	zananda
زنو	zanū
زنوبیدن	zanūbīdan
زنور	zanūr
زنویدن	zanawīdan
زنویه	zanoya
زنهار	zinhār
زنهاردار	zinhār-dār
زنهاری	zinhārī
زنهاریدن	zinhārīdan
زنی	zanī
زنیان	zinyān
زنیر	zanīr
زنیق	zanīq
زنیله	zanīla
زنیم	zanīm
زو	zav
زوا	zuwā
زواجر	zawājir
زواخر	zawāḵẖir
زواد	zawād
زوار	zawār
زواره	zawāra
زواریدن	zuwārīdan
زواس	zawās
زواش	zawāsh
زواغار	zawāg̱ẖār
زوال	zawāl
زوال	zuwāl
زواله	zawāla
زوان	zawān
زوانش	zuwānisḥ
زوانه	zawāna
زوانی	zawānī
زواو	zuwāv
زواووق	zawāwūq
زواه	ziwāh
زواهر	zawāhir
زوایا	zawāya’
زوائد	zawā’id
زوائل	zawā’il
زوبا	zūbā
زوباشی	zūbāshī
زوباغ	zūbāg̱ẖ
زوبعة	zauba‘at
زوبیوه	zūbiwa
زوپه	zūpa
زوپین	zūpīn
زوت	zot
زوتر	zūtar
زوج	zauj
زوجات	zaujāt
زوجی	zaujī
زوجین	zaujain
زوخ	zūḵẖ
زود	zaud
زود	zūd
زودا	zūdā
زودازود	zūd-ā-zūd
زودتر	zūd-tar
زودگی	zūdagī
زودی	zūdī
زور	zaur
زوراء	zaurā’
زورانه	zaurāna
زورانیدن	zorānīdan
زورة	zaurat
زوردین	zawardīn
زورفین	zūrfīn
زورق	zauraq
زورقی	zauraqī
زورمند	zormand
زورمندی	zormandī
زورمیدن	zormīdan
زورناک	zornāk
زورنیم	zawarnīm
زوروین	zawarwīn
زوره	zaura
زوری	zorī
زوریدن	zorīdan
زورین	zawarīn
زوز	zūz
زوزک	zauzak
زوزن	zozan
زوزنی	zozanī
زوزه	zūza
زوژ	zūzh
زوش	zosh
زوشیدن	zūshīdan
زوع	zau‘
زوغ	zaug̱ẖ
زوغ	zog̱ẖ
زوغار	zūg̱ẖār
زوغال	zūg̱ẖāl
زوف	zauf
زوفا	zūfā
زوفرا	zūfarā
زوفرین	zūfrīn
زوفیٰ	zūfá
زوک	zauk
زول	zaul
زول	zūl
زولابی	zūlābī
زولانه	zaulāna
زولفین	zūlfīn
زوله	zūla
زون	zūn
زونزک	zawanzak
زونگ	zawang
زونگل	zawangal
زونی	zūnī
زوهیدن	zūhīdan
زویج	zawīj
زویدن	zawīdan
زویره	zawīra
زه	za
زهابناک	zahābnāk
زهاد	zuhhād
زهادة	zahādat
زهار	zahār
زهاز	zahāz
زهازه	zih-ā-zih
زهانیدن	zahānīdan
زهد	zahd
زهر	zahr
زهرا	zahrā
زهراء	zahrā
زهراب	zahr-āb
زهرابه	zahrāba
زهرابی	zahrābī
زهراگین	zahr-āgīn
زهرامیز	zahr-āmez
زهراوان	zahrāwān
زهراوی	zahrāwī
زهربا	zahr-bā
زهرباد	zahr-bād
زهرناک	zahrnāk
زهره	zahra
زهری	zahrī
زهزاد	zih-zād
زهش	zahish
زهشت	zihisht
زهف	zahaf
زهق	zahq
زهک	zahk
زهکرنی	zih-kūnī
زهلخا	zih-laḵẖā
زهم	zahm
زهمت	zihmat
زهمن	zahman
زهن	zahan
زهنجه	zihanja
زهو	zahw
زهو	zahū
زهور	zuhūr
زهوف	zuhūf
زهوق	zahūq
زهید	zahīd
زهیدن	zahīdan
زهیر	zahīr
زهیراب	zahīrāb
زی	zay
زیاد	ziyād
زیادتی	ziyādatī
زیادة	ziyārat
زیارتی	ziyāratī
زیافت	ziyāfat
زیان	ziyān
زیاندار	ziyān-dār
زیاندن	ziyāndan
زیاندیده	zīyān-dīda
زیانکار	ziyān-kār
زیانکاری	ziyān-kārī
زیانی	ziyānī
زیانیدن	ziyānīdan
زیبا	zībā
زیبارو	zībā-rū
زیبال	zībāl
زیبان	zībān
زیبایش	zībāyish
زیبائی	zībā’ī
زیبد	zībad
زیبر	zībur
زیبق	zībaq
زیبقی	zībaqī
زیبندگی	zībandagī
زیبنده	zībanda
زیبود	zībūd
زیبون	zībūn
زیبیدن	zībīdan
زیت	zait
زیتار	zaitār
زیتون	zaitūn
زیتونة	zaitūnat
زیتونی	zaitūnī
زیج	zīj
زیجک	zījak
زیچ	zīch
زیح	zaiḥ
زیخ	zaiḵẖ
زیخ	zīḵẖ
زید	zaid
زیدک	zīdak
زیرا	zīrā
زیرافگن	zīr-afgan
زیراک	zīrāk
زیرانیدن	zīrānīdan
زیرباد	zīrbād
زیربار	zer-bār
زیرتر	zīrtar
زیررکابی	zīr-rikābī
زیرفان	zīrfān
زیرفون	zīrfūn
زیرفین	zīrfīn
زیرقان	zīrqān
زیرک	zīrak
زیرکی	zīrakī
زیره	zīra
زیریدن	zīrīdan
زیرین	zīrīn
زیرییان	zīrīyān
زیز	zīz
زیزک	zīzak
زیزی	zīzī
زیژ	zīzh
زیس	zīs
زیست	zīst
زیستن	zīstan
زیش	zīsh
زیغ	zaig̱ẖ
زیغ	zīg̱ẖ
زیغال	zīg̱ẖāl
زیغن	zīg̱ẖan
زیف	zaif
زیف	zīf
زیفن	zīfan
زیفنون	zīfnūn
زیق	zīq
زیکا	zekā
زیکاسه	zīkāsa
زیگ	zīg
زیگر	zīgar
زیل	zīl
زیل	zail
زیلع	zaila‘
زیلوچه	zelūcha
زیمله	zaimula
زیمور	zīmūr
زین	zain
زینان	zīnān
زینب	zainab
زینة	zīnat
زینو	zīnū
زینه	zīna
زینهار	zīnhār
زینهاری	zīnhārī
زینیان	zīnyān
زیو	zīv
زیوار	zīwār
زیوان	zīwān
زیودن	ziyūdan
زیوری	zīwarī
زیوف	zuyūf
زیولج	zīvlaj
زیونجو	zīwanjo
زییدن	ziyīdan
زیین	zayīn
ژ	zh
ژابیژ	zhābīzh
ژاژ	zhāzh
ژاژومک	zhāzhūmak
ژاژه	zhāzha
ژاژیدن	zhāzhīdan
ژاغر	zhāg̱ẖar
ژافه	zhāfa
ژالکه	zhālka
ژاکوار	zhāg̱ẖwār
ژال	zhāl
ژاندرم	zhāndarm
ژاو	zhāv
ژاوا	zhāwā
ژاویدن	zhāwīdan
ژبون	zhubūn
ژح	zhaḥ
ژخ	zhaḵẖ
ژخار	zhiḵẖār
ژخش	zhaḵẖsh
ژد	zhad
ژدن	zhidan
ژده	zhada
ژراغن	zharāg̱ẖan
ژراغنگ	zharāg̱ẖang
ژرافه	zhurāfa
ژرد	zhard
ژرف	zharf
ژرفا	zharfā
ژرفی	zharfī
ژروار	zharwār
ژره	zhara
ژغار	zhag̱ẖār
ژغاره	zhag̱ẖāra
ژغال	zhag̱ẖāl
ژغاله	zhag̱ẖāla
ژغاو	zhag̱ẖāv
ژغژغ	zhag̱ẖzhag̱ẖ
ژغند	zhag̱ẖand
ژف	zhaf
ژفت	zhaft
ژفره	zhafra
ژفک	zhafk
ژفیدن	zhafīdan
ژفیده	zhafīda
ژکاره	zhakāra
ژکاژ	zhakāzh
ژکاسه	zhukāsa
ژکاک	zhakāk
ژکال	zhukāl
ژکس	zhakas
ژکفر	zhakfar
ژکفری	zhakfarī
ژکور	zhakūr
ژکید	zhakīd
ژگان	zhigān
ژم	zham
ژمو	zhamū
ژن	zhan
ژنبر	zhaṃbir
ژند	zhand
ژنده	zhanda
ژنکدان	zhankdān
ژنکه	zhanka
ژنگ	zhang
ژنگار	zhangār
ژنگاری	zhangārī
ژنگدان	zhangdān
ژنگله	zhangala
ژنگلیچه	zhangulīcha
ژنگه	zhanga
ژنه	zhana
ژنیان	zhinyān
ژوار	zhuwār
ژواغار	zhawāg̱ẖār
ژوبین	zhobīn
ژورا	zhūrā
ژورک	zhaurak
ژوژ	zhūzh
ژوشیدن	zhūshīdan
ژوغار	zhūg̱ẖār
ژول	zhol
ژوله	zhūla
ژولیدن	zholīdan
ژولیده	zholīda.
ژومیده	zhūmīda
ژون	zhūn
ژوهیدن	zhohīdan
ژوهیده	zhohīda
ژه	zha
ژی	zhī
ژیان	zhiyān
ژیر	zhīr
ژیره	zhīra
ژیز	zhīz
ژیژ	zhīzh
ژیغال	zhīg̱ẖāl
ژیک	zhīk
ژیگ	zhīg
ژین	zhīn
ژینان	zhīnān
ژیوه	zhīwa
سا	sā
ساٴب	sa’b
ساب	sābb
ساباط	sābāt̤
سابان	sābān
سابح	sābiḥ
سابحات	sābiḥāt
سابری	sābirī
سابزج	sābizaj
سابع	sābi‘
سابعاً	sābi‘an
سابغ	sābigh
سابغة	sābig̱ẖat
سابق	sābiq
سابقاً	sābiqan
سابوته	sābūta
سابود	sābūd
سابودانه	sābū-dāna
سابور	sābūr
سابوره	sābūra
سابوس	sābūs
سابیزج	sābīzaj
ساٴت	sa’t
سات	sāt
ساتر	sātir
ساتگین	sātgīn
ساتل	sātil
ساتور	sātūr
ساج	sāj
ساجد	sājid
ساجر	sājir
ساجع	sāji‘
ساجور	sājūr
ساچق	sāchak
ساچمه	sāchma
ساچی	sāchī
ساح	sāḥ
ساحب	saḥib
ساحة	sāḥat
ساحر	sāḥir
ساحرة	sāḥirat
ساحری	sāḥirī
ساحق	sāḥiq
ساحل	sāḥil
ساحلخانه	sāḥil-ḵẖāna
ساحی	sāḥī
ساخ	sāḵẖ
ساخت	sāḵẖt
ساختگی	sāḵẖtagī
ساختن	sāḵẖtan
ساخته	sāḵẖta
ساخر	sāḵẖir
ساخط	sāḵẖit̤
ساخلو	saḵẖlū
ساخلوئی	sāḵẖlū’ī
ساخن	sāḵẖin
ساد	sād
سادات	sādāt
ساداک	sādāk
سادة	sādat
سادج	sādaj
سادر	sādir
سادس	sādis
سادساً	sādisan
سادک	sādik
سادگی	sādagī
سادن	sādin
ساده	sāda
سادی	sādī
ساذج	sāẕaj
ساذجه	sāẕaja
سار	sār
سارا	sārā
ساران	sārān
سارب	sārib
ساربان	sārbān
ساربوغ	sārbūg̱ẖ
سارة	sārat
سارج	sāraj
سارخاله	sārḵẖāla
سارخکدار	sārḵẖak-dār
سارشک	sārashk
سارق	sāriq
سارقة	sāriqat
سارک	sārak
سارنج	sāranj
سارنگ	sārang
سارو	sāro
ساروان	sārwān
ساروج	sārūj
ساروچه	sārūcha
ساروک	sāroq
سارونه	sārūna
ساره	sāra
ساری	sārī
ساریان	sāriyān
ساریة	sāriyat
ساریخ	sārīḵẖ
ساز	sāz
سازاک	sāzāk
سازش	sāzish
سازق	sāzaq
سازک	sāzak
سازگری	sāz-kārī
سازگری	sāzgarī
سازمند	sāzmand
سازندگی	sāzandagī
سازنده	sāzanda
سازو	sāzū
سازوار	sāzwār
سازواری	sāzwārī
سازور	sāzwār
سازیدن	sāzīdan
سازی	sāzī
ساس	sās
ساسالیوس	sāsāliyūs
ساسان	sāsān
ساسانی	sāsānī
ساستا	sāstā
ساسر	sāsar
ساٴسم	sa’sam
ساسم	sāsim
ساسو	sāsū
ساسی	sāsī
ساسیا	sāsya
ساطر	sāt̤ir
ساطریون	sāt̤iryūn
ساطع	sāt̤i‘
ساطل	sāt̤il
ساطور	sāt̤ūr
ساعات	sā‘āt
ساعاتی	sā‘ātī
ساعة	sā‘at
ساعتک	sā‘atak
ساعته	sā‘ata
ساعتی	sā‘ate
ساعتئذ	sā‘ata’iẕ-in
ساعدً	sā‘id
ساعدة	sā‘idat
ساعور	sā‘ūr
ساعی	sā‘ī
ساغ	sāg̱ẖ
ساغر	sāg̱ẖar
ساغری	sāg̱ẖarī
ساٴف	sa’f
سافر	sāfir
سافرة	sāfirat
سافک	sāfik
سافل	sāfil
سافوت	sāfūt
سافیسک	sāfīsak
ساق	sāq
ساقدوش	sāqdūsh
ساقری	sāqrī
ساقط	sāqit̤
ساقی	sāqī
ساقیا	sāqiyā
ساقیان	sāqiyān
ساقیگر	sāqīgar
ساقیگری	sāqīgarī
ساک	sāk
ساکب	sākib
ساکت	sākit
ساکن	sākin
ساکوت	sākūt
ساکوتة	sākūtat
ساکیز	sākīz
ساگوان	sāgwān
ساگون	sāgūn
سال	sāl
سالار	sālār
سالامندرا	sālāmandirā
سالانه	sālāna
سالب	sālib
سالبر	sāl-bar
سالبیه	sālbiyah
سالخ	sāliḵẖ
سالدیده	sāl-dīda
سالخوه	sāl-ḵẖūh
سالدات	sāldāt
سالغ	sālig̱ẖ
سالف	sālif
سالفة	sālifat
سالک	sālik
سالگانی	sāligānī
سالگی	sālagī
سالم	sālim
سالماً	sāliman
سالنامه	sāl-nāma
سالنج	sālanj
سالوس	sālūs
سالوسی	sālūsī
سالوک	sālūk
ساله	sāla
سالها	sālhā
سالی	sāle
سالیان	sāliyān
سالیانه	sāliyāna
سالیانی	sāliyānī
سالیون	sālyūn
سام	sām
سام	sa’m
ساماخچه	sāmāḵẖcha
سامافچه	sāmāfcha
ساماکچه	sāmākcha
سامان	sāmān
ساٴمة	sa’mat
سامح	sāmiḥ
سامر	sāmir
سامرة	sāmirat
سامری	sāmirī
سامط	sāmit̤
سامع	sāmi‘
سامعین	sāmi‘īn
سامل	sāmil
سامن	sāmin
سامندر	sāmandar
ساموتا	sāmotā
سامور	sāmūr
ساموق	sāmūq
ساموقلو	sāmūqlū
سامه	sāma
سامی	sāmī
سامیز	sāmīz
سان	sān
سانح	sāniḥ
سانحات	sāniḥāt
ساندوس	sāndūs
سانقه	sāniqa
سانکین	sānkīn
ساننج	sānanj
ساٴو	sa’w
ساو	sāv
ساوا	sāwā
ساوان	sāwān
ساود	sāwad
ساوری	sāwarī
ساوزیدن	sāwazīdan
ساوس	sāwis
ساوند	sāwand
ساونه	sāvna
ساوو	sāwū
ساووچ	sāwūch
ساوه	sāwa
ساویدن	sāwīdan
ساویده	sāwīda
ساویز	sāwīz
ساویس	sāwīs
ساوین	sāwīn
ساهر	sāhir
ساهرة	sāhirat
ساهور	sāhūr
ساهویه	sāhūya
ساهی	sāhī
سای	sāy
سایانیدن	sāyānīdan
سایبان	sāyabān
سائبة	sā’ibat
سایبروج	sāya-brūj
سائح	sā’iḥ
سائحات	sā’iḥāt
ساید	sāyad
سائد	sā’id
سائر	sā’ir
سائرجات	sā’irajāt
سائرین	sā’irīn
سائس	sā’is
سائسخانه	sā’is-ḵẖāna
سائسی	sā’isī
سایش	sāyīsh
سائع	sā’i‘
سائف	sā’if
سائق	sā’iq
سایکی	sāikī
سایگی	sāyagī
سائل	sā’il
ساینده	sāyanda
سایوان	sāyawān
سایوس	sāyūs
سایه	sāya
سائیدن	sā’īdan
سائیده	sā’īda
سب	sabb
سبا	sab’
سباب	sibāb
سبات	subāt
سباح	sabbāḥ
سباحة	sibāḥat
سباده	subāda
سبار	sabār
سبار	sibār
سباروک	sabārūk
سباره	sabāra
سباری	sibārī
سباری	sabārī
سباریدن	sabārīdan
سباسب	sabāsib
سباط	sabāt̤
سباطة	sabāt̤at
سباع	sibā‘
سباعی	subā‘ī
سباغ	sibāg̱ẖ
سباق	sibāq
سباک	sabbāk
سباکی	sabākī
سبال	sibāl
سبایا	sabāyā
سبائک	sabā’ik
سبائل	sabā’il
سبائب	sabā’ib
سبائیه	sabā’īya
سبب	sabab
سببیة	sababīyat
سبة	sabbat
سبت	sabt
سبته	sabta
سبتی	sabtī
سبج	sabaj
سبح	sabḥ
سبحاء	subaḥā’
سبحات	subuḥāt
سبحان	subḥān
سبحانی	subḥānī
سبحة	sabḥat
سبحل	sibaḥl
سبحلة	sabḥalat
سبخ	sabḵẖ
سبخ	sibaḵẖ
سبخداب	subuḵẖdāb
سبد	sabd
سبدکر	sabadgar
سبذة	sabaẕat
سبر	sabr
سبرة	sabrat
سبروت	subrūt
سبز	sabz
سبززار	sabzzār
سبزک	sabzak
سبزگر	sabzgar
سبزنگ	sabzang
سبزوار	sabzwār
سبزه	sabza
سبزی	sabzī
سبسب	sabsab
سبسطیه	sabast̤iya
سبط	sabt̤
سبطین	sibt̤ain
سبع	sab‘
سبعون	sab‘ūn
سبعی	sabu‘ī
سبعیة	sabu‘īyat
سبغ	sabag̱ẖ
سبغانه	sabg̱ẖāna
سبفانه	sabfāna
سبق	sabq
سبقتاش	sabaq-tāsh
سبقداش	sabaq-dāsh
سبک	sabk
سبک	sabuk
سبکاد	sabkād
سبکبار	sabuk-bār
سبکتگین	sabuktigīn
سبکچه	sabukcha
سبکخرد	sabuk-ḵẖirad
سبکداد	sabuk-dād
سبکدار	sabuk-dār
سبکدارو	sabuk-dārū
سبکسر	sabuk-sar
سبکمایه	sabuk-māya
سبکمشرب	sabuk-mashrab
سبکمغز	sabuk-mag̱ẖz
سبکی	sabukī
سبل	subl
سبلان	sabalān
سبمج	sibanj
سبوچه	sabūcha
سبوح	sabūḥ
سبوره	sabūra
سبوسه	sabosa
سبوغ	subūg̱ẖ
سبه	sabah
سبی	saby
سبیب	sabīb
سبیج	sabīj
سبیخ	sabīḵẖ
سبیر	sibīr
سبیع	sabī‘
سبیل	sabīl
سبیل	sibīl
سبیوش	sibyūsh
سپا	sipā
سپار	sipār
سپارده	sipārda
سپارش	sipārish
سپارنده	sipāranda
سپاروک	sipārūk
سپاره	sapāra
سپاری	sipārī
سپاریدن	sipārīdan
سپاس	sipās
سپاسی	sipāsī
سپاسیان	sipāsiyān
سپاسیدن	sipāsīdan
سپاغ	sipāg̱ẖ
سپاناج	sipānāj
سپاوه	sipāwa
سپاهان	sipāhān
سپاهی	sipāhī
سپاهیان	sipāhiyān
سپایه	si-pāya
سپتاک	siptāk
سپتان	siptān
سپختن	supuḵẖtan
سپد	sapd
سپدگر	sapadgar
سپدی	sapadī
سپر	sipar
سپرانیدن	sipurānīdan
سپرجی	siparjī
سپردگی	sipurdagī
سپردن	sipardan
سپردنی	sipurdanī
سپرز	supurz
سپرش	siparish
سپرگه	siparga
سپرلوس	siparlos
سپرنگ	siparang
سپره	sipra
سپرهم	siparham
سپری	siparī
سپریدن	siparīdan
سپریس	sipres
سپریگ	siprīg
سپزگی	sipazgī
سپس	sapus
سپسار	sipsār
سپسایگی	sipasāyagī
سپست	sapist
سپستان	sipistān
سپستر	sipastar
سپسته	sapista
سپسین	sipasīn
سپش	sipush
سپشه	sapusha
سپغ	sapag̱ẖ
سپک	sipk
سپکاد	sipkād
سپل	sapal
سپنج	sipanj
سپنجاب	sipanjāb
سپنجی	sipanjī
سپند	sipand
سپندار	sipandār
سپندارمذ	sipandārmuẕ
سپندوز	sipandoz
سپندین	sipandīn
سپنگور	sapangūr
سپوخ	sipoḵẖ
سپوز	sipoz
سپوزگار	sipozgār
سپوزیدن	supozīdan
سپوسا	sapūsā
سپوسک	sapūsak
سپهابد	sipahā-bud
سپهبد	sipah-bud
سپهبدان	sipahbudān
سپهبره	sipah-bara
سپهداری	sipah-dārī
سپهر	sipihr
سپهرار	sipihrār
سپهرم	sipahram
سپیتاک	sipetāk
سپیخ	sapīḵẖ
سپید	saped
سپیدا	sapedā
سپیداب	sapedāb
سپیداج	sapedāj
سپیدار	sapedār
سپیدان	sipīdān
سپیدگی	sapedagī
سپیده	sapeda
سپیدی	sapedī
سپیرک	sapīrak
سپیل	sapīl
سپیوش	sipyūsh
ست	satt
ستا	satā
ستابه	sitāba
ستاخ	sitāḵẖ
ستادن	satādan
ستاده	sitāda
ستار	satār
ستار	sitār
ستارة	sitārat
ستارچه	sitārcha
ستارگان	sitāragān
ستاره	satāra
ستاشتن	sitāshtan
ستاغ	sitāg̱ẖ
ستافند	sitāfand
ستاک	sitāk
ستام	sitām
ستان	satān
ستانا	satānā
ستاندن	satāndan
ستانده	satānda
ستانند	satānand
ستانه	sitāna
ستانیدن	satānīdan
ستاویز	satāwez
ستاوین	satāwīn
ستاه	sitāh
ستای	sitāy
ستایش	sitāyish
ستایشستان	sitāyish-stān
ستاینده	sitāyanda
ستاییدن	sitāyīdan
ستبر	sitabr
ستبری	sitabrī
ستة	sittat
ستخر	sitaḵẖr
ستخسه	sitaḵẖsa
ستخوان	sutuḵẖẉān
ستخیز	satḵẖez
ستد	sitad
ستدن	sitadan
ستده	sitada
ستر	satr
ستر	satar
سترب	sitrab
سترة	sutrat
سترده	suturda
سترسائی	satarsā’ī
سترکا	satarkā
سترکش	suturkish
سترناک	suturnāk
سترنگ	satrang
ستروک	satrūk
ستزیدن	sitizīdan
ستسته	sutusta
ستک	sutk
ستل	satl
ستم	sitam
ستمکار	sitam-kār
ستمکشیده	sitam-kashīda
ستمگری	sitamgarī
ستمی	sitamī
ستمیدن	sitamīdan
ستنبر	sitaṃbar
ستنبه	sitaṃba
ستنخیز	satanḵẖez
ستو	sito
ستوا	satwā
ستوجه	satūja
ستودگی	sutūdagī
ستوده	sitūda
ستور	sutūr
ستوراب	sutūr-āb
ستوربان	sutūrbān
ستوروان	sutūrwān
ستوره	sutūra
ستوسر	satūsar
ستول	sutūl
ستوم	sitūm
ستون	sutūn
ستونه	sitūna
ستوه	sitūh
ستوهانیدن	sutūhānīdan
ستوهیدن	sutūhīdan
ستویه	sitūya
ستها	satahā
ستهنده	sitihanda
ستهی	sitihī
ستهیدن	sitihīdan
ستی	satī
ستی	sittī
ستیا	satyā
ستیخ	siteḵẖ
ستیر	satīr
ستیر	siter
ستیز	sitez
ستیزگر	sitezgar
ستیزندگی	sitezandagī
ستیزنده	sitezanda
ستیزه	siteza
ستیزیدن	sitezīdan
ستیژه	sitezha
ستیش	sitesh
ستیغ	siteg̱ẖ
ستیم	sitem
ستیوجه	sitiyūja
ستیه	sitīh
ستیهش	sitehish
ستیهدگی	sitehīdagī
ستیهیدن	sitehīdan
سج	saj
سجا	sajā
سجاج	sajāj
سجاجید	sajūjīd
سجاح	sajāḥ
سجاحة	sajāḥat
سجاد	sajjād
سجاس	sijās
سجاف	sajāf
سجاکند	sajākand
سجال	sijāl
سجام	sajām
سجان	sajjān
سجانیده	sajānīda
سجاوند	sajāwand
سجاوندی	sajāwandī
سجاهر	sajāhar
سجایا	sajāya’
سجائیدن	sajā’īdan
سجد	sajad
سجد	sujjad
سجدات	sijdāt
سجر	sajr
سجراء	sujarā’
سجس	sajas
سجستان	sijistān
سجسج	sajsaj
سجع	saj‘
سجف	sajf
سجک	sajuk
سجل	sajl
سجلاطس	sijillāt̤us
سجلماسه	sijilmāsa
سجم	sajm
سجن	sajn
سجن	sajan
سجو	sujūw
سجود	sujūd
سجور	sajūr
سجوس	sajūs
سجوف	sujūf
سجول	sujūl
سجوم	sajūm
سجون	sujūn
سجیة	sajīyat
سجیح	sajīḥ
سجیحة	sajīḥat
سجیدن	sajīdan
سجیر	sajīr
سجیس	sajīs
سجیف	sajīf
سجیل	sajīl
سجین	sajīn
سچغنه	sichug̱ẖna
سچک	sachuk
سچی	suchī
سح	saḥḥ
سحا	saḥā
سحاب	saḥāb
سحابة	saḥābat
سحاة	saḥāt
سحار	saḥḥār
سحاری	saḥḥārī
سحاف	siḥāf
سحاق	saḥḥāq
سحاقة	saḥḥāqat
سحائب	saḥā’ib
سحب	saḥb
سحبان	saḥbān
سحبانی	saḥbānī
سحت	saḥt
سحج	saḥj
سحر	saḥr
سحراً	saḥar-an
سحرة	suḥrat
سحرستان	saḥaristān
سحرگار	siḥrgār
سحرگاری	siḥrgārī
سحومند	siḥrmand
سحرور	saḥrūr
سحط	saḥt̤
سحف	saḥf
سحق	saḥq
سحل	saḥl
سحم	saḥam
سحن	saḥn
سحناء	saḥnā’
سحو	saḥw
سحور	saḥūr
سحوف	saḥūf
سحوق	saḥūq
سحی	saḥy
سحیق	saḥīq
سحیلس	saḥīlis
سخ	saḵẖ
سخ	saḵẖḵẖ
سخا	saḵẖa’
سخاخ	saḵẖāḵẖ
سخافة	saḵẖāfat
سخال	siḵẖāl
سخال	suḵẖḵẖāl
سخانة	saḵẖānat
سخاوة	saḵẖāwat
سخت	saḵẖt
سختانه	saḵẖtāna
سختگی	saḵẖtagī
سختو	suḵẖtū
سختی	saḵẖtī
سختیانچی	saḵẖtiyānchī
سخج	siḵẖaj
سخد	saḵẖd
سخرة	suḵẖrat
سخره	suḵẖra
سخریة	suḵẖrīyat
سخش	saḵẖsh
سخف	saḵẖf
سخفة	saḵẖfat
سخلات	saḵẖlāt
سخلة	saḵẖlat
سخم	saḵẖam
سخن	saḵẖn
سخنة	saḵẖnat
سخندان	suḵẖun-dān
سخنرانی	suḵẖun-rānī
سخنسرا	suḵẖun-sarā
سخنشناس	suḵẖun-shinās
سخنگذار	suḵẖun-guẕār
سخنور	suḵẖunwar
سخنوری	suḵẖunwarī
سخنه	suḵẖna
سخو	saḵẖw
سخولند	suḵẖūland
سخون	saḵẖūn
سخونة	suḵẖūnat
سخی	saḵẖī
سخیر	saḵẖīr
سخیف	saḵẖīf
سخیمة	saḵẖīmat
سخین	saḵẖīn
سخینوس	saḵẖīnūs
سد	sad
سد	sadd
سدا	sadā
سداب	sadāb
سداب	sudāb
سداج	saddāj
سداجه	sadāja
سداد	sadād
سدافه	sidāfa
سدانیه	sadāniya
سداهرا	sadāhrā
سدائل	sadā’il
سدح	sadḥ
سدد	sadad
سدر	sadr
سدر	sadar
سدس	sads
سدع	sad‘
سدف	sadaf
سدکام	sadkām
سدکس	sadkas
سدگاه	sad-gāh
سدل	sadl
سدم	sadm
سدن	sadn
سدنة	sadanat
سدو	sadw
سدوس	sadūs
سدوم	sadūm
سدوم	sudūm
سده	sada
سدی	sady
سدید	sadīd
سدیر	sadīr
سدیس	sadīs
سدیف	sadīf
سدیل	sadīl
سدیگر	sidīgar
سدین	sadīn
سذاب	saẕāb
سذابی	saẕābī
سذق	saẕaq
سر	sar
سرا	sarā
سراً	sirr-an
سرا	surā
سراب	sarāb
سرابستان	sarābistān
سرابیدن	sirābīdan
سرابیل	sarābīl
سرابیلی	sarābīlī
سراپا	sar-ā-pā
سراپاش	sarāpāsh
سراپای	sar-ā-pāy
سرات	sarāt
سراج	sirāj
سراجه	sirāja
سراجی	sirājī
سراچه	sarācha
سراد	sarād
سرادقات	surādiqāt
سرادق	surādiq
سراروی	sarārūy
سراری	sarārī
سرازیر	sar-ā-zīr
سرازیری	sar-ā-zīrī
سراسر	sar-ā-sar
سراسری	sar-ā-sarī
سراسیمگی	sarāsīmagī
سراسیمه	sarāsīma
سراط	sirāt̤
سراغ	surāg̱ẖ
سراغج	sarāg̱ẖuj
سرافیل	sarāfīl
سرافین	sarāfīn
سراق	surrāq
سراقوچ	sarāqūch
سراکاری	sarākārī
سراکوب	sarā-kob
سراگون	sarāgūn
سراگوش	sarāgosh
سرآل	sar-āl
سراماج	sarāmāj
سراماسی	sarāmāsī
سران	sarān
سرانداز	sar-andāz
سرانداه	sarāndāh
سراندیب	sarāndīb
سراٴو	sara’ū
سراوان	sarāwān
سرانه	sarāna
سراو	sara’u
سراوند	sarāwand
سراوی	sarāwī
سراویزه	sarāweza
سراویل	sarāwīl
سراویلات	sirāwīlāt
سرای	sarāy
سرایا	sarāyā
سرایان	sarāyān
سرایانیدن	sarāyānīdan
سرایة	sirāyat
سرایچه	sarāycha
سرایدار	sarāy-dār
سرائر	sarā’ir
سرایش	sarāyish
سراین	sarāyin
سراینده	sarāyanda
سرب	sarb
سرب	sarib
سربال	sirbāl
سربان	sarbān
سربر	sar-bar
سرپرده	sarparda
سرپل	sarpal
سرة	surrat
سرت	surt
سرتسر	sar-tasar
سرتو	surtū
سرتیپ	sartīp
سرج	saraj
سرج	sarj
سرجین	sirjīn
سرچنگ	sarchang
سرح	sarḥ
سرحان	sirḥān
سرحدات	sarḥadāt
سرحددار	sarḥad-dār
سرخ	surḵẖ
سرخاب	surḵẖāb
سرخابی	surḵẖābī
سرخان	sarḵẖān
سرختیره	surḵẖ-tīra
سرخجه	surḵẖija
سرخده	surḵẖida
سرخره	surḵẖira
سرخزرده	surḵẖ-zarda
سرخزه	surḵẖiza
سرخس	sarḵẖas
سرخست	sirḵẖist
سرخک	surḵẖak
سرخگان	surḵẖgān
سرخو	surḵẖū
سرخه	surḵẖa
سرخی	surḵẖī
سرخیچه	surḵẖīcha
سرخیرگی	surḵẖīragī
سرخیوس	sarḵẖiyūs
سرد	sard
سرداب	sirdāb
سردار	sar-dār
سرداوه	sardāwa
سرده	sarda
سردی	sardī
سردین	sardīn
سرر	sarar
سرس	saris
سرسر	sarsar
سرسری	sarsarī
سرسم	sirsim
سرسور	sursūr
سرش	sirash
سرشب	sharshab
سرشت	sirisht
سرشتن	sirishtan
سرشته	sirishta
سرشف	sarshaf
سرشک	sirishk
سرشکان	sirishkān
سرشکوان	sirishkwān
سرط	sarat̤
سرطان	sarat̤ān
سرعة	sur‘at
سرعةً	sur‘atan.
سرعوف	sur‘ūf
سرغچ	sarg̱ẖich
سرغزل	sar-g̱ẖazal
سرغلیان	sar-g̱ẖaliyān
سرغنه	sarg̱ẖana
سرغین	sirg̱ẖīn
سرف	sarf
سرف	surf
سرفاک	sarfāk
سرفانیدن	surfānīdan
سرفتنه	sar-fitna
سرفروش	sar-farosh
سرفوج	sarfoj
سرفه	surfa
سرفیدن	surfīdan
سرق	saraq
سرقة	saraqat
سرقواره	sarqawāra
سرقوج	surqūj
سرک	sirk
سرکا	sirkā
سرکب	sarkab
سرکردگان	sarkardagān
سرکس	sarkas
سرکن	sarkan
سرکنگبین	sirkangubīn
سرکه	sirka
سرکیجه	sarkīja
سرگل	sargal
سرگیس	sargīs
سرگین	sargīn
سرلاب	surlāb
سرلاد	sarlād
سرلوح	sar-lauḥ
سرم	sarm
سرما	sarmā
سرماسرد	sarmāsard
سرمانه	sarmāna
سرمای	sarmāy
سرمائی	sarmā’ī
سرمج	sarmaj
سرمچوب	surmachob
سرمد	sarmad
سرمداً	sarmadan
سرمدان	surmadān
سرمدی	sarmadī
سرمدیة	sarmadīyat
سرمره	sar-mara
سرمش	sarmish
سرمسق	sarmashq
سرمک	sarmak
سرموتک	sarmūtak
سرمه	sarma
سرمینیه	sarmīnīya
سرمئی	surma’ī
سرن	saran
سرنا	surnā
سرناچی	surnāchī
سرنای	surnāy
سرنج	sirinj
سرنجام	saranjām
سرند	sirind
سرنده	saranda
سرندیب	sarandīb
سرندیدن	sarandīdan
سرنعل	sar-na‘l
سرنگ	sarang
سرنگیدن	sarangīdan
سرنگیل	sirangīl
سرنوشت	sar-nuwisht
سرنی	sarnai
سرو	sarv
سروا	sarwā
سرواد	sarwād
سرواز	sarwāz
سروال	sirwāl
سرواله	surwāla
سروان	sarwān
سروب	sarob
سروب	surūb
سروة	sarwat
سروت	surot
سروج	sarūj
سروجی	sarūjī
سروچ	saroch
سرود	sarwad
سرودن	surodan
سرودی	surodī
سرور	sarwar
سرور	surūr
سرورسیدن	sarwarasīdan
سروری	sarwarī
سروز	sarwaz
سروستان	sarwistān
سروشها	sarosh-hā
سروشه	sarosha
سروشی	saroshī
سرول	sarwal
سرون	sarūn
سروی	sarūy
سرویسه	sarwesa
سره	sara
سرها	sar-hā
سرهنگ	sar-hang
سرهنگی	sarhangī
سری	sarī
سری	sary
سریان	sarayān
سریانی	suryānī
سریج	suraij
سریجی	suraijī
سریچه	sarīcha
سریخه	sarīḵẖa
سرید	sarīd
سریدن	sarīdan
سریر	sarīr
سریرة	sarīrat
سریری	sarīrī
سریس	sarīs
سریش	sirīsh
سریشم	sirīshim
سریشیدن	sarīshīdan
سریع	sarī‘
سریعاً	sarī‘-an
سریغ	sarīg̱ẖ
سریقون	sarīqūn
سریگو	sarīgo
سرین	surīn
سزا	sazā
سزاب	sazāb
سزاوار	sazāwār
سزاواری	sazāwārī
سزاور	sazāwar
سزاول	sazāwal
سزاولی	sazāwalī
سزائیدن	sazā’īdan
سزد	sazd
سزگا	sizgā
سزگی	sazgī
سزیتونتن	sazītūnitan
سزید	sazīd
سزیدن	sazīdan
سسالی	sasālī
سست	sust
سستی	sustī
سسطیعون	sast̤ī‘ūn
سسعند	sas‘and
سصد	siṣad
سطاح	sut̤t̤āḥ
سطاخینس	sat̤āḵẖīnus
سطاریون	sat̤āriyūn
سطاع	sit̤ā‘
سطام	sit̤ām
سطبر	sit̤abr
سطبری	sit̤abrī
سطبوس	sat̤būs
سطح	sat̤ḥ
سطحی	sat̤ḥī
سطر	sat̤r
سطراک	sat̤rāk
سطربیون	sat̤arbiyūn
سطرکاه	sit̤arkāh
سطرلاب	sut̤urlāb
سطرونیون	sat̤rūniyūn
سطع	sat̤‘
سطقسات	sut̤uqsāt
سطل	sat̤l
سطلک	sat̤lak
سطو	sat̤w
سطوة	sat̤wat
سطوح	sut̤ūḥ
سطور	sut̤ūr
سطوع	sut̤ū‘
سطیح	sat̤īḥ
سعاة	su‘āt
سعادة	sa‘ādat
سعادتمندی	sa‘ādatmandī
سعار	su‘ār
سعال	su‘āl
سعایة	si‘āyat
سعتر	sa‘tar
سعترباز	sa‘tar-bāz
سعد	sa‘d
سعدی	sa‘dī
سعدیا	sa‘diyā
سعدیت	sa‘dīyat
سعدین	sa‘dain
سعر	sa‘r
سعف	sa‘f
سعلاة	si‘lāt
سعله	su‘la
سعن	sa‘n
سعو	si‘w
سعود	su‘ūd
سعودة	su‘ūdat
سعی	sa‘y
سعید	sa‘īd
سعیر	sa‘īr
سعیط	sa‘īt
سغ	sag̱ẖ
سغابة	saghābat
سغانه	sag̱ẖāna
سغبر	sag̱ẖbar
سغبه	sug̱ẖba
سغبین	sag̱ẖbīn
سغد	sug̱ẖd
سغدو	sag̱ẖadū
سغده	sag̱ẖda
سغدی	sug̱ẖdī
سغدیانه	sag̱ẖdiyāna
سغر	sag̱ẖr
سغراق	sag̱ẖrāq
سغرنه	sug̱ẖarna
سغری	sag̱ẖrī
سغل	sag̱ẖal
سغلات	sag̱ẖalāt
سغود	sug̱ẖūd
سف	saf
سف	saff
سفاح	sifāḥ
سفاد	sifād
سفادیکوس	safādīkūs
سفار	sifār
سفار	sufār
سفارش	sifārish
سفاری	safārī
سفاک	saffāk
سفال	safāl
سفالة	safālat
سفالگر	sifālgar
سفالود	sifālūd
سفالونی	safālūnī
سفاله	safāla
سفالین	sifālīn
سفالینه	sifālīna
سفان	saffān
سفاناج	safānāj
سفانة	sifānat
سفانی	safānī
سفاه	safāh
سفاهة	safāhat
سفاهنهً	safāhatan
سفاهن	safāhan
سفائن	safā’in
سفت	saft
سفت	sift
سفتانیدن	suftānīdan
سفتجة	saftajat
سفتگر	suftgar
سفتن	siftan
سفته	safta
سفتین	siftīn
سفج	safj
سفح	safḥ
سفد	safad
سفر	safr
سفراء	sufarā’
سفراد	safrād
سفربر	safar-bar
سفرجل	safarjal
سفرچی	sufrachī
سفرنگ	safrang
سفرنه	safarna
سفرود	safrod
سفره	sufra
سفری	safarī
سفسار	sifsār
سفساف	safsāf
سفط	saft
سفع	saf‘
سفق	safq
سفک	safk
سفلگانه	siflagāna
سفلگی	siflagī
سفلگان	siflagān
سفلیٰ	suflá
سفلی	suflī
سفلیات	suflīyāt
سفلیدن	siflīdan
سفلیس	suflīs
سفن	safn
سفنجه	safanja
سفند	sifand
سفندارمذ	sifandārmuẕ
سفود	saffūd
سفوف	safūf
سفوفات	safūfāt
سفون	safūn
سفه	safah
سفید	safed
سفیدا	safedā
سفیدار	safedār
سفیدالچه	safedālcha
سفیدتر	safedtar
سفیدترین	safedtarīn
سفیدک	safedak
سفیدگر	safedgar
سفیدن	sufīdan
سفیدیار	sifīdyār
سفیده	safeda
سفیدی	safedī
سفیر	safīr
سفیط	safīt̤
سفیف	safīf
سفین	safīn
سفیه	safīh
سفیهی	safīhī
سقاء	siqā’
سقاچی	saqāchī
سقاة	suqāt
سقاط	saqāt̤
سقاع	siqā‘
سقاقلوس	saqāqulūs
سقال	saqqāl
سقام	saqām
سقایة	siqāyat
سقب	saqb
سقر	saqr
سقراط	suqrāt̤
سقراطیون	saqrāt̤iyūn
سقراق	saqrāq
سقز	saqiz
سقرلات	saqirlāt
سقرینوس	saqrīnūs
سقسین	saqsīn
سقط	saqt̤
سقطة	saqt̤at
سقع	saq‘
سقف	saqf
سقفی	saqfī
سقق	suquq
سقلاب	saqlāb
سقلاطا	saqlāt̤ā
سقلاطون	saqlāt̤ūn
سقلان	saqlān
سقلبی	saqlabī
سقلیس	saqlīs
سقلینون	saqlīnūn
سقن	saqan
سقنقس	saqanqus
سقوردیون	suqūrdiyūn
سقوط	saqūt
سقوطر	saqūt̤ar
سقوطره	saqūt̤ura
سقوف	suqūf
سقی	saqy
سقیا	suqyā
سقیروس	saqīrūs
سقیط	saqīt̤
سقیلا	saqīlā
سقیم	saqīm
سک	sik
سک	sakk
سکاب	sukāb
سکاچه	sukācha
سکاد	sakād
سکار	sakkār
سکارچه	sakārcha
سکارو	sakārū
سکاری	sukārī
سکاریٰ	sukārá
سکاسته	sukāsta
سکاسک	sakāsik
سکاشتن	sikāshtan
سکاشته	sukāshta
سکاف	sakkāf
سکففة	sikāfat
سکافره	sukāfara
سکاک	sukāk
سکاک	sakkāk
سکاکی	sakkākī
سکاکین	sakākīn
سکاکینی	sakkākīnī
سکال	sikāl
سکالش	sikālish
سکالو	sukālū
سکاله	sukāla
سکالیدن	sikālīdan
سکالیو	sukālyū
سکان	sakkān
سکاوند	sikāwand
سکاهن	sikāhan
سکب	sakb
سکبا	sik-bā
سکبه	sakba
سکبینج	sakbīnaj
سکت	sakt
سکة	sikkat
سکتیان	saktiyān
سکج	sakij
سکخانه	sik-ḵẖāna
سکر	sakr
سکر	sukar
سکرات	sakarāt
سکران	sakrān
سکرة	sakrat
سکرچه	sukracha
سکرفانیدن	sakarfānīdan
سکرفنده	sakarfanda
سکرفیدن	sakarfīdan
سکرکه	sukurka
سکرین	sukkarīn
سکز	sakiz
سکز	sakkiz
سکزه	sakza
سکزی	sakzī
سکزیلدیز	sakizīldīz
سکستن	sukustan
سکسک	suksuk
سکسکه	saksaka
سکسکی	suksukī
سکسنبویه	saksaṃbūya
سکع	sak‘
سکک	sakak
سکن	sakn
سکناء	sukanā
سکنات	sakanāt
سکنة	saknat
سکنج	saknaj
سکنجانیدن	sikanjānīdan
سکنجبین	sakanjabīn
سکند	sikand
سکندر	sikandar
سکندریه	sikandarīya
سکنگبین	sikangubīn
سکنه	sakana
سکنه	sikana
سکنیٰ	sukná
سکوا	sik-wā
سکوان	sakwān
سکوبا	sukūbā
سکوت	sakūt
سکوره	sukūra
سکوشاک	sukūshāk
سکون	sakūn
سکونة	sukūnat
سکوهنج	sukohanj
سکوی	sakwī
سکوینه	sakwīna
سکه	sikka
سکی	sakī
سکیت	sukait
سکیر	sikkīr
سکیرو	sikīro
سکیز	sikīz
سکیزان	sikīzān
سکیزنده	sikīzanda
سکیزه	sikīza
سکیزیدن	sikīzīdan
سکیله	sakela
سکین	sikkīn
سکینه	sikīna
سگ	sag
سگابی	sagābī
سگار	sigār
سگارچة	sagārcha
سگارو	sagārū
سگارون	sagārūn
سگاف	sigāf
سگال	sigāl
سگالش	sigālish
سگاله	sagāla
سگالیدن	sigālīdan
سگالیده	sigālīda
سگان	sagān
سگانه	sigāna
سگاوند	sagāwand
سگائی	sagā’ī
سگبان	sagbān
سگبه	sagba
سگچه	sagcha
سگدندان	sag-dandān
سگر	sagar
سگرنه	sugurna
سگز	sigz
سگزن	sagzan
سگزنه	suguzna
سگزه	sagza
سگزی	sigzī
سگزیدن	sigzīdan
سگزیستان	sigzīstān
سگسار	sagsār
سگسر	sag-sar
سگسکی	sagsakī
سگسنبویه	sagsaṃbūya
سگک	sagak
سگل	sagl
سگلاب	saglāb
سگلابیدن	saglābīdan
سگلاو	saglāv
سگلیدن	saglīdan
سگم	sagam
سگنجبین	siganjabīn
سگنجه	saganja
سگنگور	sagangūr
سگوار	sugwār
سگوشاک	sugoshāk
سگول	sugūl
سگهر	sughar
سگی	sagī
سگیله	sagīla
سل	sal
سل	sall
سلا	salā
سلاب	silāb
سلاب	sulāb
سلات	salāt
سلاجت	salājit
سلاح	silāḥ
سلاحه	salāḥa
سلاحی	silāḥī
سلاخ	sallāḵẖ
سلاخور	salāḵẖẉur
سلارس	silāras
سلاس	sulās
سلاسة	salāsat
سلاسل	salāsil
سلاطة	salāt̤at
سلاطین	salāt̤īn
سلاف	sulāf
سلاق	sulāq
سلاک	salāk
سلالم	salālim
سلام	salām
سلامان	salāmān
سلامانه	salāmāna
سلامة	salāmat
سلامتی	salāmatī
سلامی	salāmá
سلامی	salāmī
سلبوی	salbūy
سلت	salt
سلتم	siltim
سلج	salj
سلجق	saljuq
سلجم	saljam
سلجن	saljan
سلجوق	saljūq
سلجوقی	saljūqī
سلح	salḥ
سلحدار	silaḥ-dār
سلخ	salḵẖ
سلدانیون	saldānīyūn
سلدوز	saldoz
سلس	sals
سلسال	salsāl
سلسبورغ	salsbūrg̱ẖ
سلسبیل	salsabīl
سلسل	salsal
سلسلة	salsalat
سلسیس	salsīs
سلش	salish
سلط	salt̤
سلطان	sult̤ān
سلطانه	sult̤āna
سلطانی	sult̤ānī
سلطقی	salt̤aqī
سلطنة	salt̤anat
سلع	sal‘
سلغر	salg̱ẖar
سلف	salf
سلف	sulf
سلفانیدن	sulfānīdan
سلفة	silfat
سلفور	sulfaur
سلفه	sulfa
سلفیدن	sulfīdan
سلق	salq
سلقور	sulqaur
سلقیس	salqīs
سلک	salk
سلکک	silkak
سلم	salm
سلماس	salamās
سلمان	salmān
سلمک	salmak
سلمه	salma
سلمیٰ	salmá
سلمیه	salamīya
سلنج	silunj
سلواة	salwāt
سلوان	salwān
سلوب	salūb
سلور	sillūr
سلوغ	sulūg̱ẖ
سلوق	salūq
سلوک	sulūk
سلول	salūl
سلویٰ	salwá
سله	salla
سلیب	salīb
سلیح	saleh
سلیس	salīs
سلیسون	salīsūn
سلیسی	salīsī
سلیش	salīsh
سلیط	salīt̤
سلیطه	salīt̤a
سلیق	salīq
سلیقون	salīqūn
سلیقه	salīqa
سلیقگی	salīqagī
سلیک	salīk
سلیک	sulaik
سلیل	salīl
سلیم	salīm
سلیمان	sulaimān
سلیمانی	sulaimānī
سلیمی	salīmī
سلینون	salīnūn
سم	sum
سم	samm
سماء	samā’
سمات	simāt
سماج	simāj
سماجة	samājat
سماچه	samācha
سماخ	simāḵẖ
سماخچه	samāḵẖcha
سماد	samād
سمار	samār
سمارو	samārū
سماروخ	samārūḵẖ
سماروک	samārūk
سماری	sumārī
سماریس	samarīs
سماسرة	samāsirat
سماط	simāt̤
سماطین	samāt̤īn
سماع	samā‘
سماعة	samā‘at
سماعی	samā‘ī
سماعیل	samā’īl
سماعیلی	samā‘ilī
سماق	sumāq
سماقیل	samāqīl
سماک	simāk
سماکار	samākār
سماکچه	samākcha
سمال	sam’al
سمان	samān
سمان	simān
سمانه	samāna
سمانی	samānī
سمانیٰ	sumāna
سماوات	samāwāt
سماوة	samāwat
سماوی	samāwī
سماهیج	samāhīj
سمائم	samā’im
سنباده	sumbāda
سمپار	sumpār
سمة	simat
سمت	samt
سمتراش	sum-tirāsh
سمج	samj
سمجه	sumja
سمچه	sumcha
سمح	samḥ
سمحاق	simḥāq
سمخ	samḵẖ
سمدار	sum-dār
سمر	samr
سمر	samar
سمراد	samrād
سمرادی	samrādī
سمرج	samraj
سمرة	sumrat
سمرقند	samarqand
سمرقندی	samarqandī
سمرکند	samarkand
سمرود	samrūd
سمسار	simsār
سمسام	samsām
سمسرة	samsarat
سمسق	samsiq
سمسک	sumsak
سمسم	samsam
سمسیمون	samsīmūn
سمط	samt̤
سمطی	simty
سمع	sam‘
سمعاً	sam‘-an
سمعة	sam‘at
سمغند	samg̱ẖand
سمک	samk
سمک	samuk
سمکار	simkār
سمکور	samkūr
سمل	saml
سمن	samn
سمنار	simnār
سمناک	samnāk
سمند	samand
سمندوک	samandūk
سمنزار	samanzār
سمنسا	saman-sā
سمنستان	samanistān
سمنو	samanū
سمنون	samnūn
سمنه	sumna
سمنیة	sumaniyat
سمر	sumū
سمر	simw
سمرات	samawāt
سموت	samūt
سموت	sumūt
سمود	samūd
سمور	samūr
سموسه	samosa
سموط	sumūt̤
سموق	samūq
سموک	sumūk
سمول	samūl
سموم	samūm
سمومشتان	samūmistān
سمون	samūn
سموه	sumūh
سموی	samawī
سمه	sima
سمه	sama
سمی	samī
سمیة	sammīyat
سمیج	samīj
سمید	samīd
سمیدون	sumīdūn
سمیذ	samīẕ
سمیر	sumer
سمیر	samīr
سمیرا	samīrā
سمیرم	samīram
سمیره	samīra
سمیریة	sumairīyat
سمیز	samīz
سمیساط	sumaisāt
سمیط	samīt̤
سمیع	samī‘
سمیق	samīq
سمیل	samīl
سمین	samīn
سمینون	samīnūn
سمینه	samīna
سن	san
سن	sann
سنا	sanā
سناب	sināb
سنابر	sinābar
سنابیدن	sinābīdan
سنابل	sanābil
سناح	sanāḥ
سناج	sināj
سناد	sanād
سناد	sinād
سنادین	sanādīn
سنار	sanār
سنار	sunnār
سناطور	sanāt̤or
سناعة	sanā‘at
سناف	sināf
سنام	sanām
سنان	sinān
سنانیر	sanānīr
سناو	sanāv
سنائی	sanā’i
سنب	suṃb
سنباد	saṃbād
سنبادج	suṃbādaj
سنباده	suṃbāda
سنباره	suṃbāra
سنبسه	saṃbasa
سنباط	suṃbāt̤
سنبالو	saṃbālo
سنبانیدن	suṃbānīdan
سنبک	suṃbuk
سنبلخان	suṃbul-ḵẖān
سنبلة	saṃbalat
سنبلستان	suṃbulistān
سنبلی	suṃbulī
سنبوت	saṃbūt
سنبوسک	saṃbūsak
سنبوسه	sambūsa
سنبوق	suṃbūq
سنبه	suṃba
سنبهاری	saṃbahārī
سنبیدن	suṃbīdan
سنپاره	suṃpāra
سنتور	santūr
سنج	sanj
سنج	sunuj
سنجاب	sinjāb
سنجابی	sinjābī
سنجاف	sanjāf
سنجاق	sanjāq
سنجاقدار	sanjāq-dār
سنجان	sanjān
سنجانیدن	sanjānīdan
سنجد	sinjid
سنجر	sanjar
سنجرستان	sanjaristān
سنجرف	sinjarf
سنجسبویه	sanjisbūya
سنجف	sinjaf
سنجق	sanjaq
سنجوق	sanjūq
سنجه	sanja
سنجی	sanjī
سنجید	sinjīd
سنجیدگی	sanjīdagī
سنجیدن	sanjīdan
سنجیده	sanjīda
سنجین	sinjīn
سنخ	sanḵẖ
سنخ	sinḵẖ
سند	sind
سندباد	sindbād
سندر	sandar
سندرة	sandarat
سندروس	sandaros
سندره	sandara
سندس	sundus
سندسی	sundusī
سندکیش	sindkesh
سندل	sandal
سندلک	sandalak
سندلی	sandalī
سندنه	sandana
سندوقس	sandoqis
سنده	sanda
سندهان	sindihān
سندی	sindī
سندین	sindīn
سندیان	sindiyān
سنز	suniz
سنسان	sansān
سنسور	sansūr
سنسه	sunsa
سنع	sin‘
سنف	sanf
سنق	sanaq
سنقر	sunqur
سنقره	sunqura
سنقور	sunqūr
سنکلالیک	sankalālīk
سنگ	sang
سنگاب	sang-āb
سنگار	sangār
سنگاش	sangāsh
سنگانه	sangāna
سنگبار	sang-bār
سنگباران	sang-bārān
سنگبارش	sang-bārish
سنگبر	sang-bar
سنگبسته	sang-basta
سنگپستان	sang-pistān
سنگپوست	sang-post
سنگتراش	sang-tirāsh
سنگیره	sang-tara
سنگچه	sangcha
سنگخوارک	sang-ḵẖẉārak
سنگخورک	sang-ḵẖẉurak
سنگدان	sangdān
سنگر	sangur
سنگرف	singarf
سنگسار	sangsār
سنگساری	sangsārī
سنگسبویه	sangisboya
سنگست	sangast
سنگستان	sangistān
سنگشوئی	sang-shū’ī
سنگک	sangak
سنگلاخ	sanglāḵẖ
سنگله	sangula
سنگم	sangam
سنگمبر	sangam-bar
سنگناک	sangnāk
سنگوان	sangwān
سنگور	sangūr
سنگوک	sangok
سنگول	sangūl
سنگویه	sangūya
سنگه	sanga
سنگی	sangī
سنگین	sangīn
سنگینی	sangīnī
سنلخ	sanlaḵẖ
سنم	sanam
سنمار	sinimmār
سنمیدن	sinmīdan
سنن	sanan
سنوا	sanawā
سنوات	sanawāt
سنوح	sunūḥ
سنوخ	sunūḵẖ
سنود	sanūd
سنود	sunūd
سنودیق	sinūdīq
سنور	sannūr
سنور	sinūr
سنوس	sinūs
سنوط	sanūt̤
سنوع	sunū‘
سنوگرد	sanau-gird
سنون	sanūn
سنوی	sanawī
سنه	sanh
سنه	sanah
سنهار	sunhār
سنی	sany
سنی	sanai
سنیب	sanīb
سنیر	sinīr
سنیر	sunīz
سنیژه	sanīzha
سنیع	sanī‘
سنین	sanīn
سو	sau
سؤ	sau’
سواء	sawā’
سواب	sawāb
سوابق	sawābiq
سوأة	saw’at
سواحل	sawāḥil
سواد	sawād
سوار	siwār
سوار	suwār
سواران	suwārān
سوارگان	suwāragān
سوارون	sawārūn
سواره	siwāra
سواری	suwārī
سواس	sawās
سواسیه	sawāsiya
سواع	suwā‘
سواغ	siwāg̱ẖ
سواف	sawāf
سوافع	sawāfi‘
سوافن	sawāfin
سواق	sauwāq
سواقی	sawāqī
سواک	suwāk
سؤال	su’āl
سوالات	su’ālāt
سوالف	sawālif
سوالی	suwālī
سوام	suwām
سوانح	sawāniḥ
سوای	siwāy
سوائم	sawā’im
سوب	sūb
سوبان	subān
سوبدی	subdī
سوبرا	sūbarā
سوبهار	sūbahār
سوبیة	sūbīyat
سوپ	sūp
سوپاری	sūpārī
سوپرگا	sūpargā
سوپه	supa
سوت	sūt
سوتام	sūtām
سوتر	sūtar
سوج	sauj
سوج	soj
سوجرونتن	sūjarūnitan
سوجش	sojish
سوجه	soja
سوچه	sūcha
سوچی	sūchī
سوخ	sauḵẖ
سوخ	sūḵẖ
سوخاری	sūḵẖārī
سوخت	soḵẖt
سوختگی	soḵẖtagī
سوختن	soḵẖtan
سوختنی	soḵẖtanī
سوخته	soḵẖta
سود	sūd
سود	sawad
سودا	saudā
سوداء	saudā’
سودابه	sūdāba
سودار	saudār
سودازده	saudā-zada
سوداکده	saudā-kada
سوداگر	saudāgar
سوداگری	saudāgarī
سودان	saudān
سودانیات	sūdāniyāt
سوداوه	sudāwa
سوداوی	saudāwī
سودائی	saudā’ī
سودش	sawidash
سودگی	sūdagī
سودمند	sūdmand
سودن	sūdan
سوده	sūda
سودی	sūdī
سوذق	sauẕak
سور	saur
سور	sūr
سورا	sūrā
سورات	sūrāt
سوراخ	sūrāḵẖ
سوران	sūrān
سورة	saurat
سورت	sūrat
سورج	sūraj
سورسات	sūrsāt
سورسان	sūrsān
سورستار	suristār
سورستارام	sūristārām
سورستان	sūristān
سورصات	sūrṣāt
سورغون	sūrg̱ẖūn
سورن	sūran
سورنجان	sūrinjān
سوری	sūrī
سوریة	sūriat
سوریوس	sūriyūs
سوز	soz
سوزا	sozā
سوزار	sozār
سوزاک	sozāk
سوزان	sozān
سوزاندن	sozāndan
سوزانی	sozānī
سوزانیدن	sozānīdan
سوزش	sozish
سوزک	sozak
سوزم	sozam
سوزن	sozan
سوزناک	soznāk
سوزندار	sozan-dār
سوزندگی	sozindagī
سوزنده	sozanda
سوزنگر	sozangar
سوزنک	sozanak
سوزنی	sozanī
سوزنیام	sozan-yām
سوزه	soza
سوزی	sozī
سوزیان	sūziyān
سوزیدن	sozīdan
سوژه	sozha
سوس	sūs
سوسبا	sūsibā
سوسپند	sūspand
سوسة	sūsat
سوسک	sūsk
سوسمار	sūsmār
سوسن	sūsan
سوسنه	sūsana
سوسنبر	sūsaṃbar
سوسنی	sūsanī
سوسه	sūsa
سوسی	sūsī
سوصنا	sūṣannā
سوط	saut̤
سوع	saw‘
سوغ	saug̱ẖ
سوغات	saug̱ẖāt
سوغه	saug̱ẖa
سوف	sauf
سوف	sūf
سوفار	sūfār
سوفان	sūfān
سوفانه	sūfāna
سوفته	sūfta
سوفچه	sūfcha
سوفرا	sūfarā
سوفسطائیه	sūfist̤ā’iya
سوفطیون	sūfat̤iyūn
سوفی	sūfī
سوق	sauq
سوقات	sauqāt
سوقی	sūqī
سوک	sauk
سوک	sok
سوکک	sūkak
سوکه	sūka
سوگ	sog
سوگا	sogā
سوگدار	sog-dār
سوگل	sūgal
سوگلی	sogulī
سوگند	saugand
سوگوار	sogwār
سوگواری	sogwārī
سوگی	sogī
سوگیانه	sogyāna
سوگیدن	sogīdan
سوگیری	sūgīrī
سؤل	su’l
سول	sūl
سول	sol
سولاخ	sūlāḵẖ
سولان	sawalān
سولک	sūlak
سوله	sola
سولی	saulī
سولی	sūlī
سولیدن	sūlīdan
سوم	saum
سوم	siwum
سومان	sūmān
سومندر	somandar
سومه	sūma
سون	saun
سونانک	sonānk
سونچ	sūnich
سونخ	sūnaḵẖ
سونش	sūnish
سونوخوش	sūnoḵẖẉush
سونهش	sūnihish
سونیز	saunīz
سووخ	suwūḵẖ
سووش	sawūsh
سوه	sūh
سوهش	sūhish
سوهان	sūhān
سوهن	sūhan
سونه	sūha
سوی	sawī
سوی	suwī
سویة	sawīyat
سوید	sawīd
سویدان	sūyidān
سویرغا	sūyarg̱ẖā
سویرغال	sūyarg̱ẖāl
سویس	sawes
سویست	sawest
سویسه	sawesa
سویشم	sawīshim
سویق	sawīq
سوین	sawīn
سه	sih
سها	suhā
سهاد	suhād
سهاله	suhāla
سهام	sahām
سهاوة	sahāwat
سهب	sahb
سهپرار	sahparār
سهتر	sahtar
سهد	sahd
سهران	sahrān
سهر	sihr
سهر	sahar
سهراب	suhrāb
سهراٴیشی	suhrā’īshī
سهرورد	suhrward
سهره	sahra
سهره	sihra
سهستن	sahistan
سهف	sahf
سهک	sahk
سهل	sahl
سهم	sahm
سهمگین	sahmgīn
سهمناک	sahimnāk
سهمیدن	sahmīdan
سهند	sahand
سهو	sahw
سهواً	sahw-an
سهوة	sahwat
سهول	suhūl
سهولة	suhūlat
سهوم	sahūm
سهی	sahī
سهیٰ	suhá
سهیت	sahīt
سهیل	suhail
سهیلی	suhailī
سهیم	sahīm
سی	sai
سی	sīy
سیا	sayā
سیاب	siyāb
سیابیدن	siyābīdan
سیات	saiyi’āt
سیاج	siyāj
سیاح	saiyāḥ
سیاحة	siyāhat
سیادة	siyādat
سیار	siyār
سیار	saiyār
سیاری	siyārī
سیاس	siyās
سیاسة	siyāsat
سیاستگاه	siyāsat-gāh
سیاسر	sayāsar
سیاشی	siyāshī
سیاط	siyāt̤
سیاع	sayā‘
سیاف	siyāf
سیاق	siyāq
سیاقة	siyāqat
سیاقلة	sayāqilat
سیاکیز	siyākīz
سیال	sayāl
سیاله	saiyāla
سیالخ	sayāliḵẖ
سیامک	siyāmak
سیان	sayān
سیان	sīyān
سیاوخش	siyāwaḵẖsh
سیاه	siyāh
سیاهان	siyāhān
سیاهبختی	siyāh-baḵẖtī
شیاهچه	siyāhcha
سیاهویه	siyāhwiya
سیاهه	siyāha
سیاهی	siyāhī
سیب	saib
سیب	seb
سیبا	sība
سیبوس	saibūs
سیبویه	seboyah
سیبی	sebe
سیبیا	sībiyā
سیپاره	sī-pāra
سیپوس	saipūs
سیته	sīta
سیج	saij
سیجیدن	sījīdan
سیح	saiḥ
سیحان	ṣaiḥān
سیحون	saiḥūn
سیخ	sīḵẖ
سیخچه	sīḵẖcha
سیخدار	sīḵẖ-dār
سیخک	sīḵẖak
سیخگاه	sīḵẖ-gāh
سیخور	sīḵẖūr
سید	sīd
سیدان	saiyidān
سیدة	saiyidat
سیدره	sī-dara
سیدی	saidī
سیر	sair
سیر	ser
سیراب	serāb
سیرابه	sīrāba
سیرابی	serābī
سیراچه	sīrācha
سیراف	sīrāf
سیران	sairān
سیرانگاه	sairān-gāh
سیراوه	sīrāwa
سیرة	sairat
سیرش	sīrash
سیرغ	serig̱ẖ
سیرف	sairaf
سیرفروش	sīr-farosh
سیرک	sīrk
سیرم	sīram
سیرمان	sīrmān
سیرمو	sīrmū
سیرناس	sīrnās
سیرو	sīro
سیروان	sīrwān
سیرون	serūn
سیره	saira
سیری	sairī
سیریصاف	sīrīṣāf
سیرین	sīrīn
سیرینگاه	sīrīn-gāh
سیز	sez
سیزده	sezdah
سیزدهم	sezdahum
سیزگی	sezagī
سیس	sīs
سیسارون	sīsārūn
سیسالک	sīsālak
سیسالیوس	sīsāliyūs
سیسبان	sīsabān
سیستان	sīstān
سیستن	sīstan
سیسخانه	sais-ḵẖāna
سیسدی	saisadī
سییرک	sīsirk
سیسرو	sīsarū
سیسک	sīsak
سیسنبر	sīsaṃbar
سیصد	sī-ṣad
سیع	sai‘
سیغ	sīg̱ẖ
سیغر	sīg̱ẖur
سیغود	saig̱ẖūd
سیغور	saig̱ẖūr
سیف	saif
سیفان	sifān
سیفه	saifa
سیفور	saifūr
سیفی	saifī
سیک	saik
سیک	sīk
سیکا	sīka
سیکبا	sīk-bā
سیکران	sīkrān
سیکک	sīkak
سیکل	sīkal
سیکی	sīkī
سیگار	sīgār
سیل	sail
سیلاب	sailāb
سیلابی	sailābī
سیلان	sailān
سیلان	sayalān
سیلانچه	sīlāncha
سیلانه	sīlāna
سیلانی	sailānī
سیلخیز	sail-ḵẖez
سیلرام	sīlrām
سیلگاه	sail-gāh
سیله	sela
سیلی	sīlī
سیم	saim
سیما	sīmā
سیماب	sīmāb
سیمابی	sīmābī
سیماذه	sīmāẕa
سیماک	sīmāk
سیماور	sīm-āwar
سیمبر	sīm-bar
سیمتاج	sīmtāj
سیمتن	sīm-tan
سیمراخ	sīmrāḵẖ
سیمرغ	sīmurg̱ẖ
سیمشگرف	sīm-shagarf
سیمک	sīmak
سیمکاری	sīm-kārī
سیمگون	sīm-gūn
سیمناد	sīmnād
سیمود	saimūd
سیمه	sīma
سیمها	sīm-hā
سیمی	sīmī
سیمیا	sīmyā
سیمیاٴ	sīmiyā’
سیمیاذه	sīmyāẕa
سیمیار	sīm-yār
سیمین	sīmīn
سین	sīn
سینا	sīnā
سینام	sīnām
سینبر	sīṃbar
سینج	siyanj
سینجاب	sīnjāb
سینجر	sayanjur
سینوب	sīnob
سینه	sīna
سینی	sainá
سینی	sīnī
سینین	sīnīn
سیو	sev
سیواس	sīwās
سیواسی	sīwāsī
سیوای	sīwāy
سیور	sīwar
سیور	suyūr
سیورسات	suyūrsāt
سیورغال	suyūrg̱ẖāl
سیورغامیشی	suyūrg̱ẖāmīshī
سیوس	suyūs
سیوشان	sayaushān
سیوط	suyūt̤
سیوطی	suyūt̤ī
سیوع	suyū‘
سیوف	suyūf
سیول	suyūl
سیرم	sīwum
سیویست	saiwīst
سیه	siyah
سیهه	sīha
سیهی	siyahī
سیئ	saiyi’
سییس	sayīs
سیینج	sīyanj
ش	sh
شا	shā
شاب	shāb
شاب	shābb
شابابک	shābabak
شاباش	shābāsh
شاباشی	shābāshī
شابانک	shābānak
شابرن	shāburan
شابش	shābash
شابک	shābik
شابود	shābwad
شابوراک	shābūrāk
شابورد	shābward
شابورگان	shābūrgān
شابهار	shābahār
شابیب	sha’ābīb
شابیزج	shābīzaj
شاپور	shāpūr
شاة	shāt
شاترسون	shātarsūn
شاتل	shātil
شاتم	shātim
شاتو	shātū
شاٴج	shā’j
شاخ	shāḵẖ
شاخابه	shāḵẖāba
شاخچة	shāḵẖcha
شاخدار	shāḵẖ-dār
شاخسار	shāḵẖsār
شاخست	shāḵẖast
شاخشانه	shāḵẖ-shāna
شاخص	shāḵẖiṣ
شاخک	shāḵẖak
شاختگور	shāḵẖangūr
شاخور	shāḵẖūr
شاخول	shāḵẖūl
شاخه	shāḵẖa
شاخی	shāḵẖī
شاد	shād
شادان	shādān
شادانج	shādānaj
شادانک	shādānak
شادخ	shādaḵẖ
شادران	shādurān
شادربان	shādurbān
شادمان	shādmān
شادمانه	shādmāna
شادمانی	shādmānī
شادمند	shādmand
شادنه	shādna
شادوان	shādwān
سادورد	shādward
شاده	shāda
شادهکام	shādakām
شادی	shādī
شادیاخ	shādyāḵẖ
شادیانه	shādyāna
شادیچه	shādīcha
شادیدن	shādīdan
شادیه	shādaya
شادیها	shādīhā
شاذ	shāẕ
شاذ	shāẕẕ
شاذب	shāẕib
شاذل	shāẕil
شاذلة	shāẕilat
شاذلی	shāẕilī
شاذنج	shāẕanj
شاذی	shāẕī
شار	shār
شارب	shārib
شارج	shāraj
شارح	shāriḥ
شارده	shārda
شارسان	shārsān
شارستان	shāristān
شارشک	shārashk
شارع	shāri‘
شارف	shārif
شارق	shāriq
شارک	shārak
شارل	shārl
شارکار	shār-kār
شارمار	shār-mār
شارو	shārū
شاروان	shārwān
شارود	shārūd
شاروف	shārof
شارویه	shārūya
شاره	shāra
شاری	shārī
شاریدن	shārīdan
شاٴز	sha’z
شازب	shāzib
شازه	shāza
شأس	sha’s
شاس	shās
شاسپرم	shāsparam
شاسپو	shāspo
شاست	shāst
شاسع	shāsi‘
شاسف	shāsif
شاش	shāsh
شاشاک	shāshāk
شاشدان	shāshdān
شاشدن	shāshidan
شاشک	shāshak
شاشنگ	shāshang
شاشو	shāshū
شاشوله	shāshūla
شاشه	shāsha
شاشی	shāshī
شاشیدن	shāshīdan
شاصب	shāṣib
شاطر	shāt̤ir
شاطریون	shātaryūn
شاطل	shātil
شاطن	shāt̤in
شاطئ	shāt̤i’
شاعر	shā‘ir
شاعرانه	shā‘irāna
شاعری	shā‘irī
شاعل	shā‘il
شاعی	shā‘ī
شاغل	shag̱ẖil
شاغوله	shāg̱ẖūla
شاف	shāf
شافة	sha’fat
شافتن	shāftan
شافع	shāfi‘
شافعی	shāfi‘ī
شافعیة	shāfi‘īyat
شافه	shāfa
شافی	shāfī
شافیدن	shāfīdan
شاق	shāqq
شاقل	shāqul
شاک	shāk
شاک	shākk
شاکار	shākār
شاکر	shākar
شاکر	shākir
شکرباه	shākirbāh
شاکل	shākil
شاکلول	shāklūl
شاکله	shākala
شاکمند	shākmand
شاکمونی	shākmūnī
شاکورد	shākward
شاکی	shākī
شاگرد	shāgird
شاگردانه	shāgirdāna
شاگردی	shāgirdī
شال	shāl
شالپوشی	shāl-poshī
شالخ	shāliḵẖ
شالده	shālda
شالنگ	shālang
شالنگی	shālangī
شالهنگ	shālhang
شالی	shālī
شلم	shām
شاٴم	sha’m
شامات	shāmāt
شاماخ	shāmāḵẖ
شامار	shāmār
شاماک	shāmāk
شاماکچه	shāmākcha
شاماکه	shāmāka
شاماله	shāmāla
شامان	shāmān
شامپین	shāmpen
شامت	shāmit
شامخ	shāmiḵẖ
شامس	shāmis
شامک	shāmak
شامکچه	shāmakcha
شامگاه	shām-gāh
شامل	shāmil
شاملات	shāmilāt
شاملاتی	shāmilātī
شاموس	shāmūs
شامه	shāma
شامی	shāmī
شامیانه	shāmyāna
شان	shān
شاندار	shān-dār
شاندن	shāndan
شانزده	shānzdah
شایزدهم	shānzdahum
شانک	shānak
شانوان	shānawān
شانه	shāna
شانی	shānī
شانئ	shāni’
شانیدن	shānīdan
شاءو	sha’w
شاوار	shāwār
شاور	shāwur
شاوران	shāwarān
شاوزد	shāwazd
شاوغر	shavg̱ẖar
شاوور	shāwūr
شاویدن	shāwīdan
شاوین	shāwīn
شاه	shāh
شاها	shāhā
شاهاب	shāhāb
شاهان	shāhān
شاهانه	shāhāna
شاهباز	shāh-bāz
شاهبال	shāh-bāl
شاهبالا	shāh-bālā
شاهبانج	shāh-bānaj
شاهبندر	shāh-bandar
شاهپر	shāh-par
شاهپری	shāh-parī
شاهتره	shāhtarra
شاهد	shāhid
شاهدان	shāh-dān
شاهدانج	shāhdānaj
شاهدانه	shāh-dāna
شاهدباز	shāhid-bāz
شاهدی	shāhidī
شاهر	shāhir
شاهرخ	shāh-ruḵẖ
شاهرش	shāh-rash
شاهرگ	shāh-rag
شاهسبرم	shāhasbaram
شاهستان	shāhistān
شاهق	shāhiq
شاهکار	shāh-kār
شاهگان	shāhgān
شاهنای	shāh-nāy
شاهندن	shāhandan
شاهنده	shāhanda
شاهنشا	shāhanshāh
شاهنشاهی	shāhanshāhī
شاهنشین	shāh-nishīn
شاهو	shāhū
شاهوار	shāhwār
شاهورد	shāhward
شاهوش	shāhwash
شاهول	shāhūl
شاهوی	shāhūy
شاهه	shāha
شاهی	shāhī
شاهیدن	shāhīdan
شاهیده	shāhīda
شاهین	shāhīn
شای	shāy
شایار	shāyār
شایان	shāyān
شایانیدن	shāyānīdan
شائبة	shā’ibat
شاید	shāyad
شایراد	shāyrād
شایستانیدن	shāyistānīdan
شایستگی	shāyistagī
شایستن	shāyistan
شایسته	shāyista
شایستنی	shāyistanī
شایش	shāyish
شایعه	shāyi‘a
شائق	shā’iq
شائقین	shā’iqīn
شائک	shā’ik
شایکه	shāyika
شایگان	shāygān
شایگانه	shāygāna
شایگانی	shāygānī
شایگینه	shāyigīna
شائل	shā’il
شایورد	shāyward
شایه	shāya
شائی	shā’ī
شاییدن	shāyīdan
شب	shab
شب	shabb
شباب	shabāb
شبابة	shabābat
شباروز	shab-ā-roz
شباروزی	shab-ā-rozī
شباره	shabāra
شباشب	shab-ā-shab
شباط	shubāt̤
شباعة	shabā‘at
شباک	shibāk
شباکة	shubbākat
شبالنگ	shabālang
سبام	shabām
سبال	shibāl
شبان	shabān
شبانروز	shabān-roz
شبانکاره	shabānkāra
شبانکاری	shabānkārī
شبانگاه	shabān-gāh
شبانگاهی	shabān-gāhī
شبانگه	shabān-gah
شبانه	shabāna
شبانی	shabānī
شباویز	shabāwez
شباهة	shabāhat
شباهنگ	shabāhang
شباهنگام	shabā-hangām
شبپرک	shab-parak
شبپور	shab-pūr
شبت	shibit
شبث	shabas̤
شبچراغ	shab-chirāg̱ẖ
شبچراغک	shab-chirāg̱ẖak
شبچره	shab-chara
شبچک	shabchak
شبچه	shubcha
شبخ	shabḵẖ
شبخانه	shab-ḵẖāna
شبخوان	shab-ḵẖẉān
شبحون	shab-ḵẖūn
شبخیز	shab-ḵẖez
شبخیزی	shab-ḵẖezī
شبدر	shabdar
شبدیز	shab-dez
شبدیگ	shab-deg
شبذ	shabaẕ
شبذر	shabẕar
شبر	shabr
شبر	shabar
شبرغان	shaburg̱ẖān
شبرم	shibram
شبرم	shubrum
شبرنگ	shab-rang
شبرو	shab-rav
شبرید	shabrīd
شبست	shibist
شبستان	shabistān
شبستانی	shabistānī
شبسده	shab-sada
شبشت	shibisht
شبص	shabaṣ
شبطباط	shabit̤bāt̤
شبع	shab‘
شبعان	shab‘ān
شبعة	shub‘at
شبغا	shabg̱ẖā
شبق	shabaq
شبک	shabk
شبک	shibk
شبکلاه	shab-kulāh
شبکن	shab-kun
شبکند	shabkand
شبکور	shab-kūr
شبکوری	shab-kūrī
شبکوک	shab-kūk
شبکیه	shabakīya
شبگاه	shab-gāh
شبگر	shabgar
شبگرد	shab-gard
شبگردی	shab-gardī
شبگز	shab-gaz
شبگون	shab-gūn
شبگونتن	shabgūnitan
سبگیر	shab-gīr
شبگیری	shab-gīrī
سبل	shibl
شبلانیدن	shablānīdan
شبله	shabla
شبم	shabm
شبنک	shabnak
شبنم	shab-nam
شبنهه	shabniha
شبوب	shabūb
شبوبک	shabūbak
شبوبیة	shabūbīyat
شبوقه	shubūqa
شبول	shubūl
شبوی	shabboy
شبه	shaba
شبهر	shabhar
شبهم	shabham
شبهنگام	shab-hangām
شبی	shabe
شبیار	shab-yār
شبیاره	shab-yāra
شبیبة	shabībat
شبیبی	shabībī
شبیخون	shabī-ḵẖūn
شبیدن	shabīdan
شبیر	shabīr
شبیع	shabī‘
شبیکه	shabīka
شبیم	shabīm
شبینه	shabīna
شبیه	shabīh
شپ	shap
شپاشاپ	shapāshāp
شپتک	shiptak
شپره	shapara
شپشاپ	shapshāp
شپشک	shipishak
شپشه	shipisha
شپل	shipl
شپلاق	shaplaq
بپلانیدن	shaplānīdan
شپلت	shiplat
شپنیدن	shipnīdan
شپوختن	shipoḵẖtan
شپور	shapūr
شپوز	shappūz
شپوش	shap-posh
شپیختن	shipeḵẖtan
شپیر	shapīr
شپیر	shappīr
شپیل	shapel
شپیلیدن	shipelīdan
شت	shat
شت	shatt
شتا	shitā
شتاب	shitāb
شتابان	shitābān
شتابانیدن	shitābānīdan
شتابندگی	shitābandagī
شتابنده	shitābanda
شتابی	shitābī
شتابیدن	shitābīdan
شتات	shatāt
شتاغ	shitāg̱ẖ
شتافتن	shitāftan
شتافته	shitāfta
شتاک	shatāk
شتالنگ	shitālang
شتان	shutān
شتان	shattān
شتاه	shitāh
شتر	shatr
شترب	shatarb
شبربان	shuturbān
شتربه	shatraba
شترپا	shutur-pā
شترک	shuturak
شترگاو	shutur-gāv
شترنج	shatranj
شترنگ	shatrang
شتروار	shutur-wār
شتره	shatra
شتری	shuturī
شتع	shata‘
شتل	shatal
شتلم	shutulum
شتم	shatm
شتمن	shatmin
شتن	shatn
شتن	shatan
شتوت	shuttūt
شتوم	shutūm
شته	shata
شتی	shatī
شتیٰ	shattá
شتیت	shatīt
شتیم	shatīm
شتیمة	shatīmat
شتین	shatīn
شتینا	shatīnā
شث	shas̤s̤
شثن	shas̤n
شج	shaj
شج	shajj
شجاب	shijāb
شجاج	shijāj
شجار	shijār
شجارا	shajārā
شجاعة	shajā‘at
شجاعتی	shajā‘ati
شجانیدن	shajānīdan
شجانیده	shajānīda
شجاید	shajāyad
شجب	shajb
شجد	shajad
شجر	shajr
شجرستان	shajaristān
شجلیز	shajlīz
شجن	shajn
شجن	shajan
شجو	shajw
شجوب	shajūb
شجودن	shajūdan
شجی	shajī
شجون	shujūn
شجیج	shajīj
شجیر	shajīr
شجیع	shajī‘
شچک	shachuk
شح	shaḥḥ
شحاذ	shaḥḥāz
شحاذة	shiḥāẕat
شحام	shaḥḥām
شحامة	shaḥāmat
شحذ	shahẕ
شحر	shaḥr
شحرور	shuḥrūr
شحس	shaḥs
شحشاح	shaḥshāḥ
شحشح	shaḥshaḥ
شحط	shaḥt̤
شحم	shaḥm
شحمة	shaḥmat
شحن	shaḥṇ
شحناء	saḥnā‘
شحنائی	shaḥnā‘ī
شحنة	shiḥnat
شحنگی	shaḥnagī
شحنگیه	shaḥnagīya
شحنه	shaḥna
شحو	shaḥw
شحوة	shaḥwat
شحوب	shuḥūb
شحوط	shuḥūt̤
شحیح	shaḥīḥ
شحیم	shaḥīm
شخ	shaḵẖ
شخ	shaḵẖḵẖ
سخا	shaḵẖā
شخاب	shiḵẖāb
شخاخ	shaḵẖḵẖāḵẖ
شخادان	shaḵẖādān
شخار	shaḵẖār
شخال	shaḵẖāl
شخالیدن	shaḵẖālīdan
شخانه	shaḵẖāna
شخانیدن	shaḵẖānīdan
شخای	shaḵẖāy
شخاییدن	shaḵẖāyīdan
شخاییده	shaḵẖāyīda
شخب	shaḵẖb
شخت	shaḵẖt
شخر	shaḵẖt
شخز	shaḵẖr
شخرور	shaḵẖz
شخوروز	shaḵẖrūr
شخس	shaḵẖrūz
شخس	shaḵẖs
شخسار	shaḵẖsār
شخش	shaḵẖsh
شخشار	shaḵẖshār
شخشانه	shaḵẖshāna
شخشانیدن	shaḵẖshānīdan
شخشخ	shaḵẖshaḵẖ
شخشیدن	shaḵẖshīdan
شخص	shaḵẖṣ
شخصی	shaḵẖṣe
شخصیة	shaḵẖṣīyat
شخکاسه	shaḵẖkāsa
شخل	shaḵẖl
شخلی	shaḵẖlī
شخلیدن	shaḵẖlīdan
شخم	shuḵẖm
شخم	shaḵẖam
شخن	shaḵẖan
شخنشار	shaḵẖanshār
شخنود	shaḵẖnūd
شخود	shaḵẖūd
شخودن	shaḵẖūdan
شخوده	shaḵẖūda
شخودیدن	shaḵẖūdīdan
شخوص	shuḵẖūs
شخولانیدن	shaḵẖūlānīdan
شخولیده	shaḵẖūlīda
شخوم	shuḵẖūm
شخونیدن	shaḵẖūnīdan
شخید	shaḵẖīd
شخیدن	shaḵẖīdan
شخیده	shaḵẖīda
شخیر	shaḵẖīr
شخیره	shaḵẖīra
شخیش	shaḵẖīsh
شخیص	shaḵẖīs
شخیل	shaḵẖīl
شخیلیدن	shaḵẖīlīdan
شد	shud
شد	shadd
شداد	shidād
شدائد	shadā’id
شدة	shaddat
شدح	shadḥ
شدخ	shadḵẖ
شدف	shadaf
شدکار	shudkār
شدکیس	shadkīs
شدگان	shudagān
شدگی	shudagī
شدن	shadn
شدن	shudan
شدنگاه	shudan-gāh
شدنی	shudanī
شدو	shadw
شدون	shudūn
شده	shadh
شده	shada
شدیار	shudyār
شدیاریدن	shudyārīdan
شدید	shadīd
شذ	shaẕẕ
شذا	shaẕā
شذب	shaẕb
شذر	shaẕr
شذره	shaẕra
شذکار	shuẕkār
سذو	shaẕw
شذوذ	shuẕūẕ
شذور	shuẕūr
شذه	shaẕa
شذیار	shuẕyār
شر	shar
شر	sharr
شراٴ	sharā’
شراب	sharāb
شرابات	sharābāt
شراباتی	sharābātī
شرابدار	sharāb-dār
شرابشی	sharābashī
شرابه	sharāba
شرابی	sharābī
شراح	sharāḥ
شراح	sharrāḥ
شراحی	sharāḥī
شراذم	sharāẕim
شرار	sharār
شرارة	sharārat
شرارةً	sharāt-an
شراز	shirāz
شرارة	sharāzat
شرارستان	sharāristān
شراسة	sharāsat
شراسیف	sharāsīf
شراشر	sharāshir
شراص	shirāṣ
شرط	shirāt̤
شراع	shirā‘
شراعی	shirā‘ī
شرافة	sharāfat
شراک	shirāk
شراکة	shirākat
شراکةً	shirākat-an
شرانیدن	sharānīdan
شراهت	sharāhat
شرائر	sharā’ir
شرائط	sharā’it̤
شرائع	sharā’i‘
شرائف	sharā’if
شرائک	sharā’ik
شرایین	sharāyīn
شرب	sharb
شرباً	shurban
شرباشرن	sharbāsharan
شربة	sharbat
شربت	sharbat
شربتی	sharbatī
شربوش	sharbosh
شربین	sharbīn
شرپون	shurpūn
شرث	shars̤
شرج	sharj
شرح	sharḥ
شرح	sharaḥ
شرحة	sharḥat
شرحوار	sharḥwār
شرخ	sharḵẖ
شرخست	shirḵẖist
شرخوردن	shurḵẖẉurdan
شرخیوه	shirḵẖīwa
شرد	shurd
شرد	sharad
شرداغ	shirdag̱ẖ
شرر	sharar
شررستان	shararistān
شررفشان	sharar-fishān
شرز	sharz
شرزدک	shirizdak
شرزه	sharza
شرس	shars
شرسوف	shursūf
شرشیب	shirshīb
شرط	shart̤
سرطه	shurt̤a
شرطی	shart̤e
شرطین	sharat̤ain
شرطیة	shart̤īyat
شرع	shar‘
شرعاً	shar‘-an
شرعی	shar‘ī
شرف	sharf
شرفاء	sharfā’
شرفریز	sharaf-rez
شرفنج	sharfanj
شرفه	shirfa
شرفیاب	sharaf-yāb
شرفیة	sharfīyat
شرق	sharq
شرقاٴ	sharqā’
شرقستان	sharqistān
شرقی	sharqī
شرک	sharak
شرک	shirk
شرکاء	shurakā’
شرکة	shirkat
شرکتی	shirkatī
شرکسی	sharkasī
شرکیس	shurkīs
شوم	sharm
شرم	sharm
شرمانیدن	sharmānīdan
شرمسار	sharmsār
شرمساری	sharmsārī
شرمگاه	sharm-gāh
شرمگین	sharmgīn
شرمناک	sharmnāk
شرمندگی	sharmindagī
شرمنده	shārmanda
شرمیدن	sharmīdan
شرن	sharn
شرناف	shirnāf
شرناق	sharnāq
شرنبث	sharaṃbas̤
شرنگ	sharang
شروا	sharwā
شروان	shirwān
شروانی	shirwānī
شروح	shurūḥ
شرود	sharūd
شرور	shurūr
شروط	shurūt̤
شروع	shurū‘
شروعات	shurū‘āt
شروق	shurūq
شروه	sharwa
شروین	sharwīn
شره	shara
شره	sharah
شریٰ	shirá
شریاف	shiryāf
شریب	sharīb
شریتا	sharītā
شریتونتن	sharītūnitan
شریجة	sharījat
شریح	sharīḥ
شریدن	sharīdan
شریدن	shurrīdan
شریر	sharīr
شریط	sharīt̤
شریطة	sharīt̤at
شریعة	sharī‘at
شریف	sharīf
شریفه	sharīfa
شریک	sharīk
شریکة	sharīkat
شریکی	sharīkī
شز	shazz
شزازة	shazāzat
شزر	shazr
شزو	shuzuv
شزوب	shuzūb
شسب	shasb
شسپ	shasp
شست	shast
شستجه	shustaja
شستر	shustar
شستک	shastak
شستگانی	shistagānī
شستگاه	shust-gāh
شستگی	shustagī
شستم	shastum
شستن	shistan
شستنگاه	shustan-gāh
شستنی	shustanī
شسته	shusta
شستی	shastī
شسع	shas‘
شسن	shasn
شسوف	shusūf
شش	shash
ششبندان	shash-bandān
ششپر	shash-par
ششت	shusht
ششتا	shash-tā
ششتازن	shash-tā-zan
ششتر	shushtar
ششتم	shashtum
ششجهتی	shash-jihatī
ششخان	shash-ḵẖān
ششخانه	shash-ḵẖāna
ششخانجی	shashḵẖānajī
ششدر	shash-dar
ششدربازی	shash-dar-bāzī
ششساله	shash-sāla
ششعلم	shash-‘alam
ششک	shushk
ششگوشه	shash-gosha
ششم	shashum
ششمی	shashumī
ششه	shasha
ششی	shushī
شص	shaṣṣ
شصب	shaṣb
شصت	shaṣt
شصتم	shaṣtum
شصر	shaṣr
شصو	shuṣūw
شصوب	shuṣūb
شط	shat̤t̤
شطاح	shat̤t̤āḥ
شطاحی	shat̤t̤āḥī
شطارت	shat̤ārat
شطح	shat̤ḥ
شطر	shat̤r
شطرک	shat̤rak
شطرنجی	shat̤ranjī
شطط	shat̤at̤
شطف	shat̤f
شطن	shat̤n
شطو	shat̤w
شطوط	shat̤ūt̤
شطون	shat̤ūn
شطیر	shit̤t̤īr
سظاف	shaz̤āf
شظف	shaz̤f
شظیة	shaz̤īyat
شظیف	shaz̤īf
شعاب	shi‘āb
شعابین	sha‘ābīn
شعار	sha‘ār
شعاری	shi‘ārī
شعاع	sha‘ā‘
شعاعی	shu‘ā‘ī
شعاف	sha‘āf
شعائر	sha‘ā’ir
شعب	sha‘b
شعبان	sha‘bān
شعبانات	sha‘bānāt
شعبده	shu‘bada
شعث	sha‘as̤
شعر	sha‘r
شعراٴ	sha‘rā‘
شعرانی	sha‘rānī
شعربازی	shi‘r-bāzī
شعرگوئی	shi‘r-go’ī
شعریٰ	shi‘rá
شعشاع	sha‘shā‘
شعف	sha‘f
شعل	sha‘l
شعن	sha‘an
شعوده	sha‘wada
شعور	shu‘ūr
شعیا	sha‘yā
شعیب	sha‘īb
شعیبیة	shu‘aibīyat
شعیر	sha‘īr
شعیرة	sha‘īrat
شغار	shag̱ẖār
شغار	shig̱ẖār
شغاف	shag̱ẖāf
شغال	shag̱ẖāl
شغالی	shag̱ẖālī
شغام	shag̱ẖām
شغان	shag̱ẖān
شغاه	shag̱ẖāh
شغب	shag̱ẖb
شغبناک	shag̱ẖabnāk
شغتا	shag̱ẖtā
شغددن	shug̱ẖuddan
شغر	shag̱ẖr
شغر	shag̱ẖar
شغف	shag̱ẖaf
شغک	shag̱ẖak
شغوت	shig̱ẖūt
شغودن	shug̱ẖūdan
شغور	shug̱ẖūr
شغه	shag̱ẖa
شغیدن	shug̱ẖīdan
شغیل	shag̱ẖīl
شف	shaf
شف	shaff
شفا	shafā
شفاٴ	shifā’
شفاد	shifād
شفار	shifār
شفارج	shufārij
شفاره	shifāra
شفاعة	shifā‘at
شفاف	shaffāf
شفافی	shaffāfī
شفانه	shafāna
شفاوه	shafāwa
شفاه	shifāh
شفاهی	shifāhī
شفت	shaft
شفتا	shaftā
شفتالو	shaftālū
شفتاهنج	shaftāhanj
شفترک	shiftarak
شفترنگ	shaftarang
شفتل	shaftal
شفتلنگ	shaftalang
شفتن	shiftan
شفته	shafta
شفتیدن	shiftīdan
شفرة	shafrat
شفردن	shufurdan
شفشاهنج	shafshāhanj
شفشف	shafshaf
شفشه	shifsha
شفع	shaf‘
شفعاء	shufa‘ā’
شفق	shafaq
شفقة	shafaqat
شفقی	shafaqī
شفک	shafk
شفل	shafal
شفلج	shaflaj
شفن	shafn
شفنه	shufna
شفو	shafū
شفوات	shafawāt
شفوت	shifūt
شفود	shafūd
شفوده	shufūda
شفودن	shufūdan
شفور	shufūr
شفوف	shufūf
شفون	shafūn
شفوی	shifawī
شفه	shifah
شفهی	shifahī
شفیدن	shufīdan
شفیر	shafīr
شفیع	shafī‘
شفیعا	shafī‘ā
شفیف	shafīf
شفیق	shafīq
شفیلیدن	shifīlīdan
شق	shaqq
شقا	shaqā
شقاحة	shaqāḥat
شقاق	shiqāq
شقاقل	shaqāqul
شقائق	shaqā’iq
شقة	shiqqat
شقدار	shiq-dār
شقداری	shiq-dārī
شقذ	shaqẕ
شقر	shiqar
شقرة	shuqrat
شقردیون	shaqardiyūn
شقشقة	shaqshaqat
شقشقی	shiqshiqī
شقص	shiqṣ
شقع	shaq‘
شقف	shaqaf
شقق	shaqaq
شقل	shaql
شقن	shaqn
شقوء	shuqū’
شقور	shuqūr
شقوق	shuqūq
شقه	shaqa
شقه	shiqqa
شقهی	shuqqahī
شقی	shaqī
شقیح	shaqīḥ
شقیص	shaqīṣ
شقیف	shaqīf
شقیق	shaqīq
شقیقة	shaqīqat
شک	shak
شک	shakk
شکاٴ	shakā’
شکا	shukā
شکار	shikār
شکارجی	shikārjī
شکارستان	shikāristān
شکارگر	shikārgar
شکاری	shikārī
شکاریدن	shikārīdan
شکاسة	shakāsat
شکاسه	shikāsa
شکاشک	shakāshak
شکاف	shikāf
شکافانیدن	shikāfānīdan
شکافتگی	shikāftagī
شکافتن	shikāftan
شکافته	shikāfta
شکافستان	shikāfistān
شکافش	shikāfish
شکافه	shikāfa
شکافیدن	shikāfīdan
شکال	shikāl
شکالش	shikālish
شکاله	shikāla
شکالیدن	shikālīdan
شکان	shikān
شکانک	shakānak
شکاوة	shakāwat
شکاوند	shakāwand
شکاونده	shikāwanda
شکایة	shikāyat
شکپا	shikpā
شکپوی	shakpūy
شکد	shakd
شکر	shakr
شکران	shukrān
شکرانگی	shukrānagī
شکرانه	shakarāna
شکرانه	shukrāna
شکرانیة	shukrānīyat
شکرخوار	shakar-ḵẖẉār
شکرد	shikarad
شکردن	shikardan
شکرده	shakarda
شکردیدن	shikardīdan
شکرستان	shakaristān
شکرش	shakrish
شکرشان	shakar-shān
شکرفنده	shikarfanda
شکرک	shakarak
شکرنگ	shakrang
شکره	shikara
شکرهنج	shakarhanj
شکری	shakarī
شکریدن	shikrīdan
شکرین	shakarīn
شکرینه	shakarīna
شکز	shakz
شکس	shaks
شکست	shikast
شکستگی	shikastagī
شکستن	shikastan
شکسته	shikasta
شکشک	shakshak
شکفت	shikaft
شکفتانیدن	shikaftānīdan
شکفتن	shikaftan
شکفته	shikufta
شکفتیدن	shikiftīdan
شکفه	shikufa
شکفیدن	shikufīdan
شکک	shakak
شککال	shikkāl
شکل	shakl
شکلة	shuklat
شکله	shikla
شکلیدن	shiklīdan
شکم	shakm
شکم	shikam
شکمبه	shikamba
شکمدار	shikam-dār
شکمی	shikamī
شکن	shikan
شکنب	shikaṃb
شکنبا	shikaṃbā
شکنبه	shikaṃba
شکنج	shikanj
شکنجد	shikanjad
شکنجه	shikanja
شکنجیدن	shikanjīdan
شکنه	shikana
شکنی	shikane
شکو	shakw
شکوب	shukūb
شکوثا	shakūs̤ā
شکوخندگی	shikūḵẖandagī
شکوخه	shukūḵẖa
شکوخیدگی	shukūḵẖīdagī
شکور	shakūr
شکور	shukūr
شکوف	shukūf
شکوفا	shukūfā
شکوفتن	shukūftan
شکوفته	shukūfta
شکوفنده	shikūfanda
شکوفه	shikūfa
شکوفیدن	shukūfīdan
شکوک	shakūk
شکول	shukūl
شکوله	shukūla
شکولیدن	shukolīdan
شکونه	shukūna
شکوه	shikūh
شکوه	shakwa
شکوهانیدن	shukohānīdan
شکوهمند	shukohmand
شکوهمندی	shukohmandī
شکوهنج	shikohanj
شکوهندگی	shikūhandagī
شکوهنده	shikūhanda
شکوهه	shukoha
شکوهیدن	shikūhīdan
شکوهیده	shikūhīda
شکویٰ	shakwá
شکه	shaka
شکهمند	shukuhmand
شکهیدن	shikihīdan
شکی	shakkī
شکیب	shikeb
شکیبا	shikebā
شکیبافیدن	shikebānīdan
شکیبائی	shikebā’ī
شکیباییدن	shikebāyīdan
شکیبنده	shikebanda
شکیبندن	shikebīdan
شکیر	shakīr
شکیش	shakīsh
شکیفت	shikeft
شکیفتن	shikeftan
شکیل	shikīl
شکیمة	shakīmat
شکینه	shakīna
شگار	shagār
شگال	shagāl
شگالش	shigālish
شگاله	shagāla
شگالیدن	shigālīdan
شگالیو	shugālīv
شگانه	shagāna
شگاوند	shagāwand
شگاه	shagāh
شگپوی	shagpūy
شگرفی	shigarfī
شگفاندن	sigufāndan
شگفتانیدن	shiguftānīdan
شگفتگی	shiguftagī
شگفتن	shigiftan
شگفته	shigufta
شگفتی	shigifte
شگفتیدن	shigiftīdan
شگفه	shigufa
شگفیدن	shigifīdan
شگل	shigil
شگن	shugun
شگنی	shugunī
شگوار	shugwār
شگوفتن	shigūftan
شگوفه	shigūfa
شگوله	shugūla
شگون	shugūn
شگونه	shugūna
شگونیا	shagūniyā
شل	shal
شل	shall
شلاٴ	shallā’
شلاق	shalāq
شلال	shilāl
شلایین	shalāyīn
شلپوی	shalpūy
شلتاق	shiltāq
شلتوک	shaltok
شلته	shalta
شلجم	shaljam
شلخ	shalḵẖ
شلخت	shalaḵẖt
شلخته	shalaḵẖta
شلشل	shalshal
شلغم	shalg̱ẖam
شلغه	shilg̱ẖa
شلف	shalf
شلفا	shilfā
شلفه	shalfa
شلفیه	shalfiya
شلق	shalq
شلقت	shilqat
شلک	shalak
شلکا	shalkā
شلکک	shilkak
شلل	shalal
شلم	shalm
شلماب	shilmāb
شلمک	shalmak
شلمیز	shalmīz
شلنج	shilinj
شلو	shalw
شلو	shilv
شلوک	shalūk
شلوان	shaluwān
شلوهج	shulūhaj
شله	shala
شلیاق	shalyāk
شلیخ	shalīḵẖ
شلیخا	shalīḵẖā
شلیشا	shalīshā
شلیر	shalīr
شلیک	shalīk
شلیل	shalīl
شلیم	shalīm
شم	sham
شم	shamm
شما	shamā
شماتة	shamātat
شماج	shamāj
شماخ	shamāḵẖ
شماخی	shamāḵẖī
شمار	shimār
شمارا	shumārā
شمارنده	shumāranda
شماره	shumāra
شماری	shumārī
شماریخ	shamārīḵẖ
شماریدن	shumārīdan
شملریده	shumārīda
شماس	shammās
شماساس	shamāsās
شماسیان	shamāsiyān
شماطیط	shamāt̤īt̤
شماطیطاً	shamāt̤īt̤an
شماع	shammā‘
شماغنده	shamāg̱ẖanda
شماغیدن	shamāg̱ẖīdan
شمال	shamāl
شمالات	shimālāt
شماله	shamāla
شمالی	shamālī
شمالیه	shamāliya
شمام	shimām
شمامسة	shamāmisat
شمامه	shamāma
شمان	shamān
شمانیدن	shamānīdan
شمایان	shumāyān
شمائل	shamā’il
شمائلی	shamā’ilī
شمائم	shamā’im
شمپورگر	shampūr-gar
شمپوری	shampūrī
شمج	shamj
شمخ	shamḵẖ
شماذ	shimāẕ
شمذ	shamaẕ
شمر	shamr
شمر	shamar
شمراخ	shimrāḵẖ
شمردانیدن	shumurdānīdan
شمردگی	shumurdagī
شمردن	shumurdan
شمرده	shumurda
شمرش	shumurish
شمریدن	shamrīdan
شمس	shams
شمسا	shamsā
شمسدر	shimasdar
شمسه	shamsa
شمسی	shamsī
شمسیه	shamsīya
شمش	shumsh
شمشار	shimshār
شمشدر	shimashdar
شمشرا	shamsharā
شمشک	shimashk
شمشور	shumshūr
شمشیر	shamsher
شمشیرگر	shamshergar
شمط	shamt̤
شمع	sham‘
شمعدان	sham‘dān
شمعستان	sham‘istān
شمعگیران	sham‘-gīrān
شمعون	sham‘ūn
شمعی	sham‘ī
شمغند	shamg̱ẖand
شمغندان	shamg̱ẖandān
شمغنده	shamg̱ẖanda
شمغندیدن	shamg̱ẖandīdan
شمغیدن	shamg̱ẖīdan
شمکور	shamkūr
شمگیر	shamgīr
شمل	shaml
شمل	shamal
شملغ	shamlag̱ẖ
شمله	shamla
شملیت	shimlīt
شملید	shamlīd
شمم	shamam
شمن	shaman
شمنان	shamanān
شمند	shamand
شمنده	shamanda
شمو	shumūw
شموخ	shamūḵẖ
شموس	shumūs
شموع	shamū‘
شمول	shamol
شمول	shamūl
شمولیت	shumūlīyat
شموم	shamūm
شمه	shama
شمیا	shamyā
شمیانه	shamiyāna
شمید	shamīd
شمیدن	shamīdan
شمیده	shamīda
شمیر	shimmīr
شمیران	shamīrān
شمیز	shamīz
شمیسا	shamīsā
شمیط	shamīt̤
شمیم	shumīm
شمیم	shamīm
شمیمه	shamīma
شن	shan
شن	shann
شنا	shinā
شناب	shināb
شنابیدن	shinābīdan
شناة	shunāt
شناتر	shanātir
شناح	shanāḥ
شناخت	shināḵẖt
شناختگان	shināḵẖtagān
شناختگی	shināḵẖtagī
شناختن	shināḵẖtan
شناخته	shināḵẖta
شنار	shanār
شناریدن	shinārīdan
شناس	shinās
شناسا	shināsā
شناسان	shināsān
شناساندن	shināsāndan
شناسائی	shināsā’ī
شناسندگان	shināsandagān
شناسی	shināsī
شناسیدن	shināsīdan
شناعة	shanā‘at
شنافتن	shināftan
شناق	shanāq
شناگر	shināgar
شنان	shanān
شنان	shinān
شناو	shināv
شناور	shināwar
شناوری	shināwarī
شناوش	shināwish
شناویدن	shināwīdan
شناه	shināh
شنای	shināy
شنائع	shanā’i‘
شناییدن	shināyīdan
شنب	shaṃb
شنب	shanab
شنبد	shaṃbid
شنبلیت	shaṃbalīt
شنبلیده	shaṃbalīda
شنبلیل	shaṃbalīl
شنبوی	shaṃbūy
شنبه	shaṃba
شنبهی	shaṃbihī
شنت	shanat
شنتان	shinatān
شنج	shanj
شنج	shanaj
شنجار	shinjār
شنخرف	shanjarf
شنجود	shanjūd
شنجودن	shanjūdan
شنجیدن	shanjīdan
شند	shand
شندف	shandaf
شندله	shundila
شنزبه	shanzaba
شنش	shansh
شنش	shanash
شنشنة	shinshinat
شنع	shan‘
شنعة	shun‘at
شنغ	shunug̱ẖ
شنغار	shung̱ẖār
شنف	shanf
شنفتن	shiniftan
شنق	shanq
شنقار	shunqār
شنکرک	shankrak
شنکزن	shankzan
شنکسه	shankasa
شنکل	shankal
شنکله	shankala
شنکلیل	shankalīl
شنکور	shankūr
شنکوک	shankūk
شنکول	shankūl
شنگ	shang
شنگار	shingār
شنگان	shingān
شنگاهم	shangāham
شنگبیز	shangbīz
شنگرف	shangarf
شنگرک	shangurk
شنگول	shangūl
شنگویر	shangwīr
شنگویز	shangwez
شنگه	shanga
شنگیار	shingyār
شنگینه	shangīna
شنل	shanal
شنلک	shanlak
شنلوک	shanlūk
شنلیک	shanlīk
شنو	shanū
شنوا	shinawā
شنوار	shanwār
شنود	shunūd
شنوسه	shanūsa
شنوع	shunū‘
شنون	shanūn
شنونتن	shanūnitan
شنوه	shanuwa
شنه	shana
شنی	shanī
شنید	shanīd
شنیدن	shanīdan
شنیده	shanīda
شنیز	shanīz
شنیژه	shanizha
شنیع	shanī‘
شنین	shanīn
شوا	shawā
شواة	shawāt
شوار	shawār
شوارب	shawārib
شوارع	shawāri‘
شوارق	shawāriq
شواش	shiwāsh
شواصرا	shawāṣarā
شواطی	shawāt̤ī
شواظ	shiwāz̤
شواعل	shawā‘il
شواکل	shawākil
شوال	shawāl
شوال	shauwāl
شوالک	shawālak
شوامخ	shawāmiḵẖ
شوامل	shawāmil
شوان	shuwān
شواهد	shawāhid
شواهق	shawāhiq
شواهین	shawāhīn
شوائب	shawā’ib
شوائی	shawā’ī
شوب	shaub
شوب	shob
شوبا	shaubā
شوبان	shobān
شوبج	shūbaj
شوبرگ	shūbarg
شوبست	shobast
شوبک	shaubak
شوئبوب	shū’būb
شوپست	shopast
شوتن	shūtan
شوخ	shoḵẖ
شوخانیدن	shūḵẖānīdan
شوخط	shauḵẖat̤
شوخگن	shoḵẖgin
شوخگین	shoḵẖ-gīn
شوخگینی	shoḵẖ-gīnī
شوخودن	shoḵẖūdan
شوخی	shoḵẖi
شوخیدن	shoḵẖīdan
شود	shūd
شودانیق	shūdānīq
شودر	shūdar
شودن	shūdan
شودی	shūdī
شور	shaur
شور	shor
شوراب	shor-āb
شورابه	shorāba
شورانیدن	shorānīdan
شوربا	shorbā
شورباج	shūrabāj
شورج	shoraj
شورتاغ	shūrtāg̱ẖ
شورستان	shoristān
شورش	shorish
شورم	shoram
شوروا	shorwā
شوره	shora
شوری	shorī
شوریٰ	shaurá
شوریت	shorīyat
شوریدگی	shorīdagī
شوریدن	shorīdan
شوریده	shorīda
شوژه	shūzha
شوس	shaus
شوسه	shosa
شوش	shaush
شوش	shūsh
شوشتر	shūshtar
شوشک	shūshak
شوشمیر	shūshmīr
شوشو	shūshū
شوشه	shūsha
شوص	shauṣ
شوصة	shauṣat
شوط	shūt̤
شوط	shaut̤
شوع	shaw‘
شوغ	shog̱ẖ
شوغه	shog̱ẖa
شوف	shauf
شوق	shauq
شوقی	shauqī
شوقیة	shauqiya
شوک	shauk
شوک	shūk
شوکا	shūkā
شوکار	shav-kār
شوکة	shaukat
شوکران	shaukarān
شوکک	shokak
شوکه	shūka
شوگ	shūg
شوگا	shav-gā
شوگان	shawagān
شوگون	shūgūn
شول	shaul
شول	shol
شولان	shaulān
شولة	shaulat
شولک	shaulak
شولمن	sholman
شوله	shaula
شولی	shūlī
شولیدن	sholīdan
شولیده	sholīda
شوٴم	shu’m
شومارمند	shūmārmand
شومال	shū-māl
شومخ	shomaḵẖ
شومز	shūmiz
شومستان	shūmistān
شومی	shūmī
شومیة	shūmiyat
شومیر	shaumir
شومیزیدن	shūmīzīdan
شون	shūn
شونبرون	shūnbrūn
شوند	shawand
شوندا	shawandā
شوندر	shawandar
شونده	shawanda
شونست	shūnist
شونق	shauniq
شونک	shaunik
شونیج	shūnīj
شونیز	shūnīz
شونیزیة	shūnīzīyat
شونیزیه	shaunīzya
شوون	shu’ūn
شوونات	shu’ūnāt
شوه	shauh
شوه	shawa
شوهاء	shauhā’
شوهر	shauhar
شوهره	shohira
شوهن	shūhan
شوهیر	shauhīr
شوهیره	shūhīra
شوهین	shūhīn
شوهیه	shūhīh
شوی	shūy
شویانیدن	shūyānīdan
شویت	shiwīt
شویدن	shawīdan
شویست	shawīst
شویلا	shuwīlā
شویله	shuwīla
شویندگی	shūyandagī
شوینده	shūyanda
شویه	shūya
شوییدن	shūyīdan
شه	shah
شها	shahā
شهاب	shahāb
شهاد	shahād
شهادة	shahādat
شهار	shihār
شهارو	shahārū
شهاق	shuhāq
شهام	shihām
شهامة	shahāmat
شهانه	shahāna
شهاید	shuhāyad
شهب	shahb
شهباء	shahbā’
شهباز	shah-bāz
شهبال	shah-bāl
شهبد	shahbad
شهبری	shahbarī
شهبلوط	shah-balūt̤
شهبندر	shah-bandar
شهبوی	shah-būy
شهبیت	shah-bait
شهپر	shah-par
شهترج	shahtaraj
شهتوت	shah-tūt
شهچال	shah-chāl
شهد	shahd
شهدا	shahd-an
شهدان	shahdān
شهدانج	shahdānaj
شهداند	shah-dāna
شهدک	shahdak
شهدیوار	shah-dīwār
شهر	shahr
شهراه	shah-rāh
شهرخا	shah-ruḵẖā
شهرزوری	shahrzōrī
شهرستان	shahristān
شهرک	shahrak
شهرگ	shah-rag
شهرمند	shahrmand
شهروا	shah-rawā
شهرود	shah-rūd
شهروز	shah-rūz
شهروزه	shah-roza
شهره	shahra
شهری	shahrī
شهریة	shahrīyat
شهریده	shahrīda
شهریر	shahrīr
شهریورگان	shahrīwargān
شهریوری	shahrīwarī
شهزادگان	shah-zādagān
شهزاده	shah-zāda
شهزود	shah-zūd
شهسوار	shah-suwār
شهقة	shuhqat
شهکار	shahkār
شهل	shahl
شهلا	shahlā
شهلان	shahlān
شهلنگ	shahlang
شهله	shahla
شهلیده	shahlīda
شهم	shahm
شهمات	shah-māt
شهناز	shah-nāz
شهنای	shah-nāy
شهند	shahand
شهنشا	shahanshā
شهشاهی	shahanshāhī
شهنشین	shah-nishīn
شهنگانه	shahangāna
شهنو	shihnau
شهوار	shahwār
شهوانی	shahwānī
شهوة	shahwat
شهشوتی	shahwatī
شهود	shuhūd
شهور	shuhūr
شهوق	shuhūq
شهوی	shahwá
شهه	shiha
شهی	shahī
شهیدًا	shahīd-an
شهیدی	shahīdī
شهیر	shahīr
شهیره	shahīra
شهیق	shahīq
شهیم	shahīm
شهین	shahīn
شی	shī
شیء	shai’
شیابی	shiyābī
شیاد	shaiyād
شیار	shiyār
شیارانیدن	shiyārānīdan
شیاریدن	shiyārīdan
شیاطین	shayāt̤īn
شیاع	shiyā‘
شیاف	shiyāf
شئامة	shi’āmat
شیان	shiyān
شیانی	shiyānī
شیب	shaib
شیباء	shaibā’
شیبا	shībā
شیبان	shībān
شیبانیة	shaibānīyat
شیبانیدن	shībānīdan
شیبه	shība
شیبه	shaiba
شیبنده	shībanda
شیبور	shaibūr
شیبیدن	shībīdan
شیبین	shībīn
شیپوی	shaipūy
شیت	shīt
شیترک	shaitarak
شیث	shīs̤
شیح	shaiḥ
شیخ	shīḵẖ
شیخ	shaiḵẖ
شیخان	shīḵẖān
شیخانه	shīḵẖāna
شیخة	shaiḵẖat
شیخوخة	shaiḵẖūḵẖat
شیخوخیة	shaiḵẖūḵẖīyat
شیخی	shaiḵẖī
شید	shaid
شیدا	shaidā
شیداب	shīdāb
شیدان	shīdān
شیدانه	shīdāna
شیدائی	shaidā’ī
شیدخ	shīdaḵẖ
شیدسب	shaidasb
شیدکی	shīdikai
شیدوش	shedosh
شیده	sheda
شیذر	sheẕar
شیر	sher
شیرابه	shīrāba
شیراز	shīrāz
شیرازه	shīrāza
شیرازی	shīrāzī
شیراغ	shīrāg̱ẖ
شیراملج	shīrāmulaj
شیرانه	sherāna
شیرای	shīrāy
شیربا	shīr-bā
شیربان	sher-bān
شیربخ	shīrbaḵẖ
شیرج	shīraj
شیردان	shīrdān
شیرزج	shīr-zaj
شیرزق	shīrzaq
شیرزه	sherza
شیرستان	sheristān
شیرکی	shīrkī
شیرم	shīram
شیرمان	shermān
شیرناک	shernāk
شیرنج	shīranj
شیرنه	shīrna
شیروان	shīrwān
شیروانات	shīrwānāt
شیروانی	shīrwānī
شیروشلیم	shīrūshilīm
شیروغن	shīraug̱ẖan
شیرونه	shīrūna
شیروی	sherūy
شیرویه	sherūya
شیره	shīra
شیری	sherī
شیرین	shīrīn
شیرینک	shīrīnak
شیرینه	shīrīna
شیرینی	shīrīnī
شیز	shīz
شیسله	shīsla
شیسلهورست	shīsalhūrst
شیشاک	shīshāk
شیشالنگ	shīshālang
شیشت	shīshat
شیشک	shīshak
شیشله	shīshala
شیشم	shīshum
شیشو	shīshū
شیشه	shīsha
شیشیک	shīshīk
شیص	shīṣ
شیط	shait
شیطان	shait̤ān
شیطانت	shait̤ānat
شیطانی	shait̤ānī
شیطانیه	shait̤ānīya
شیطرج	shīt̤araj
شیطره	shait̤ara
شیطنة	shait̤anat
شیطوطة	shait̤ūt̤at
شیع	shai‘
شیعة	shai‘at
شیعی	shī‘ī
شیفتگی	sheftagī
شیفتن	sheftan
شیفته	shefta
شیق	shīq
شیقوموری	shīqūmūrī
شیقه	shaiqa
شیک	shīk
شیکران	shaikurān
شیگار	shīgār
شیل	shīl
شیلات	shīlāt
شیلان	shelān
شیلانه	shelāna
شیلاک	shīlak
شیلم	shailam
شیلونه	shailūna
شیله	shīla
شیله	shela
شیم	shaim
شیم	shīm
شیمة	shīmat
شیمه	shema
شین	shain
شین	shīn
شینا	shīnā
شیناب	shīnāb
شینه	shīna
شینیز	shainīz
شیو	shev
شیوا	shevā
شیواد	shīwād
شیوان	shīwān
شیوانیدن	shīwānīdan
شیوخیة	shuyūḵẖīyat
شیوشه	shuyūsha
شیوع	shayū‘
شیوعی	shuyū‘ī
شیون	shevan
شیونده	shīwanda
شیوه	shewa
شیویدن	shīwīdan
شیوینه	shewīna
شیه	shiya
شیه	shaih
شیهه	shīha
شییدن	shayīdan
شیئة	shī’at
شیییء	shuyay’
صاب	ṣāb
صاب	ṣābb
صابر	ṣābir
صابری	ṣabirī
صابوته	ṣābūta
صابون	ṣābūn
صابونی	ṣābūnī
صابیء	ṣābi’
صاچمه	ṣāchma
صاح	ṣāḥ
صاحب	ṣāḥib
صاحبه	ṣāḥiba
صاحبی	ṣāḥibī
صاحی	ṣāḥī
صاخة	ṣāḵẖḵẖat
صاد	ṣād
صادر	ṣādir
صادق	ṣādiq
صادقانه	ṣadiqāna
صادقی	ṣādiqī
صارخ	ṣāriḵẖ
صارم	ṣārim
صاروج	ṣārūj
صاره	ṣāra
صاع	sā‘
صاغر	ṣāg̱ẖar
صاغر	ṣāg̱ẖir
صاف	ṣāf
صافاصاف	ṣāf-ā-ṣāf
صافر	ṣāfir
صافن	ṣāfin
صافنات	ṣāfināt
صافورا	ṣāfūrā
صافی	ṣāfī
صاقل	sāqil
صاقورة	ṣāqūrat
صاٴک	sa’ak
صال	ṣāl
صالب	ṣālib
صالح	ṣāliḥ
صالحات	ṣāliḥāt
صالحون	ṣāliḥūn
صالحیة	ṣāliḥīyat
صاٴم	ṣa’m
صامت	ṣāmit
صامل	ṣāmil
صانع	ṣāni‘
صاوی	ṣāwī
صاهل	ṣāhil
صائب	ṣā’ib
صایبان	ṣāybān
صائف	ṣā’if
صائل	ṣā’il
صائم	ṣā’im
صب	ṣabb
صبا	ṣabā
صبانة	ṣabābat
صباة	ṣubāt
صباح	ṣabāḥ
صباحة	ṣabāḥat
صباخ	ṣabbāḵẖ
صبار	ṣibār
صبارة	ṣabārat
صباغ	ṣibāg̱ẖ
صباوة	ṣabāwat
صبایا	ṣabāyā
صب	ṣabab
صبة	ṣabbat
صبح	ṣabḥ
صبحدم	ṣubḥ-dam
صبحگاه	ṣubḥ-gāh
صبحگاهی	ṣubhgāhī
صبر	ṣabr
صبراء	ṣubarā’
صبرة	ṣabrat
صبع	ṣab‘
صبغة	ṣibg̱ẖat
صبن	ṣabn
صبو	ṣubūw
صبوة	ṣabwat
صبوح	ṣabūḥ
صبوحی	ṣabūḥī
صبور	ṣabūr
صبوره	ṣabūra
صبوری	ṣubūrī
صبوغ	ṣubūg̱ẖ
صبوی	ṣabawī
صبی	ṣabī
صبی	ṣabīy
صبیب	ṣabīb
صبیح	ṣabīḥ
صبیر	ṣabīr
صبیه	ṣabīya
صت	ṣatt
صتع	ṣat‘
صج	ṣajj
صح	ṣaḥ
صحاب	ṣiḥāb
صحابی	ṣaḥābī
صحاح	ṣaḥāḥ
صحاراً	ṣiḥār-an
صحامح	ṣaḥāṣiḥ
صحاف	ṣiḥāf
صحائف	ṣaḥā’if
صحب	ṣaḥb
صحبان	ṣuḥbān
صحبة	ṣuḥbat
صحبتی	ṣuḥbatī
صحة	ṣiḥḥat
صحر	ṣaḥr
صحراء	ṣaḥrā’
صحراوات	ṣaḥrāwāt
صحرائی	ṣaḥrā’ī
صحصح	ṣaḥṣaḥ
صحصوح	ṣuḥṣūḥ
صحف	ṣuḥuf
صحل	ṣaḥal
صحن	saḥn
صحناٴ	ṣaḥnā’
صحناة	ṣaḥnāt
صحنک	ṣaḥnak
صحو	ṣaḥw
صحیح	ṣaḥīḥ
صخ	ṣaḵẖḵẖ
صخاب	ṣaḵẖḵẖāb
صخب	ṣaḵẖab
صخد	ṣaḵẖd
صخود	ṣuḵẖūd
صخور	ṣuḵẖūr
صد	ṣad
صد	ṣadd
صدا	ṣadā
صداد	ṣidād
صدار	ṣidār
صدارة	ṣadārat
صداع	ṣudā‘
صداغ	ṣidāg̱ẖ
صداقة	ṣadāqat
صدام	ṣidām
صدح	ṣadḥ
صدد	ṣadad
صدر	ṣadr
صدرة	ṣudrat
صدرنج	ṣad-ranj
صدره	ṣad-rah
صدری	ṣadrī
صدع	ṣad‘
صدغ	ṣadg̱ẖ
صدف	ṣadf
صدفچه	ṣadafcha
صدق	ṣadq
صدقاء	ṣudaqā’
صدقات	ṣadaqāt
صدقة	ṣadqat
صدم	ṣadm
صدمات	ṣadamāt
صدود	ṣadūd
صدور	ṣudūr
صدوع	ṣudū‘
صدوف	ṣadūf
صدوق	ṣadūq
صده	ṣada
صدیٰ	ṣadá
صدید	ṣadīd
صدیع	ṣadī‘
صدیق	ṣadīq
صدیک	ṣad-yak
صر	ṣarr
صراحة	ṣarāḥat
صراحی	ṣurāḥī
صراخ	ṣurāḵẖ
صراد	ṣurrād
صرار	ṣarār
صرارة	ṣarārat
صراصر	ṣarāṣir
صراط	ṣirāt̤
صراع	ṣirā‘
صراف	ṣirāf
صرافة	ṣarāfat
صرافخانه	ṣarrāf-ḵẖāna
صرافی	ṣarrāfī
صرام	ṣarām
صرب	ṣarb
صرة	ṣarrat
صرح	ṣarḥ
صرحاء	ṣuraḥā’
صرحة	ṣarḥat̤
صرخة	ṣarḵẖat
صرخد	ṣarḵẖad
صرخدی	ṣarḵẖadī
صرد	ṣard
صرصر	ṣarṣar
صرصرة	ṣarṣarat
صرصری	ṣarṣarī
صرع	ṣar‘
صرعة	ṣar‘at
صرعیٰ	ṣar‘á
صرف	ṣarf
صرفه	ṣarfa
صرفی	ṣarfī
صرمة	ṣirmat
صرنا	ṣurnā
صرو	ṣarw
صروحة	ṣurūḥat
صروح	ṣurūḥ
صروع	ṣarū‘
صرور	ṣarūr
صروف	ṣarūf
صروم	ṣarūm
صره	ṣurra
صریب	ṣarīb
صریح	ṣarīḥ
صریحاً	ṣarīḥan
صریحی	ṣarīḥī
صریخ	ṣarīḵẖ
صریر	ṣarīr
صریرا	ṣarīrā
صریع	ṣarī‘
صریف	ṣarīf
صریفة	ṣarīfat
صریم	ṣarīm
صریمة	ṣarīmat
صطبل	ṣit̤abl
صطخر	ṣit̤aḵẖr
صطرلاب	ṣat̤arlāb
صعاب	si‘āb
صعب	ṣa‘b
صعبناک	ṣa‘bnāk
صعتر	ṣa‘tar
صعد	ṣa‘ad
صعداء	ṣa‘dā’
صعر	ṣa‘ar
صعرور	ṣu‘rūr
صعصع	ṣa‘ṣa‘
صعصعة	ṣa‘ṣa‘at
صعف	ṣa‘f
صعفة	ṣa‘fat
صعفق	ṣa‘faq
صعفوق	ṣa‘fūq
صعق	ṣa‘q
صعقة	ṣa‘qat
صعلوک	ṣu‘lūk
صعو	ṣa‘w
صعوبة	ṣu‘ūbat
صعود	ṣa‘ūd
صعید	ṣa‘īd
صغار	ṣig̱ẖār
صغارة	ṣag̱ẖārat
صغانة	ṣag̱ẖānat
صغانیان	ṣag̱ẖāniyān
صغانی	ṣag̱ẖānī
صغائر	ṣag̱ẖā’ir
صغبین	ṣig̱ẖbīn
صغد	ṣug̱ẖd
صغر	ṣag̱ẖr
صغرا	ṣug̱ẖrā
صغران	ṣug̱ẖrān
صغریٰ	ṣug̱ẖrá
صغیر	ṣag̱ẖīr
صغیری	ṣag̱ẖīrī
صف	ṣaff
صفا	ṣafā
صفاة	ṣafāt
صفات	ṣifāt
صفاتی	ṣifātī
صفاتیة	ṣifātīyat
صفاح	ṣifāḥ
صفاد	ṣifād
صفار	ṣafār
صفاریان	ṣaffāriyān
صفاف	ṣifāf
صفاق	ṣifāq
صفاقة	ṣafāqat
صفاوت	ṣafāwat
صفاهان	ṣifāhān
صفاهانی	ṣifāhānī
صفایا	ṣafāyā
صفائح	ṣafā’iḥ
صفائی	ṣafā’ī
صفاییان	ṣafāyiyān
صفة	ṣifat
صفت	ṣafat
صفتیه	ṣifatīya
صفح	ṣafḥ
صفحات	ṣafaḥāt
صفد	ṣafd
صفدر	ṣaf-dar
صفدری	ṣaf-darī
صفدی	ṣafadī
صفر	ṣafr
صفراء	ṣafrā’
صفراغون	ṣafrāg̱ẖūn
صفراکش	ṣafrā-kush
صفراگون	ṣafrāgūn
صفراوی	ṣafrāwī
صفرویه	ṣafrūya
صفرائی	ṣafrā’ī
صفرة	ṣafrat
صفردار	ṣifr-dār
صفزنی	ṣaf-zanī
صفشکن	ṣaf-shikan
صفصاف	ṣafṣāf
صفصف	ṣafṣaf
صفع	ṣaf‘
صفف	ṣafaf
صفق	ṣafq
صفقة	ṣafqat
صفن	ṣafn
صفو	ṣafw
صفوان	ṣafwān
صفوح	ṣafūḥ
صفور	ṣufūr
صفوراٴ	ṣafūrā’
صفوف	ṣafūf
صفوق	ṣafūq
صفون	ṣufūn
صفوی	ṣafawī
صفه	ṣuffa
صفی	ṣafī
صفیح	ṣafīḥ
صفیحة	ṣafīḥat
صفیر	ṣafīr
صفیف	ṣafīf
صفیق	ṣafīq
صفین	ṣiffīn
صفینه	ṣafīna
صقار	ṣiqār
صقاع	ṣiqā’
صقال	ṣiqāl
صقالبة	ṣaqālibat
صقالة	ṣiqālat
صقب	ṣaqb
صقر	ṣaqr
صقع	ṣaq‘
صقعة	suq‘at
صقل	ṣaql
صقلاب	ṣiqlāb
صقور	ṣuqūr
صقوف	ṣuqūf
صقیع	ṣaqī‘
صقیل	ṣaqīl
صک	ṣakk
صکاک	ṣikāk
صکوک	ṣukūk
صکم	ṣakm
صکیک	ṣakīk
صل	ṣall
صلا	ṣalā
صلاء	ṣalā’
صلابة	ṣalābat
صلابه	ṣalāba
صلاة	ṣalāt
صلات	ṣilāt
صلاح	ṣalāḥ
صلاحیة	ṣalāḥīyat
صلاوه	ṣalāwa
صلایة	ṣalāyat
صلائق	ṣalā’iq
صلایه	ṣilāya
صلب	ṣalb
صلبی	ṣulbī
صلبیه	ṣulbiya
صلت	ṣalt
صلج	ṣalj
صلح	ṣilḥ
صلحاً	ṣulḥ-an
صلحاء	ṣulahā’
صلحه	ṣulḥa
صلخ	ṣalaḵẖ
صلخانه	ṣalḵẖāna
صلد	ṣald
صلصال	ṣalṣāl
صلصل	ṣalṣal
صلع	ṣul‘
صلعاء	ṣal‘ā’
صلعم	ṣal‘am
صلف	ṣalf
صلق	ṣalq
صلم	ṣalm
صلوات	ṣalawāt
صلٰوة	ṣalāt
صلوح	ṣalūḥ
صلوخ	ṣalūḵẖ
صلود	ṣalūd
صلوغ	ṣulūg̱ẖ
صلول	ṣulūl
صلون	ṣalūn
صله	ṣila
صلی	ṣaly
صلیب	ṣalīb
صلیبی	ṣalībī
صلیعاء	ṣulai‘ā’
صلیغ	ṣalīg̱ẖ
صلیف	ṣalīf
صلیق	ṣalīq
صلیل	ṣalīl
صم	ṣamm
صماء	ṣammā’
صمات	ṣumāt
صماح	ṣumāḥ
صماخ	ṣamāḵẖ
صماد	ṣimād
صمام	ṣamām
صمان	ṣamān
صمة	ṣimmat
صمت	ṣamt
صمجة	ṣamajat
صمح	ṣamḥ
صمخ	ṣamḵẖ
صمد	ṣamd
صمدان	ṣamdān
صمدانیة	ṣamdānīyat
صمر	ṣamr
صمصام	ṣamṣām
صمصم	ṣamṣam
صمع	ṣam‘
صمغ	ṣamg̱ẖ
صمل	ṣaml
صمم	ṣamam
صموت	ṣamūt
صمور	ṣamūr
صمور	ṣumūr
صمول	ṣumūl
صمیم	ṣamīm
صمیمی	ṣamīmī
من	ṣinn
صناب	ṣināb
صنادید	ṣanādīd
صنادیق	ṣanādīq
صناع	ṣannā‘
صناعة	ṣinā‘at
صنان	ṣunān
صنائع	ṣanā’i‘
صنج	ṣanj
صنجات	ṣanjāt
صنجة	ṣanjat
صنجوق	ṣanjūq
صندل	ṣandal
صندلی	ṣandalī
صندوقچه	ṣandūqcha
صندوقخانه	ṣandūq-ḵẖāna
صندوقی	ṣandūqī
صندید	ṣindīd
صنع	ṣan‘
صنعاء	ṣan‘ā’
صنعانی	ṣan‘ānī
صنعة	ṣan‘at
صنعتکار	ṣan‘at-kār
صنعتگر	ṣan‘atgar
صنعتگری	ṣan‘atgari
صنعی	ṣun‘ī
صنعتی	ṣan‘atī
صنف	ṣanf
صنفی	ṣanfī
صنق	ṣanaq
صنم	ṣanam
صنو	ṣanw
صنوان	ṣinwān
صنوبر	ṣanaubar
صنوف	ṣunūf
صنوین	ṣinwain
صنیع	ṣanī‘
صنیعة	ṣanī‘at
صواب	ṣawāb
صوابدید	ṣawāb-dīd
صوابنما	ṣawāb-namā
صواح	ṣuwāḥ
صوارف	ṣawārif
صوارم	ṣawārim
صواعق	ṣawā‘iq
صواغ	ṣuwāg̱ẖ
صواف	ṣauwāf
صوام	ṣawām
صوالج	ṣawālij
صوالح	ṣawāliḥ
صوامع	ṣawāmi‘
صوب	ṣaub
صوبجات	ṣūbajāt
صوبه	ṣūba
صوت	ṣaut
صوح	ṣauḥ
صور	ṣaur
صوراخی	ṣūrāḵẖī
صورة	ṣaurat
صورةً	ṣūratan
صورتنما	ṣūrat-namā
صورتی	ṣūratī
صوره	ṣūra
صوری	ṣūrī
صوطله	ṣūt̤ala
صوع	ṣau‘
صوغ	ṣaug̱ẖ
صوف	ṣauf
صوفة	ṣūfat
صوفی	ṣūfī
صوفیان	ṣūfiyān
صوفیانه	ṣūfiyāna
صوق	ṣauq
صوک	ṣauk
صول	ṣaul
صولة	ṣaulat
صولجان	ṣaulajān
صوم	ṣaum
صومع	ṣauma‘
صون	ṣaun
صونطراج	ṣūn-t̤arāj
صهار	ṣihār
صهال	ṣuhāl
صهام	ṣuhām
صهب	ṣuhb
صهباء	ṣahbā’
صهد	ṣahd
صهر	ṣahr
صهریة	ṣahrīyat
صهریج	ṣihrīj
صهود	ṣahwad
صهیب	ṣuhaib
صهیل	ṣahīl
صیاح	ṣiyāḥ
صیاد	ṣaiyād
صیادلة	ṣayādilat
صیادی	ṣayādī
صیارف	ṣayārif
صیاصی	ṣayāṣī
صیاغ	ṣaiyāg̱ẖ
صیاغة	ṣiyāg̱ẖat
صیاقل	ṣayāqil
صیال	ṣiyāl
صیام	ṣiyām
صیان	ṣiyān
صیانة	ṣiyānat
صیب	ṣaib
صیت	ṣīt
صیح	ṣaiḥ
صیحانی	ṣaiḥānī
صیحة	ṣaiḥat
صید	ṣaid
صیداء	ṣaidā’
صیدانی	ṣaidānī
صیدق	ṣaidaq
صیدگر	ṣaidgar
صیدلان	ṣaidalān
صیدلانی	ṣaidalānī
صیدلة	ṣaidalat
صیدی	ṣaidī
صیر	ṣair
صیرة	ṣīrat
صیرف	ṣairaf
صیرورة	ṣairūrat
صیص	ṣaiṣ
صیصة	ṣīṣat
صیغ	ṣīg̱ẖ
صیف	ṣaif
صیفی	ṣaifī
صیق	ṣīq
صیقل	ṣaiqal
صیقلی	ṣaiqalī
صیک	ṣaik
صیلب	ṣailab
صیمگان	ṣīmgān
صین	ṣīn
صینی	ṣīnī
صیوب	ṣayūb
صیهب	ṣaihab
ض	ẓ
ضابط	ẓābit̤
ضابطگی	ẓābit̤agī
ضابطه	ẓābit̤a
ضاجع	ẓāji‘
ضاحک	ẓāḥik
ضاحکة	ẓāḥikat
ضاد	ẓa’d
ضار	ẓārr
ضارب	ẓārib
ضارج	ẓārij
ضارع	ẓāri‘
ضارورة	ẓārūrat
ضاری	ẓārī
ضاٴط	ẓa’at̤
ضاغط	ẓāg̱ẖit
ضاغن	ẓāg̱ẖin
ضاغوط	ẓāg̱ẖūt̤
ضال	ẓāl
ضالة	ẓāllat
ضامر	ẓāmir
ضامز	ẓāmiz
ضامن	ẓāmin
ضامنی	ẓāminī
ضامنیة	ẓāminīyat
ضاٴن	ẓa’n
ضائع	ẓā’i‘
صائن	ẓā’in
صب	ẓabb
ضباب	ẓabāb
صباح	ẓubāḥ
ضبار	ẓabbār
ضباع	ẓibā‘
ضبب	ẓabab
ضبة	ẓabbat
ضبث	ẓabs̤
ضبح	ẓabḥ
ضبر	ẓabr
ضبس	ẓabs
ضبط	ẓabt̤
ضبطی	ẓabt̤ī
ضبع	ẓab‘
ضبعان	ẓib‘ān
ضبعطیٰ	ẓaba‘t̤á
ضبن	ẓabn
ضبور	ẓabūr
ضبوع	ẓubū‘
ضبیب	ẓabīb
ضج	ẓajj
ضجاج	ẓajāj
ضجة	ẓajjat
ضجرة	ẓujrat
ضجع	ẓaj‘
ضجعة	ẓaj‘at
ضجم	ẓajam
ضجن	ẓajan
ضجوج	ẓajūj
ضجور	ẓajūr
ضجوع	ẓajū‘
ضجیج	ẓajīj
ضجیع	ẓajī‘
ضح	ẓiḥḥ
ضحاء	ẓaḥā’
ضحاک	ẓaḥḥāk
ضحایا	ẓaḥāyā
ضحضاح	ẓaḥẓāḥ
ضحک	ẓaḥk
ضحکة	ẓaḥkat
ضحل	ẓaḥl
ضحن	ẓaḥan
ضحو	ẓaḥw
ضحوة	ẓaḥwat
ضحوک	ẓaḥūk
ضحی	ẓaḥy
ضحیاء	ẓaḥyā’
ضخ	ẓaḵẖḵẖ
ضخام	ẓaḵẖām
ضخامة	ẓaḵẖāmat
ضخم	ẓaḵẖm
ضخیم	ẓaḵẖīm
ضد	ẓadd
ضداد	ẓidād
ضدی	ẓiddī
ضدین	ẓiddain
ضدید	ẓadīd
ضر	ẓarr
ضراء	ẓarā’
ضراب	ẓirāb
ضرابخانه	ẓarrāb-ḵẖāna
ضرابی	ẓarrābī
ضراح	ẓarāḥi
ضرار	ẓirār
ضرارة	ẓarārat
ضراط	ẓurāt̤
ضراعة	ẓarā‘at
ضراک	ẓurāk
ضرام	ẓirām
ضراوة	ẓarāwat
ضرائر	ẓarā’ir
ضرب	ẓarb
ضربزن	ẓarbuzan
ضربی	ẓarbī
ضرة	ẓarrat
ضرج	ẓarj
ضرح	ẓarḥ
ضرر	ẓarar
ضرس	ẓars
ضرع	ẓar‘
ضرغام	ẓirg̱ẖām
ضروح	ẓarūḥ
ضرور	ẓarūr
ضرورة	ẓarūrat
ضرورت	ẓarūrat
ضروری	ẓarūrī
ضروریه	ẓarūrīya
ضروس	ẓarūs
ضروع	ẓarū‘
ضریب	ẓarīb
ضریبة	ẓarībat
صریج	ẓarīj
ضویح	ẓarīḥ
ضریر	ẓarīr
ضریس	ẓarīs
ضریع	ẓarī‘
ضریک	ẓarīk
ضعة	ẓa‘at
ضعد	ẓa‘d
ضعضاع	ẓa‘ẓā‘
ضعط	ẓa‘t̤
ضعف	ẓa‘f
ضعفاء	ẓu‘afā’
ضعیف	ẓa‘īf
ضعیفی	ẓa‘īfī
ضغاطة	ẓag̱ẖāt̤at
ضغبوس	ẓug̱ẖbūs
ضغث	ẓag̱ẖs̤
ضغد	ẓag̱ẖd
ضغط	ẓag̱ẖt̤
ضغطة	ẓag̱ẖt̤at
ضغم	ẓag̱ẖm
ضغیط	ẓag̱ẖīt̤
ضغینة	ẓag̱ẖīnat
ضف	ẓaff
ضفار	ẓafār
ضفة	ẓaffat
ضفد	ẓafd
ضفر	ẓafr
ضفف	ẓafaf
ضفوة	ẓafwat
ضفوف	ẓafūf
ضفیر	ẓafīr
ضفیرة	ẓafīrat
ضک	ẓakk
ضلاعة	ẓalā‘at
ضلال	ẓalāl
ضلالة	ẓalālat
ضلع	ẓal‘
ضلل	ẓalal
ضلول	ẓalūl
ضلیع	ẓalī‘
ضلیل	ẓalīl
ضم	ẓamm
ضماد	ẓimād
ضمادة	ẓimādat
ضمار	ẓimār
ضمان	ẓamān
ضمانة	ẓamānat
ضمانتی	ẓamānatī
ضمائر	ẓamā’ir
ضمائم	ẓamā’im
ضمج	ẓamj
ضمخ	ẓamḵẖ
ضمد	ẓamd
ضمر	ẓamr
ضمران	ẓamrān
ضمز	ẓamz
ضمس	ẓams
ضمضام	ẓamẓām
ضمن	ẓamn
ضمناً	ẓimnan
ضمنی	ẓimnī
ضمه	ẓamma
ضمیر	ẓamīr
ضمیران	ẓamīrān
ضمیری	ẓamīrī
ضمیم	ẓamīm
ضمین	ẓamīn
ضن	ẓinn
ضنة	ẓinnat
ضنک	ẓank
ضنکت	ẓankat
ضنیٰ	ẓaná
ضواء	ẓiwā’
ضوابط	ẓawābit̤
ضواجع	ẓawāji‘
ضواحک	ẓawāḥik
ضوٴاد	ẓu’ād
ضواع	ẓuwā‘
ضوج	ẓauj
ضود	ẓu’d
ضور	ẓaur
ضوز	ẓauz
ضوس	ẓaus
ضوع	ẓau‘
ضومر	ẓaumar
ضومران	ẓaumurān
ضهد	ẓahd
ضهر	ẓahr
ضهس	ẓahs
ضهل	ẓahl
ضهوة	ẓahwat
ضهول	ẓahūl
ضهیاٴ	ẓahya’
ضیاء	ẓiyā’
ضیاح	ẓayāḥ
صیاع	ẓayā‘
ضیافة	ẓiyāfat
ضیاگستر	ẓiyā-gustar
ضیج	ẓaij
ضیح	ẓaiḥ
ضیر	ẓair
ضیز	ẓaiz
ضیزن	ẓaizan
ضیزیٰ	ẓizá
ضیعة	ẓai‘at
ضیغم	ẓaig̱ẖam
ضیف	ẓaif
ضیفان	ẓīfān
ضیقة	ẓaiqat
ضیم	ẓaim
ضیمران	ẓaimurān
ضین	ẓīn
ضیون	ẓaiwan
ط	t̤
طاء	t̤ā’
طاب	t̤āb
طابة	t̤ābat
طابخ	t̤ābiḵẖ
طابن	t̤ābin
طابوت	t̤ābūt
طابون	t̤ābūn
طابه	t̤āba
طاپنچه	t̤āpancha
طاٴة	t̤a’at
طات	t̤āt
طاحونت	t̤āḥūnat
طاخک	t̤āḵẖak
طارطقه	t̤ārat̤qa
طارف	t̤āraf
طارق	t̤āriq
طارقة	t̤āriqat
طارم	t̤āram
طاری	t̤ārī
طارئة	t̤āri’at
طاریقه	t̤ārīqa
طازج	t̤āzaj
طازی	t̤āzī
طاس	t̤ās
طاسات	t̤āssāt
طاسچة	t̤āscha
طاسه	t̤āsa
طاط	t̤āt̤
طاٴطاء	t̤a’t̤ā’
طاٴطاٴة	t̤a’t̤a’at
طاعات	t̤ā‘āt
طاعة	t̤ā‘at
طاعتگاه	t̤ā‘at-gāh
طاعل	t̤ā‘il
طاعن	t̤ā‘in
طاعون	t̤ā‘ūn
طاغستان	t̤āg̱ẖistān
طاغوت	t̤āg̱ẖūt
طاغی	t̤āg̱ẖī
طاغیة	t̤āg̱ẖiyat
طافح	t̤āfiḥ
طاق	t̤āq
طاقچه	t̤āqcha
طاقدانه	t̤āqdāna
طاقدیس	t̤aqdes
طاقه	t̤āqa
طاقی	t̤āqī
طاقیات	t̤āqiyāt
طالب	t̤ālib
طالبان	t̤ālibān
طالح	t̤āliḥ
طالع	t̤āli‘
طالعمند	t̤āli‘mand
طالعمندی	t̤āli‘mandī
طالق	t̤āliq
طالقان	t̤āliqān
طالقون	t̤ālqūn
طالوت	t̤ālūt
طالیان	t̤ālyān
طالیسفر	t̤ālīsfar
طالیقون	t̤ālīqūn
طامات	t̤āmāt
طامة	t̤āmmat
طامث	t̤āmis̤
طامح	t̤āmiḥ
طامر	t̤āmir
طامع	t̤āmi‘
طامعة	t̤āmi‘at
طامی	t̤āmī
طاٴوس	t̤ā’us
طاٴوسی	t̤ā’usī
طاوشی	t̤āwushī
طاوی	t̤āwī
طاهر	t̤āhir
طاهی	t̤āhī
طایة	t̤āyat
طائحة	t̤ā’iḥat
طائر	t̤ā’ir
طائش	t̤ā’ish
طائع	t̤ā’i‘
طائعاً	t̤ā’i‘an
طائف	t̤ā’if
طائفة	t̤ā’ifat
طائفتان	t̤ā’ifatāni
طائل	t̤ā’il
طب	t̤abb
طبابة	t̤abābat
طباخة	t̤ibāḵẖat
طباز	t̤ibāz
طباشیر	t̤abāshīr
طباطبا	t̤abāt̤abā
طباطبائی	t̤abāt̤abā’ī
طباع	t̤ibā‘
طباعة	t̤ibā‘at
طباق	t̤ibāq
طباقی	t̤abāqī
طبال	t̤abbāl
طبالة	t̤ibālat
طبانجه	t̤abānja
طباهجه	t̤abāhja
طبائع	t̤abā’i‘
طبة	t̤abbat
طبج	t̤abj
طبخ	t̤abḵẖ
طبر	t̤abar
طبرخون	t̤abarḵẖūn
طبرزد	t̤abarzad
طبرستان	t̤abaristān
طبری	t̤abarī
طبریه	t̤abarya
طبز	t̤abz
طبس	t̤abs
طبسه	t̤absa
طبش	t̤absh
طبطاب	t̤abt̤āb
طبطابة	t̤abt̤ābat
طبطو	t̤abt̤ū
طبع	t̤ab‘
طبعخانه	t̤ab‘ḵẖāna
طبعه	t̤aba‘a
طبعی	t̤ab‘ī
طبعیة	t̤ab‘īat
طبق	t̤abq
طبقا	t̤abqā
طبقات	t̤abaqāt
طبقچه	t̤abaqcha
طبقچی	t̤abaqchī
طبقری	t̤abqarī
طبل	t̤abl
طبلخانه	t̤abl-ḵẖāna
طبلق	t̤ablaq
طبلک	t̤ablak
طبله	t̤abla
طبنة	t̤ibnat
طبنچه	t̤abancha
طبنگ	t̤abang
طبو	t̤abw
طبه	t̤aba
طبیب	t̤abīb
طبیبی	t̤abībī
طبیخ	t̤abīḵẖ
طبیدن	t̤abīdan
طبیس	t̤abīs
طبیعة	t̤abī‘at
طبیعی	t̤abī‘ī
طبیق	t̤abīq
طپان	t̤apān
طپانچه	t̤apāncha
طپانیدن	t̤apānīdan
طپش	t̤apish
طپیدگی	t̤apīdagī
طپیدن	t̤apīdan
طث	t̤as̤s̤
طثر	t̤as̤r
طثرة	t̤as̤rat
طثرج	t̤as̤raj
طجن	t̤ajn
طحاب	t̤iḥāb
طحال	t̤iḥāl
طحان	t̤aḥḥān
طحانة	t̤iḥānat
طحر	t̤aḥr
طحز	t̤aḥz
طحس	t̤aḥs
طحش	t̤aḥsh
طحطاح	t̤aḥt̤āḥ
طحمورث	t̤aḥmūras̤
طحن	t̤aḥn
طحو	t̤aḥw
طحور	t̤aḥūr
طحون	t̤aḥūn
طخ	t̤aḵẖḵẖ
طخاف	t̤aḵẖāf
طخز	t̤iḵẖz
طخس	t̤iḵẖs
طخشیقون	t̤aḵẖshīqūn
طخف	t̤aḵẖf
طخم	t̤aḵẖm
طخوم	t̤uḵẖūm
طر	t̤arr
طراء	t̤arā’
طرابوزن	t̤irābūzan
طرابیل	t̤arābīl
طراثیث	t̤arās̤īs̤
طراح	t̤arāḥ
طراحی	t̤arrāḥī
طراد	t̤irād
طرار	t̤irār
طراره	t̤arrāra
طراری	t̤arrārī
طراریدن	t̤urārīdan
طرازدان	t̤irāzdān
طرازگر	t̤arāzgar
طرازنده	t̤arāzanda
طرازی	t̤arāzī
طرازیدن	t̤arāzīdan
طراسون	t̤arāsūn
طراغیس	t̤arāg̱ẖīs
طراغیون	t̤arāg̱ẖayūn
طراف	t̤irāf
طرافة	t̤arāfat
طرافش	t̤urāfish
طرافل	t̤irāfal
طراق	t̤arāq
طراقیس	t̤arāqīs
طراک	t̤arāk
طراوة	t̤arāwat
طراوه	t̤arāwa
طرایة	t̤arāyat
طرائد	t̤arā’id
طرائف	t̤arā’if
طرائق	t̤arā’iq
طرب	t̤arab
طربال	t̤irbāl
طربناک	t̤arabnāk
طرة	t̤arrat
طرتان	t̤urratān
طرث	t̤ars̤
طرثوث	t̤ars̤ūs̤
طرثیث	t̤ars̤īs̤
طرحدار	t̤arḥ-dār
طرحداری	t̤arḥ-dārī
طرخ	t̤arḵẖ
طرخان	t̤arḵẖān
طرخکانه	t̤arḵẖāna
طرخشقوق	t̤arḵẖashqūq
طرخون	t̤arḵẖūn
طرذیلون	t̤arẕīlūn
طرر	t̤urar
طرز	t̤arz
طرز	t̤irz
طرزدان	t̤arz-dān
طرزیدن	t̤irzīdan
طرس	t̤ars
طرستوج	t̤arastūj
طرسیقوس	t̤ursīqūs
طرش	t̤arsh
طرشت	t̤arasht
طرشیدن	t̤irshīdan
طرط	t̤arat̤
طرطانیوش	t̤art̤ānayūsh
طرطور	t̤urt̤ūr
طرطوس	t̤art̤ūs
طرطیر	t̤art̤īr
طرطیریکی	t̤art̤īrīkī
طرغلودیس	t̤arg̱ẖulūdīs
طرف	t̤arf
طرفاء	t̤arfā’
طرفاة	t̤arfāt
طرفدار	t̤araf-dār
طرفداری	t̤araf-dārī
طرفگی	t̤urfagī
طرفگیر	t̤araf-gīr
طرفگیری	t̤araf-gīrī
طرفه	t̤urfa
طرفین	t̤arafain
طرق	t̤arq
طرقات	t̤uruqāt
طرقة	t̤arqat
طرقو	t̤arriqū
طرقوزن	t̤arriqū-zan
طرقیدن	t̤irqīdan
طرم	t̤urum
طرماح	t̤irimmāh
طرموث	t̤urmūs
طرموس	t̤urmūs
طرموی	t̤armoy
طرمینون	t̤armīnūn
طرن	t̤urn
طرنجومانس	t̤aranjūmānis
طرنکار	t̤runkār
طرو	t̤urūw
طروح	t̤arūḥ
طرور	t̤urūr
طروقوقون	t̤arūqūqūn
طروقون	t̤urūqūn
طره	t̤urra
طری	t̤arī
طریق	t̤iryāq
طریاقی	t̤iryāqī
طریانی	t̤aryāne
طریبله	t̤irībula
طریح	t̤arīḥ
طریخ	t̤arīḵẖ
طرید	t̤arīd
طریدة	t̤arīdat
طریده	t̤arīda
طریر	t̤arīr
طریغان	t̤arīg̱ẖān
طریغون	t̤arīg̱ẖūn
طریف	t̤arīf
طریفه	t̤arīfa
طریفلن	t̤arīfalan
طریق	t̤arīq
طریقوقن	t̤arīqūqun
طریم	t̤arīm
طس	t̤ass
طساٴ	t̤as’
طساس	t̤isās
طساسیج	t̤asāsīj
طست	t̤ast
طسع	t̤as‘
طسل	t̤asl
طسم	t̤asm
طسوج	t̤assūj
طسوم	t̤usūm
طش	t̤ashsh
طشاش	t̤ushāsh
طشت	t̤asht
طشتگر	t̤ashtgar
طشیش	t̤ashīsh
طعام	t̤a‘ām
طعان	t̤a‘ān
طعانه	t̤a‘āna
طعر	t̤a‘r
طعل	t̤a‘l
طعمة	t̤i‘mat
طعن	t̤a‘n
طعنة	t̤a‘nat
طعوم	t̤u‘ūm
طعین	t̤a‘īn
طغار	t̤ag̱ẖār
طغان	t̤ig̱ẖān
طغر	t̤ag̱ẖr
طغرا	t̤ug̱ẖrā
طغران	t̤ig̱ẖrān
طغرائی	t̤ug̱ẖrā’ī
طغرس	t̤ig̱ẖris
طغرل	t̤ug̱ẖril
طغری	t̤ug̱ẖrī
طغک	t̤ag̱ẖak
طغم	t̤ag̱ẖam
طغن	t̤ag̱ẖn
طغوان	t̤ug̱ẖwān
طغویٰ	t̤ug̱ẖwá
طغیانی	t̤ug̱ẖyānī
طف	t̤aff
طفاوة	t̤ufāwat
طفح	t̤afḥ
طفر	t̤afr
طفرس	t̤ifris
طفس	t̤afs
طفش	t̤afsh
طفشیقون	t̤afshīqūn
طفطاف	t̤aft̤āf
طفق	t̤afq
طفل	t̤afl
طفلان	t̤iflān
طفلانه	t̤iflāna
طفلک	t̤iflak
طفلگان	t̤iflagān
طفله	t̤afla
طفلی	t̤iflī
طفلیة	t̤iflīyat
طفن	t̤afn
طفوح	t̤ufūḥ
طفور	t̤ufūr
طفوق	t̤ufūq
طفوس	t̤ufūs
طفول	t̤ufūl
طفولة	t̤ufūlat
طفیة	t̤ufyat
طفیف	t̤afīf
طفیل	t̤afīl
طفیلی	t̤ufailī
طق	t̤aq
طقطق	t̤aqt̤aq
طل	t̤ul
طل	t̤all
طلا	t̤ilā
طلاٴ	t̤ala’
طلاء	t̤ilā’
طلابه	t̤alāba
طلاح	t̤alāḥ
طلاساز	t̤ilā-sāz
طلاسم	t̤alāsim
طلاع	t̤ilā‘
طلاق	t̤alāq
طلاقة	t̤alāqat
طلاقی	t̤alāqī
طلال	t̤ilāl
طلالة	t̤alālat
طلاوة	t̤alāwat
طلائع	t̤alā’i‘
طلایانه	t̤ilāyāna
طلب	t̤alb
طلب	t̤ulb
طلباء	t̤ulabā’
طلبانه	t̤albāna
طلبة	t̤ilbat
طلبدار	t̤alab-dār
طلبداری	t̤alab-dārī
طلبداشت	t̤alab-dāsht
طلبگار	t̤alabgār
طلبگاری	t̤alabgārī
طلبه	t̤alaba
طلبی	t̤alabī
طلة	t̤allat
طلح	t̤alḥ
طلحة	t̤alḥat
طلحستان	t̤alḥistān
طلحند	t̤alḥand
طلخ	t̤alḵẖ
طلس	t̤als
طلسة	t̤ulsat
طلسمات	t̤ilismāt
طلسماتی	t̤ilismātī
طلسمی	t̤ilismī
طلع	t̤al‘
طلعة	t̤al‘at
طلق	t̤alq
طلقة	t̤alqat
طلل	t̤alal
طلم	t̤alm
طلو	t̤alw
طلواء	t̤ulawā’
طلوع	t̤ulū‘
طلوعیدن	t̤ulū‘īdan
طلیٰ	t̤ulá
طلیب	t̤alīb
طلیة	t̤ulyat
طلیسا	t̤alīsā
طلیق	t̤alīq
طلیل	t̤alīl
طم	t̤amm
طماچه	t̤amācha
طمار	t̤amār
طماع	t̤ammā‘
طماعة	t̤amā‘at
طمانچة	t̤amāncha
طمأنینة	t̤uma’nīnat
طمخ	t̤amḵẖ
طمر	t̤amr
طمرا	t̤amrā
طمرس	t̤imris
طمس	t̤oms
طمطام	t̤amt̤ām
طمطراق	t̤umt̤urāq
طمطم	t̤imt̤im
طمطمة	t̤amt̤amat
طمعکار	t̤am‘-kār
طمعکاری	t̤am‘-kārī
طمغا	t̤amg̱ẖā
طمغاج	t̤amg̱ẖāj
طمل	t̤aml
طمن	t̤amn
طمنچه	t̤amancha
طموح	t̤umūḥ
طمور	t̤umūr
طموس	t̤umūs
طموم	t̤umūm
طمون	t̤umūn
طمه	t̤ama
طمی	t̤amy
طمیس	t̤amīs
طمیل	t̤amīl
طمیم	t̤amīm
طمین	t̤īmmīn
طن	t̤ann
طنابی	t̤inābī
طناز	t̤annāz
طنازی	t̤annāzī
طنب	t̤anab
طنبار	t̤iṃbār
طنبذ	t̤aṃbaẕ
طنبسه	t̤aṃbasa
طنبک	t̤uṃbak
طنبل	t̤aṃbal
طنبل	ṭaṃbul
طنبور	t̤uṃbūr
طنبورانی	t̤uṃbūrānī
طنبوره	t̤aṃbūra
طنبول	t̤aṃbūl
طنجنة	t̤anjanat
طنجیر	t̤injīr
طنخ	t̤inḵẖ
طنخارستان	t̤unḵẖāristān
طنز	t̤anz
طنزاً	t̤anz-an
طنطنة	t̤ant̤anat
طنف	t̤anaf
طنفس	t̤infis
طنفسة	t̤anfasat
طنو	t̤anw
طنیدن	t̤anīdan
طنین	t̤anīn
طواحن	t̤awāḥin
طوار	t̤awār
طوارف	t̤awārif
طوارق	t̤awāriq
طواره	t̤awāra
طواری	t̤awārī
طواریدن	t̤uwārīdan
طواس	t̤awās
طواسی	t̤iwāsī
طواسیم	t̤awāsīm
طواشی	t̤awāshī
طواشی	t̤auwāshī
طواط	t̤uwāt
طواعیة	t̤awā‘iyat
طواعین	t̤awā‘īn
طواغی	t̤awāg̱ẖī
طواف	t̤awāf
طوال	t̤awāl
طوالت	t̤awālat
طوالع	t̤awāli‘
طوائح	t̤awā’iḥ
طوائف	t̤awā’if
طوب	t̤ūb
طوبیٰ	t̤ūbá
طوپ	t̤op
طوپچی	t̤opchī
طوپخانه	t̤op-ḵẖāna
طوپز	t̤opuz
طوتو	t̤ūtū
طوح	t̤auḥ
طوخ	t̤auḵẖ
طود	t̤aud
طور	t̤ūr
طور	t̤aur
طور	t̤or
طوردان	t̤ūrdān
طورسیقوس	t̤ūrsīqūs
طورک	t̤ūrak
طورنه	t̤ūrna
طوری	t̤orī
طوری	t̤aure
طوس	t̤ūs
طوس	t̤aus
طوسک	t̤ūsak
طوسی	t̤ūsī
طوش	t̤aush
طوط	t̤ūt̤
طوطک	t̤ūt̤ak
طوطی	t̤ūt̤ī
طوع	t̤au‘
طوعاً	t̤au‘-an
طوغان	t̤ūg̱ẖān
طوف	t̤auf
طوف	t̤ūf
طوفان	t̤ūfān
طوفریوس	t̤ūfaryūs
طوفانی	t̤ūfānī
طوق	t̤auq
طوق	t̤oq
طوقدار	t̤auq-dār
طول	t̤aul
طولاً	t̤ūl-an
طولانی	t̤ūlānī
طولمبه	t̤ūluṃba
طوله	t̤aula
طولی	t̤ūlī
طولیدون	t̤ūlīdūn
طومار	t̤ūmār
طونسلس	t̤ūnuslus
طوی	t̤oy
طوی	t̤awá
طویة	t̤awīyat
طویس	t̤uwais
طویل	t̤awīl
طه	t̤ah
طهارة	t̤ahārat
طهاف	t̤ahāf
طهر	t̤ahr
طهران	t̤ahrān
طهران	t̤ihrān
طهش	t̤ahsh
طهف	t̤ahf
طهل	t̤ahl
طهلیزج	t̤ihlīzaj
طهماسب	t̤ahmāsb
طهمل	t̤ahmal
طهمورث	t̤ahmūras̤
طهو	t̤ahw
طهور	t̤uhūr
طی	t̤aiy
طیا	t̤ayā
طیار	t̤iyār
طیارات	t̤aiyārāt
طیاری	t̤aiyārī
طیاش	t̤aiyāsh
طیاف	t̤iyāf
طیان	t̤ayān
طیان	t̤aiyān
طیب	t̤īb
طیبات	t̤aiyibāt
طیبة	t̤aibat
طیة	t̤aiyat
طیتو	t̤īt̤ū
طیخ	t̤aiḵẖ
طیر	t̤air
طیران	t̤airān
طیران	t̤ayarān
طیرانی	t̤airānī
طیرة	t̤airat
طیره	t̤īra
طیریٰ	t̤īrá
طیسقون	t̤aisaqūn
طیسل	t̤aisal
طیسه	t̤aisa
طیش	t̤aish
طیط	t̤īt̤
طیطان	t̤īt̤ān
طیطو	t̤īt̤ū
طیطویٰ	t̤īt̤awá
طیف	t̤aif
طیفری	t̤aifarī
طیفسون	t̤aifasūn
طیفور	t̤aifūr
طیقان	t̤īqān
طیقری	t̤aiqarī
طیقی	t̤īqī
طیلافیون	t̤ailāfiyūn
طیم	t̤aim
طین	t̤ain
طینة	t̤īnat
طینوث	t̤ainūs̤
طینوس	t̤ainūs
طینی	t̤īnī
طیور	t̤uyūr
طیوری	t̤uyūrī
طیوط	t̤uyūt
طیهوج	t̤aihūj
ظ	z̤
ظا	z̤ā
ظاٴب	z̤a’b
ظاٴر	z̤a’r
ظاعن	z̤ā‘in
ظافر	z̤āfir
ظالع	z̤āli‘
ظالم	z̤ālim
ظالمی	z̤ālimī
ظامی	z̤āmī
ظان	z̤ānn
ظاهر	z̤āhir
ظاهرا	z̤āhiran
ظاهربین	z̤āhir-bīn
ظاهری	z̤āhirī
ظاهریة	z̤āhirīyat
ظباء	z̤ibā’
ظبة	z̤ubat
ظبظاب	z̤abz̤āb
ظی	z̤aby
ظبیة	z̤abyat
ظر	z̤irr
ظرار	z̤irār
ظرافة	z̤arāfat
ظرب	z̤arab
ظرباء	z̤arbā’
ظربان	z̤aribān
ظرف	z̤arf
ظرفاء	z̤urafā’
ظروف	z̤urūf
ظریف	z̤arīf
ظریفانه	z̤arīfāna
ظعام	z̤i‘ām
ظعائن	z̤a‘ā’in
ظون	z̤a‘ūn
ظعینة	z̤a‘īnat
ظف	z̤aff
ظفار	z̤afār
ظفر	z̤afr
ظفرة	z̤ufrat
ظفرستان	z̤afaristān
ظل	z̤all
ظلاع	z̤ulā‘
ظلال	z̤alāl
ظلام	z̤alām
ظلة	z̤allat
ظلع	z̤al‘
ظلف	z̤alf
ظلل	z̤alal
ظلم	z̤alm
ظلماً	z̤ulm-an
ظلماء	z̤almā’
ظلمانی	z̤almānī
ظلمتیان	z̤ulmatiyān
ظلمی	z̤ulmī
ظلمیة	z̤ulmīyat
ظلول	z̤ulūl
ظلوم	z̤alūm
ظله	z̤illa
ظلیف	z̤alīf
ظلیل	z̤alīl
ظلیم	z̤alīm
ظماٴ	z̤ama’
ظماء	z̤amā’
ظمان	z̤am’ān
ظمئ	z̤ami’
ظن	z̤ann
ظنب	z̤iṃb
ظنبوب	z̤uṃbūb
ظنة	z̤innat
ظنن	z̤inan
ظنون	z̤anūn
ظنی	z̤annī
ظنین	z̤anīn
ظوار	z̤u’ār
ظواهر	z̤awāhir
ظهار	z̤ahār
ظهارة	z̤ahārat
ظهر	z̤ahr
ظهران	z̤uhrān
ظهرة	z̤ihrat
ظهری	z̤ihrī
ظهور	z̤ahūr
ظهیر	z̤ahīr
ظهیرة	z̤ahīrat
ظئار	z̤i’ār
ظیان	z̤aiyān
ظئر	z̤i’r
ع	‘
عاب	‘āb
عابث	‘ābis̤
عبد	‘ābid
عابدانه	‘ābidāna
عابدیة	‘ābidīyat
عابر	‘ābar
عابس	‘ābis
عاتق	‘ātiq
عاتک	‘ātik
عاتکة	‘ātikat
عاتم	‘ātim
عاتی	‘ātī
عاثر	‘ās̤ir
عاثور	‘ās̤ūr
عاج	‘āj
عاجز	‘ājiz
عاجزانه	ājizāna
عاجزه	‘ājiza
عاجزی	‘ājizī
عاجل	‘ājil
عاجلاً	‘ājilan
عاجن	‘ājin
عاجین	‘ājīn
عاد	‘ād
عادات	‘ādāt
عادة	‘ādat
عادةً	ādat-an
عادتی	‘ādatī
عادل	‘ādil
عادلانه	‘ādilāna
عادن	‘ādin
عادی	‘ādī
عادیة	‘ādiyat
عاذب	‘āẕib
عاذر	‘āẕir
عاذل	‘āẕil
عاذور	‘āẕūr
عار	‘ār
عارج	ārij
عارض	‘āriẓ
عارضاً	‘āriẓ-an
عارضة	‘āriẓat
عارضی	‘ārizī
عارف	‘ārif
عارفانه	‘ārifāna
عاری	‘ārī
عاریة	‘āriyat
عاریتاً	‘āriyat-an
عاریتی	‘āriyatī
عازب	‘āzib
عازر	‘āzar
عازف	‘āzif
عازم	‘āzim
عاسف	‘āsif
عاسل	‘āsil
عاسی	‘āsī
عاشب	‘āshib
عاشر	‘āshir
عاشرة	‘āshirat
عاشتق	‘āshiq
عاشقان	‘āshiqān
عاشقانه	‘āshiqāna
عاشقی	‘āshiqī
عاشور	‘āshūr
عاصد	‘āṣid
عاصر	‘āṣir
عاصف	‘āṣif
عاصفة	‘āṣifat
عاصم	‘āṣim
عاصمة	‘āsimat
عاصی	‘āṣī
عاضد	‘āẓid
عاضر	‘āẓir
عاضه	‘āẓih
عاطر	‘āt̤ir
عاطس	‘āt̤is
عاطف	‘āt̤if
عاطل	‘āt̤il
عاطله	‘āt̤ila
عاطلی	‘āt̤ilī
عاطوس	‘āt̤ūs
عافی	‘āfī
عافیة	‘āfiyat
عاق	‘āqq
عاقب	‘āqib
عاقبة	‘āqibat
عاقد	‘āqid
عاقر	‘āqir
عاقل	‘āqil
عاقلانه	‘āqilāna
عاقلی	‘āqilī
عاقول	‘āqūl
عاقولا	‘aqūlā
عاکب	‘ākib
عاکف	‘ākif
عالج	‘ālij
عالم	‘ālam
عالمانه	‘ālimāna
عالمپناه	‘ālam-panāh
عالمتاب	‘ālam-tāb
عالمسوز	‘ālam-soz
عالمون	‘ālamūn
عالمی	‘ālamī
عالمیان	‘ālamiyān
عالمین	‘ālamīn
عالی	‘ālī
عالیشان	‘ālī-shān
عالیه	‘āliya
عام	‘ām
عامة	‘āmat
عامد	‘āmid
عامر	‘āmir
عامل	‘āmil
عاملان	‘āmilān
عامود	‘āmūd
عاموص	‘āmūṣ
عامه	‘āmma
عامی	‘āmī
عانب	‘ānib
عاند	‘ānid
عانس	‘ānis
عانک	‘ānik
عانی	‘ānī
عاهة	‘āhat
عاهر	‘āhir
عاهل	‘āhil
عاهن	‘āhin
عائب	‘ā’ib
عائد	‘ā’id
عائذ	‘ā’iẕ
عائش	‘ā’ish
عایشه	‘āyisha
عائض	‘ā’iẓ
عائف	‘ā’if
عائق	‘ā’iq
عائل	‘ā’il
عب	‘abb
عبء	‘ab’
عباء	‘abā’
عباب	‘abābi
عباد	‘ibād
عبادان	‘abbādān
عبادة	‘ibādat
عبادتخاند	‘ibādat-ḵẖāna
عبادتکار	‘ibādat-kār
عبادتگاه	‘ibādat-gāh
عبادتی	‘ibādatī
عبادلة	‘abādilat
عبادید	‘abādīd
عبار	‘abbār
عبارة	‘ibārat
عباس	‘abbās
عباسی	‘abbāsī
عباسیان	‘abbāsiyān
عبال	‘abāl
عبام	‘abām
عبائی	‘abā’ī
عبب	‘ubab
عبة	‘ubbat
عبث	‘abs
عبثاً	‘abas̤-an
عبد	‘abd
عبده	‘abduh
عبر	‘abr
عبرانی	‘ibrānī
عبرانیة	‘ibrānīyat
عبرة	‘abrat
عبری	‘ibrī
عبس	‘abs
عبط	‘abt̤
عبعاب	‘ab‘āb
عبعب	‘ab‘ab
عبقر	‘abqar
عبقری	‘abqarī
عبک	‘abk
عبل	‘abl
عبن	‘abn
عبودیة	‘ubūdīyat
عبور	‘abūr
عبوس	‘abwas
عبوسة	‘ubūsat
عبهر	‘abhar
عبهری	‘abharī
عبیث	‘abīs̤
عبید	‘abīd
عبیر	‘abīr
عبیری	‘abīrī
عبیط	‘abīt̤
عتاب	‘itāb
عتابی	‘atābī
عتاد	‘atād
عتار	‘attār
عتاق	‘atāq
عتاقة	‘atāqat
عتائق	‘atā’iq
عتبات	‘atabāt
عتر	‘at̤r
عترة	‘itrat
عتروف	‘utrūf
عتف	‘atf
عتق	‘atq
عتک	‘atk
عتل	‘atl
عتم	‘atm
عتمة	‘atamat
عتن	‘atn
عتود	‘atūd
عتوک	‘utūk
عتوم	‘atūm
عتی	‘atī
عتیب	‘atīb
عتیق	‘atīq
عتیقه	‘atīqa
عتیک	‘atīk
عتیل	‘atīl
عث	‘as̤s̤
عثار	‘as̤ār
عثان	‘us̤ān
عثای	‘us̤āy
عثه	‘us̤s̤at
عثر	‘as̤r
عثرة	‘as̤rat
عثعث	‘as̤‘as̤
عپکال	‘is̤kal
عثم	‘as̤m
عثمان	‘us̤mān
عثمانلو	‘us̤mānlü
عثمانی	‘us̤mānī
عثمانیان	‘us̤māniyān
عثن	‘as̤n
عثو	‘as̤w
عثور	‘as̤ūr
عتون	‘us̤ūn
عثیر	‘as̤īr
عج	‘ajj
عجاب	‘ujāb
عجاج	‘ajāj
عجاف	‘ijāf
عجالة	‘ijālat
عجام	‘ujām
عجان	‘ijān
عجائب	‘ajā’ib
عجائز	‘ajā’iz
عجب	‘ajb
عجباً	‘ajab-an
عجبناک	‘ajabnāk
عجة	‘ujjat
عجدة	‘ajadat
عجر	‘ajr
عجرة	‘ijrat
عجز	‘ajz
عجس	‘ajs
عجف	‘ajf
عجل	‘ijl
عجلة	‘ajalat
عجم	‘ajm
عجماٴ	‘ajmā’
عجمة	‘ujmat
عجمستان	‘ajamistān
عجمی	‘ajamī
عجمیة	‘ajamīyat
عجن	‘ajn
عجو	‘ajw
عجوبه	‘ujūba
عجوبها	‘ujūbahā
عجوة	‘ajwat
عجوز	‘ajūz
عجوس	‘ajūs
عجول	‘ajūl
عجیب	‘ajīb
عجیبی	‘ajībī
عجیر	‘ajīr
عجیز	‘ajīz
عجیل	‘ajīl
عجین	‘ajīn
عد	‘add
عداء	‘adā’
عداب	‘adāb
عداة	‘udāt
عداد	‘idād
عداف	‘udāf
عدالة	‘adālat
عرالتی	‘adālatī
عدالتین	‘adālatain
عدام	‘adām
عدان	‘adān
عداوة	‘adāwat
عداوتی	‘adāwatī
عدة	‘idat
عدد	‘adad
عددی	‘adadī
عدرنا	‘adarnā
عدس	‘ads
عدف	‘adf
عدق	‘adq
عدک	‘adk
عدل	‘adl
عدلی	‘adalī
عدم	‘udm
عدماء	‘udamā’
عدمی	‘adamī
عدن	‘adn
عدنان	‘adnān
عدنگ	‘adang
عدنی	‘adanī
عدو	‘adw
عدوان	‘idwān
عدوب	‘adūb
عدوبند	‘adū-band
عدول	‘adaul
عدوی	‘adwá
عدی	‘adá
عدید	‘adīd
عدیل	‘adīl
عدیم	‘adīm
عذاب	‘aẕāb
عذار	‘iẕār
عذاف	‘aẕāf
عذال	‘aẕẕāl
عذالة	‘aẕẕālat
عذام	‘aẕẕām
عذب	‘aẕb
عذبه	‘aẕaba
عذر	‘aẕr
عذرات	‘uẕrat
عذرة	‘iẕrat
عذریٰ	‘uẕrá
عذق	‘aẕq
عذقانة	‘aẕqānat
عذل	‘aẕl
عذم	‘aẕm
عذوبة	‘uẕūbat
عذیب	‘aẕīb
عذیر	‘aẕīr
عر	‘arr
عراء	‘arā’
عراب	‘arāb
عرابچی	‘arābachī
عرابه	‘arāba
عراجین	‘arājīn
عراد	‘arād
عرادة	‘arādat
عرار	‘arār
عراس	‘irās
عراص	‘irāṣ
عراض	‘irāẓ
عراضة	‘arāẓat
عراف	‘arrāf
عرافة	‘arāfat
عراق	‘irāq
عراقان	‘irāqāni
عراقة	‘arrāqat
عراقی	‘irāqī
عراقین	irāqain
عراک	‘arāk
عرام	‘urām
عران	‘irān
عرایا	‘arāyā
عرائس	‘arā’is
عرائض	‘arā’iẓ
عرب	‘arb
عرباء	‘arbā’
عربات	‘arabāt
عربان	‘urbān
عربانه	‘arabāna
عربستان	‘arabistān
عربه	‘araba
عربی	‘arabī
عرج	‘arj
عرجون	‘urjūn
عرد	‘ard
عرده	‘urada
عرر	‘arar
عرز	‘arz
عرس	‘ars
عرش	‘arsh
عرشه	‘arsha
عرشی	‘arshī
عرشیان	‘arshiyān
عرص	‘arṣ
عرصات	‘araṣāt
عرصف	‘arṣaf
عرصم	‘irṣim
عرض	‘arẓ
عرضاً	‘arẓ-an
عرضة	‘arẓat
عرضدار	‘arẓ-dār
عرضگاه	‘arẓ-gāh
عرضی	‘arẓī
عرطنیثا	‘art̤anīs̤ā
عرعر	‘ar‘ar
عرف	‘arf
عرفاء	‘arfā’
عرفات	‘arafāt
عرفان	‘irfān
عرفة	‘arfat
عرفج	‘arfaj
عرفط	‘urfut̤
عرفی	‘urfī
عرق	‘arq
عرقا	‘irqā
عرقچین	‘araq-chīn
عرقناک	‘araqnāk
عرقوب	‘urqūb
عرقیه	‘araqīya
عرک	‘ark
عرکی	‘arakī
عرم	‘arm
عرم	‘arim
عرمض	‘armaẓ
عرن	‘arn
عرنان	‘irnān
عرنین	‘irnīn
عرو	‘arw
عروب	‘arūb
عروج	‘urūj
عرود	‘urūd
عروس	‘arūs
عروسانه	‘arūsāna
عروسک	‘arūsak
عروسه	‘arūsa
عروسی	‘arūsī
عروض	‘arūẓ
عروف	‘arūf
عروق	‘urūq
عروک	‘arūk
عروه	‘urwa
عری	‘ary
عریان	‘uryān
عریانی	‘uryānī
عریب	‘arīb
عریة	‘arīyat
عریج	‘arīj
عریش	‘arīsh
عریض	‘arīẓ
عریضی	‘arīẓī
عریف	‘arīf
عریفی	‘arīfī
عریکة	‘arīkat
عرین	‘arīn
عز	‘azz
عزاء	‘azā’
عزاب	‘uzzāb
عزاپرستی	‘azā-parastī
عزاخانه	‘azā-ḵẖāna
عزاز	‘azāz
عزازة	‘azāzat
عزازیل	‘azāzīl
عزاف	‘azzāf
عزائم	‘azā’im
عزب	‘azb
عزبة	‘uzbat
عزة	‘azzat
عزتخواه	‘izzat-ḵẖẉāh
عزتموفور	‘izzat-maufūr
عزج	‘azj
عزر	‘azr
عزرائل	‘izrā’il
عزف	‘azf
عزق	‘azq
عزل	‘azl
عزلة	‘uzlat
عزلتی	‘uzlatī
عزلی	‘azlī
عزم	‘azm
عزمة	‘azmat
عزو	‘azw
عزوب	‘uzūb
عزوبة	‘uzūbat
عزور	‘azwar
عزوز	‘azūz
عزوف	‘azūf
عزهاة	‘izhāt
عزی	‘azī
عزیر	‘uzair
عزیز	‘azīz
عزیزی	‘azīzī
عزیم	‘azīm
عزیمة	‘azīmat
عژک	‘azhak
عس	‘ass
عساب	‘isāb
عسار	‘usār
عساس	‘isās
عساف	‘usāf
عساکر	‘asākir
عسالة	‘assālat
عسالج	‘asālij
عسب	‘asb
عسج	‘asj
عسجد	‘asjad
عسجدیه	‘asjidīya
عسد	‘asd
عسر	‘asr
عسرة	‘usrat
عسس	‘asas
عسطرتج	‘ist̤rataj
عسف	‘asf
عسق	‘asaq
عسقلان	‘asqalān
عسقلة	‘asqalat
عسک	‘asak
عسکر	‘askar
عسکران	‘askarān
عسکرة	‘askarat
عسکری	‘askare
عسل	‘asl
عسلج	‘usluj
عسلی	‘asalī
عسم	‘asm
عسن	‘asn
عسوس	‘asūs
عسوف	‘asūf
عسول	‘asūl
عسوم	‘asūm
عسی	‘asá
عسیب	‘asīb
عسیر	‘asīr
عسیس	‘asīs
عسیف	‘asīf
عسیل	‘asīl
عسیلة	‘usailat
عش	‘ashsh
عشاء	‘ashā’
عشائین	‘ishā’ain
عشار	‘ishār
عشاری	‘ushārī
عشاش	‘ishāsh
عشاق	‘ushshāq
عشاوة	‘ashāwat
عشب	‘ushb
عشد	‘ashd
عشر	‘ashr
عشراء	‘usharā
عشرتخانه	‘ishrat-ḵẖāna
عشرستان	‘usharistān
عشرون	‘ishrūn
عشره	‘ashara
عشری	‘usharī
عشق	‘ishq
عشقباز	‘ishq-bāz
عشقه	‘ashiqa
عشم	‘asham
عشن	‘ashn
عشواء	‘ashwā
عشوة	‘ashwat
عشور	‘ashūr
عشوها	‘ishwahā
عشی	‘ashy
عشیر	‘ashīr
عشیرة	‘ashīrat
عص	‘aṣṣ
عصا	‘aṣā
عصاب	‘uṣāb
عصاة	‘uṣāt
عصار	‘iṣār
عصافیر	‘aṣāfīr
عصال	‘iṣāl
عصام	‘aṣām
عصامی	‘iṣāmī
عصاول	‘aṣāwal
عصائر	‘aṣā’ir
عصایش	‘asāyash
عصایم	‘aṣāyam
عصب	‘aṣb
عصبیة	‘aṣabīyat
عصر	‘aṣr
عصرانه	‘aṣrāna
عصرة	‘aṣrat
عصری	‘aṣarī
عصعص	‘uṣ‘uṣ
عصف	‘aṣf
عصفر	‘uṣfur
عصفور	‘uṣfūr
عصل	‘aṣl
عصم	‘aṣm
عصمة	‘iṣmat
عصمتیان	‘iṣmatiyān
عصمور	‘uṣmūr
عصو	‘aṣw
عصود	‘uṣūd
عصور	‘uṣūr
عصوف	‘aṣūf
عصوم	‘aṣūm
عصی	‘aṣy
عصیان	‘iṣyān
عصیب	‘aṣīb
عصید	‘iṣyad
عصیدة	‘aṣīdat
عصیر	‘aṣīr
عصیم	‘aṣīm
عض	‘aẓẓ
عضا	‘aẓā
عضات	‘aẓāt
عضاد	‘aẓād
عضادة	‘iẓādat
عضاض	‘aẓāẓ
عضال	‘uẓāl
عضایت	‘aẓāyat
عضب	‘aẓb
عضة	‘iẓat
عضد	‘aẓd
عضر	‘aẓr
عضرس	‘iẓris
عضرفوط	‘aẓrafūt
عضل	‘aẓl
عضلات	‘aẓalāt
عضلة	‘uẓlat
عضم	‘aẓm
عضو	‘aẓw
عضوب	‘uẓūb
عضوض	‘uẓūẓ
عضوم	‘aẓūm
عضید	‘aẓīd
عضیض	‘aẓīẓ
عط	‘at̤t̤
عطا	‘at̤ā
عطار	‘at̤t̤ār
عطارة	‘itārat
عطارد	‘utārid
عطاری	‘at̤t̤ārī
عطاس	‘ut̤ās
عطاس	‘at̤t̤ās
عطاش	‘itāsh
عطاف	‘it̤āf
عطان	‘it̤ān
عطایاٴ	‘at̤āya’
عطائی	‘atā’ī
عطب	‘at̤b
عطر	‘it̤r
عطردان	‘it̤rdān
عطرسا	‘it̤rsā
عطری	‘it̤rī
عطریات	‘it̤rīyāt
عطس	‘at̤s
عطش	‘at̤sh
عطشان	‘at̤shān
عطشیٰ	‘at̤shá
عطف	‘at̤f
عطفه	‘it̤fa
عطم	‘ut̤m
عطن	‘at̤n
عطو	‘at̤w
عطوسی	‘at̤ūsī
عطوف	‘at̤ūf
عطون	‘at̤ūn
عطیف	‘at̤īf
عطیه	‘at̤īya
عظ	‘az̤z̤
عظاظ	‘iz̤āz̤
عظال	‘iz̤āl
عظام	‘iz̤ām
عظامة	‘az̤āmat
عظامی	‘iz̤āmī
عظائم	‘az̤ā’im
عظب	‘az̤b
عظة	‘iz̤at
عظر	‘az̤ar
عظل	‘az̤l
عظلم	‘iz̤lim
عظم	‘az̤m
عظماء	‘uz̤amā’
عظمة	‘az̤mat
عظمیٰ	‘az̤má
عظوب	‘uz̤ūb
عظور	‘az̤ūr
عظیم	‘az̤īm
عف	‘aff
عفاء	‘afā’
عفار	‘afār
عفاریت	‘afārīt
عفاس	‘ifās
عفاص	‘ifāṣ
عفاف	‘afāf
عفافة	‘ufāfat
عفاق	‘ifāq
عفاقة	‘affāqat
عفان	‘affān
عفة	‘affat
عفج	‘afj
عفد	‘afd
عفر	‘afr
عفرا	‘afrā
عفریت	‘ifrīt
عفز	‘afz
عفس	‘afs
عفش	‘afsh
عفص	‘afṣ
عفف	‘afaf
عفق	‘afq
عفل	‘afl
عفن	‘afn
عفو	‘afw
عفوصة	‘ufūṣat
عفونة	‘ufūnat
عفه	‘affa
عفیدن	‘afīdan
عفیر	‘afīr
عفیف	‘afīf
عق	‘aqq
عقاب	‘iqāb
عقابین	‘uqābain
عقار	‘aqār
عقارب	‘aqārib
عقاص	‘iqāṣ
عقاف	‘uqāf
عقاق	‘aqāq
عقاقیر	‘aqāqīr
عقال	‘iqāl
عقام	‘aqām
عقائد	‘aqā’id
عقائق	‘aqā’iq
عقائص	‘aqā’iṣ
عقائم	‘aqā’im
عقب	‘aqb
عقبة	‘aqbat
عقبیٰ	‘uqbá
عقة	‘iqqat
عقد	‘aqd
عقدانه	‘aqdāna
عقدة	‘uqdat
عقدتین	‘uqdatain
عقر	‘aqr
عقرب	‘aqrab
عقربان	‘aqrabān
عفربک	‘aqrabak
عقربخانه	‘aqrab-ḵẖāna
عقز	‘aqz
عقش	‘aqsh
عقص	‘aqṣ
عقصة	‘iqṣat
عقعق	‘aq‘aq
عقل	‘aql
عقلا	‘aql-an
عقلانه	‘aqlāna
عقلة	‘uqlat
عقلمند	‘aqlmand
عقلمندی	‘aqlmandī
عقلی	‘aqlī
عقم	‘aqm
عقنقل	‘aqanqal
عقو	‘aqw
عقوبة	‘uqūbat
عقود	‘uqūd
عقودات	‘uqūdāt
عقور	‘aqūr
عقوق	‘aqūq
عقول	‘aqūl
عقه	‘aqqa
عقیان	‘iqyān
عقیر	‘aqīr
عقیصة	‘aqīṣat
عقیق	‘aqīq
عقیقة	‘aqīqat
عقیقین	‘aqīqīn
عقیلة	‘aqīlat
عقیم	‘aqīm
عقیون	‘iqyaun
عک	‘akk
عکا	‘akkā
عکاب	‘akāb
عکاد	‘akād
عکار	‘akkār
عکاس	‘ikās
عکاسخانه	‘akkās-ḵẖāna
عکاسی	‘akkāsī
عکاش	‘ukkāsh
عکاظ	‘ukāz̤
عکاظی	‘ukāz̤ī
عکال	‘ikāl
عکام	‘ikām
عکان	‘ikān
عکب	‘akb
عکر	‘akr
عکرمة	‘ikrimat
عکز	‘akz
عکس	‘aks
عکسی	aksī
عکش	‘aksh
عکص	‘akṣ
عکظ	‘akz̤
عکعک	‘ak‘ak
عکک	‘akak
عکل	‘akl
عکله	‘akla
عکم	‘akm
عکن	‘ukan
عکنة	‘uknat
عکنه	‘akna
عکوب	‘akūb
عکور	‘ukūr
عکوف	‘ukūf
عکوم	‘akūm
عکه	‘akka
عکیس	‘akīs
عکیم	‘ukaim
عل	‘all
علاء	‘alā’
علاة	‘alāt
علاج	‘ilāj
علاس	‘ulās
علاط	‘ilāt̤
علاف	‘ilāf
علافیات	‘ilāfīyāt
علاق	‘alāq
علاقی	‘alāqī
علاقیة	‘alāqiyat
علالا	‘alālā
علاله	‘ulāla
علام	‘ilām
علامات	‘alāmāt
علان	‘ilān
علانی	‘alānī
علائق	‘alā’iq
علب	‘alb
علة	‘allat
علتی	‘illatī
علث	‘als̤
علث	‘ils̤
علج	‘alj
علجان	‘alajān
علجم	‘aljam
علجوم	‘uljūm
علحده	‘alaḥidda
علد	‘ald
علز	‘alaz
علس	‘als
علط	‘alt̤
علف	‘alf
علفخانه	‘alaf-ḵẖāna
علفخوار	‘alaf-ḵẖẉār
علفخور	‘alaf-ḵẖẉur
علفدان	‘alafdān
علفزار	‘alafzār
علفه	‘alafa
علق	‘alq
علقة	‘alqat
علقم	‘alqam
علقمة	‘alqamat
علک	‘alk
علکم	‘alkam
علکمة	‘alkamat
علکوم	‘alkūm
علل	‘alal
علم	‘alm
علماء	‘almā’
علمخوان	‘ilm-ḵẖẉān
علمدار	‘alam-dār
علمدان	‘īlm-dān
علمی	‘ilmī
علمیة	‘ilmīyat
علن	‘alan
علوان	‘ulwān
علوس	‘ulūs
علوفات	‘alūfāt
علوفه	‘alūfa
علوفجی	‘alūfajī
علوفها	‘alūfa-hā
علوق	‘alūq
علوم	‘ulūm
علوی	‘alawī
علویان	‘alawiyān
علویة	‘ulwīyat
عله	‘alah
علیٰ	‘alá
علیا	‘ulyā
علیة	‘alīyat
علیث	‘alīs̤
علیحدگی	‘alá-ḥidagī
علیحده	‘alá-ḥida
علیق	‘alīq
علیک	‘alaika
علیل	‘alīl
علیم	‘alīm
علیون	‘illīyūn
علیه	‘alaihi
علیین	‘illīyīn
عم	‘am
عماء	‘amā’
عماد	‘imād
عمادیه	‘amādīya
عمار	‘amār
عمارات	‘imārāt
عمارة	‘amārat
عمارتی	‘imāratī
عماری	‘imārī
عماس	‘amās
عمال	‘ummāl
عمالقة	‘amāliqat
عمان	‘umān
عمائر	‘amā’ir
عمائم	‘amā’im
عمج	‘amj
عمد	‘amd
عمداً	‘amd-an
عمدان	‘umdān
عمدگی	‘umdagī
عمر	‘amr
عمراً	‘umr-an
عمران	‘imrān
عمرة	‘amrat
عمرد	‘amrud
عمرو	‘amrū
عمرور	‘umrwar
عمره	‘umra
عمری	‘umre
عمس	‘ams
عمش	‘amsh
عمص	‘umṣ
عمقیت	‘umqīyat
عمل	‘amal
عملاً	‘amal-an
عملاق	‘imlāq
عملة	‘amlat
عملج	‘amlaj
عملجات	‘amalajāt
عملدار	‘amal-dār
عملداری	‘amal-dārī
عملگان	‘amalagān
عمله	‘amla
عملی	‘amalī
عملیة	‘amalīyat
عملیق	‘imlīq
عمم	‘amam
عمن	‘amn
عمو	‘amw
عمواس	‘amwās
عموج	‘amūj
عمود	‘amūd
عموداً	‘amūd-an
عموره	‘amūra
عموریه	‘amūriya
عموس	‘amūs
عمول	‘amūl
عموم	‘umūm
عموماً	‘umūm-an
عمومة	‘umūmat
عمومی	‘umūmī
عموه	‘umūh
عمه	‘amh
عمی	‘amy
عمیاء	‘amyā’
عمیان	‘umyān
عمید	‘amīd
عمیر	‘amīr
عمیس	‘amīs
عمیق	‘amīq
عمیم	‘amīm
عن	‘an
عناء	‘anā’
عناب	‘annāb
عنابی	‘unnābī
عناج	‘ināj
عناد	‘inād
عناداً	‘inād-an
عنادل	‘anādil
عناصر	‘anāṣir
عناق	‘anāq
عناقید	‘anāqīd
عنان	‘anān
عناناالمتن	‘inānā’l-matn
عناناک	‘unānāka
عنانة	‘anānat
عناهج	‘unāhij
عنایات	‘ināyāt
عنایتی	ināyatī
عنب	‘inab
عنبر	‘aṃbar
عنبرچه	‘aṃbarcha
عنبری	‘ambarī
عنبرین	‘ambarīn
عنبرینه	‘aṃbarīna
عنبه	‘aṃba
عنبی	‘inabī
عنت	‘anat
عنج	‘anj
عنجه	‘unja
عندل	‘andal
عندلیب	‘andalīb
عندلیبک	‘andalībak
عندم	‘andam
عندیات	‘indiyāt
عندیه	‘indiya
عنز	‘anz
عنزة	‘anazat
عنزروت	‘anzarūt
عنس	‘ans
عنش	‘ansh
عنصری	‘unṣurī
عنفوان	‘unfuwān
عنفی	‘unfī
عنق	‘unq
عنقاء	‘anqā’
عنقاد	‘inqād
عنقود	‘unqūd
عنک	‘ank
عنکبوت	‘ankabūt
عنکبوتیه	‘ankabūtiya
عنگ	‘ang
عنم	‘anam
عنن	‘anan
عنو	‘anw
عنوة	‘anwat
عنود	‘anūd
عنوز	‘unūz
عنوس	‘unūs
عنون	‘anūn
عنید	‘anīd
عنیس	‘anīs
عنیف	‘anīf
عنیق	‘aniq
عنین	‘innīn
عو	‘av
عواء	‘uwā’
عوابس	‘awābis
عواتق	‘awātiq
عوثن	‘awās̤in
عواج	‘auwāj
عواد	‘auwād
عواذ	‘awāẕ
عواذل	‘awāẕil
عوارض	‘awāriẓ
عوارف	‘awārif
عواس	‘auwās
عواسج	‘awāsij
عواصر	‘awāṣir
عواصف	‘awāṣif
عواطف	‘awāt̤if
عواطل	‘awāt̤il
عواف	‘uwāf
عواقب	‘awāqib
عوال	‘auwāl
عوالی	‘awālī
عوام	‘uwām
عوامل	‘awāmil
عوان	‘awān
عوانان	‘awānān
عوانس	‘awānis
عواویر	‘awāwīr
عوائب	‘awā’ib
عوائد	‘awā’id
عوائر	‘awā’ir
عوائق	‘awā’iq
عوج	‘auj
عود	‘aud
عودة	‘audat
عودی	‘ūdī
عوذ	‘auẕ
عوذة	‘ūẕat
عور	‘aur
عورات	‘aurāt
عورة	‘aurat
عورتانه	‘auratāna
عوری	‘ūrī
عوز	‘auz
عوس	‘aus
عوسج	‘ausaj
عوسجة	‘ausajat
عوص	‘auṣ
عوض	‘auẓ
عوضانه	‘iwaẓāna
عوضی	‘iwaẓī
عوط	‘aut̤
عوف	‘auf
عوق	‘auq
عوک	‘auk
عول	‘aul
عولق	‘aulaq
عوم	‘aum
عون	‘aun
عوهج	‘auhaj
عوهق	‘auhaq
عوهقان	‘auhaqān
عویر	‘uwair
عویص	‘awīṣ
عویل	‘awīl
عویم	‘uwaim
عهد	‘ahd
عهر	‘ahr
عهعخ	‘uh‘uḵẖ
عهن	‘ahn
عهو	‘ihw
عهود	‘uhūd
عهون	‘uhūn
عهید	‘ahīd
عی	‘aiy
عیاء	‘ayā’
عیاب	‘iyāb
عیاد	‘iyād
عیادة	‘iyādat
عیاذ	‘iyāẕ
عیار	‘iyār
عیارگی	‘aiyāragī
عیاری	‘aiyārī
عیاش	‘aiyāsh
عیاشی	‘aiyāshī
عیاص	‘ayāṣ
عیاض	‘iyāẓ
عیاف	‘ayāf
عیافة	‘iyāfat
عیال	‘iyāl
عیام	‘ayām
عیان	‘iyān
عیاناً	‘iyān-an
عیانة	‘iyānat
عیانی	‘iyānī
عیب	‘aib
عیبة	‘aibat
عیبناک	‘aibnāk
عیبناکی	‘aibnākī
عیبی	‘aibī
عیث	‘ais̤
عیثام	‘ais̤ām
عید	‘īd
عیداب	‘īdāb
عیدان	‘īdān
عیدی	‘īdī
عیدین	‘īdain
عیذاب	‘īẕāb
عیزران	‘īzrān
عیس	‘ais
عیسائی	‘īsā’ī
عیسوب	‘aisūb
عیسوی	‘īsawī
عیسیٰ	‘īsá
عیسی	‘īsī
عیش	‘aish
عیشا	‘īshā
عیشة	‘īshat
عیشستان	‘aishistān
عیشه	‘īsha
عیص	‘īṣ
عیصو	‘īsū
عیط	‘ait̤
عیف	‘aif
عیق	‘aiq
عیل	‘ail
عیلة	‘ailat
عیلم	‘elim
عیم	‘aim
عین	‘ain
عیناء	‘ainā’
عینانیان	‘īnāniyān
عینتاب	‘ain-tāb
عینک	‘ainak
عینه	‘ainu-hu
عینی	‘ainī
عیوب	‘ayūb
عیوف	‘ayūf
عیوق	‘aiyūq
عیون	‘ayūn
عیهب	‘aihab
عیهل	‘aihal
غ	g̱ẖ
غاب	g̱ẖāb
غابانک	g̱ẖābānk
غابة	g̱ẖābat
غابر	g̱ẖābir
غابرة	g̱ẖābirat
غابش	g̱ẖābish
غابط	g̱ẖābit̤
غابن	g̱ẖābin
غابندن	g̱ẖābandan
غابوق	g̱ẖābūq
غابوک	g̱ẖābūk
غاتفر	g̱ẖātfar
غاد	g̱ẖād
غادر	g̱ẖādir
غادف	g̱ẖādif
غادوف	g̱ẖādūf
غادیة	g̱ẖādiyat
غاذ	g̱ẖāẕẕ
غاذی	g̱ẖāẕī
عاذیة	g̱ẖāẕiyat
غار	g̱ẖār
غارب	g̱ẖārib
غارة	g̱ẖārat
غارتنگ	g̱ẖārtang
غارتیدن	g̱ẖāratīdan
غارجی	g̱ẖārijī
غارز	g̱ẖāriz
غارس	g̱ẖāris
غارستان	g̱ẖāristān
غارق	g̱ẖāriq
غارنگ	g̱ẖārang
غاره	g̱ẖāra
غاری	g̱ẖārī
غاریقون	g̱ẖārīqūn
غاز	g̱ẖāz
غازغان	g̱ẖāzg̱ẖān
غازه	g̱ẖāza
غازی	g̱ẖāzī
غازیانه	g̱ẖāziyāna
غازیه	g̱ẖāziya
غاژ	g̱ẖāzh
غاژه	g̱ẖāzha
غاسق	g̱ẖāsiq
غاسل	g̱ẖāsil
غاسول	g̱ẖāsūl
غاش	g̱ẖāsh
غاص	g̱ẖāṣ
غاصب	g̱ẖāṣib
غاضر	g̱ẖāẓir
غاضف	g̱ẖāẓif
غاطس	g̱ẖāt̤is
غاغاطی	g̱ẖāg̱ẖāt̤ī
غاف	g̱ẖāf
غافت	g̱ẖāfat
غافر	g̱ẖāfir
غافق	g̱ẖāfiq
غافل	g̱ẖāfil
غافلاً	g̱ẖāfil-an
غافلی	g̱ẖāfilī
غاق	g̱ẖāq
غاک	g̱ẖāk
غاکوک	g̱ẖākūk
غال	g̱ẖāl
غال	g̱ẖāll
غالالوط	g̱ẖālālūt̤
غالب	g̱ẖālib
غالباً	g̱ẖālib-an
غالبانه	g̱ẖālibāna
غالبیة	g̱ẖālibīyat
غالج	g̱ẖālij
غالد	g̱ẖālad
غالوک	g̱ẖālūk
غاله	g̱ẖāla
غالی	g̱ẖālī
غالیة	g̱ẖāliyat
غالیچه	g̱ẖālīcha
غالیدن	g̱ẖālīdan
غالینوس	g̱ẖālīnūs
غالیه	g̱ẖāliya
غامد	g̱ẖāmid
غامر	g̱ẖāmir
غامرات	g̱ẖāmirāt
غامض	g̱ẖāmiẓ
غامی	g̱ẖāmī
غانج	g̱ẖānj
غانذ	g̱ẖāniẕ
غانه	g̱ẖāna
غانی	g̱ẖānī
غانیة	g̱ẖāniyat
غاو	g̱ẖāv
غاوجی	g̱ẖāwijī
غاور	g̱ẖāwir
غاوشو	g̱ẖāwshū
غاورش	g̱ẖāwūsh
غاوون	g̱ẖāwūn
غاوه	g̱ẖāwa
غاوی	g̱ẖāwī
غای	g̱ẖāy
غائب	g̱ẖā’ib
غائبانه	g̱ẖā’ibāna
غائر	g̱ẖā’ir
غائص	g̱ẖā’iṣ
غائط	g̱ẖā’it̤
غایوک	g̱ẖāyūk
غائی	g̱ẖā’ī
غباً	g̱ẖibb-an
غباد	g̱ẖubād
غبار	g̱ẖubār
غباره	g̱ẖibāra
غباری	g̱ẖubārī
غباریه	g̱ẖubāriya
غباز	g̱ẖabāz
غباوة	g̱ẖabāwat
غبب	g̱ẖabab
غبث	g̱ẖabs̤
غبج	g̱ẖabj
غبر	g̱ẖabr
غبراء	g̱ẖabrā’
غبرة	g̱ẖubrat
غبس	g̱ẖabs
غبش	g̱ẖabash
غبص	g̱ẖabaṣ
غبط	g̱ẖabt̤
غبطة	g̱ẖibt̤at
غبغب	g̱ẖabg̱ẖab
غبن	g̱ẖabn
غبور	g̱ẖubūr
غبی	g̱ẖabī
غبیب	g̱ẖubaib
غبیثه	g̱ẖabīs̤a
غبیراء	g̱ẖubairā’
غبیس	g̱ẖubais
غبیط	g̱ẖabīt̤
غبین	g̱ẖabīn
غپک	g̱ẖapak
غتم	g̱ẖatm
غتفر	g̱ẖutfar
غتفره	g̱ẖutfara
غث	g̱ẖas̤s̤
غثاثة	g̱ẖas̤ās̤at
غثر	g̱ẖas̤r
غثم	g̱ẖas̤m
غثوثة	g̱ẖas̤ūs̤at
غثی	g̱ẖas̤y
غثیث	g̱ẖas̤īs̤
غچک	g̱ẖichak
غچموک	g̱ẖachmūk
غد	g̱ẖad
غداء	g̱ẖadā’
غداة	g̱ẖadāt
غداد	g̱ẖidād
غدار	g̱ẖidār
غداره	g̱ẖadāra
غداری	g̱ẖaddārī
غداف	g̱ẖudāf
غدافی	g̱ẖudāfī
غداک	g̱ẖadāk
غدائر	g̱ẖadā’ir
غدد	g̱ẖadad
غدر	g̱ẖadr
غدر	g̱ẖadar
غدرک	g̱ẖadrak
غدز	g̱ẖudz
غدغن	g̱ẖadag̱ẖan
غدف	g̱ẖadf
غدفان	g̱ẖidfān
غدفره	g̱ẖudfara
غدق	g̱ẖadaq
غدن	g̱ẖadan
غدنگ	g̱ẖadang
غدو	g̱ẖadū
غدو	g̱ẖadw
غدوة	g̱ẖudwat
غدود	g̱ẖadūd
غدور	g̱ẖadūr
غدی	g̱ẖadī
غدیر	g̱ẖadīr
غذ	g̱ẖaẕẕ
غذاء	g̱ẖiẕā’
غذم	g̱ẖaẕm
عر	g̱ẖar
غر	g̱ẖarr
غرا	g̱ẖurā
غراب	g̱ẖurāb
غراث	g̱ẖirās̤
غراچه	g̱ẖarācha
غراده	g̱ẖirāda
غرار	g̱ẖirār
غرارة	g̱ẖarārat
غراره	g̱ẖarāra
غراز	g̱ẖurāz
غرازی	g̱ẖurāzī
غراس	g̱ẖarās
غراش	g̱ẖarāsh
غراشیدن	g̱ẖarāshīdan
غراشیده	g̱ẖarāshīda
غراف	g̱ẖirāf
غرام	g̱ẖarām
غراما	g̱ẖarāmā
غرامة	g̱ẖarāmat
غران	g̱ẖarrān
غران	g̱ẖurrān
غرانیده	g̱ẖarānīda
غراورنگ	g̱ẖaraurang
غرائب	g̱ẖarā’ib
غرائبات	g̱ẖarā’ibāt
غرائر	g̱ẖarā’ir
غرب	g̱ẖarb
غرباء	g̱ẖurabā’
غرباسنگ	g̱ẖarbāsang
غربال	g̱ẖirbāl
غربان	g̱ẖirbān
غریة	g̱ẖarbat
غربتان	g̱ẖarbatān
غربد	g̱ẖarbad
غربه	g̱ẖurba
غربی	g̱ẖarbī
غربیر	g̱ẖarbīr
غربیله	g̱ẖarbīla
غرته	g̱ẖurta
غرث	g̱ẖaras̤
غرجستان	g̱ẖarjistān
غرچه	g̱ẖarcha
غرد	g̱ẖard
غردل	g̱ẖar-dil
غرده	g̱ẖarda
غرر	g̱ẖarar
غرز	g̱ẖarz
غرزاد	g̱ẖar-zād
غرزن	g̱ẖar-zan
غرس	g̱ẖars
غرسا	g̱ẖarsā
غرش	g̱ẖarsh
غرشا	g̱ẖarshā
غرشت	g̱ẖurrisht
غرشنه	g̱ẖurshna
غرشیدن	g̱ẖarshīdan
غرشیده	g̱ẖarshīda
غرض	g̱ẖarẓ
غرضانه	g̱ẖaraẓāna
غرضمند	g̱ẖaraẓmand
غرضمندی	g̱ẖaraẓmandī
غرضی	g̱ẖaraẓī
غرغاب	g̱ẖarg̱ẖāb
غرغان	g̱ẖarg̱ẖān
غرغاو	g̱ẖarg̱ẖāv
غرغر	g̱ẖarg̱ẖar
غرغره	g̱ẖarg̱ẖara
غرغشه	g̱ẖarg̱ẖasha
غرغند	g̱ẖarg̱ẖand
غرغنده	g̱ẖarg̱ẖanda
غرف	g̱ẖarf
غرفة	g̱ẖarfat
غرفج	g̱ẖurfuj
غرفش	g̱ẖurfish
غرفنج	g̱ẖurfanj
غرق	g̱ẖaraq
غرقاب	g̱ẖarqāb
غرقة	g̱ẖurqat
غرقد	g̱ẖarqad
غرقه	g̱ẖarqa
غرقیٰ	g̱ẖarqá
غرل	g̱ẖaril
غرلة	g̱ẖurlat
غرم	g̱ẖarm
غرما	g̱ẖarmā
غرماء	g̱ẖuramā’
غرمان	g̱ẖarmān
غرمانوش	g̱ẖarmānūsh
غرمج	g̱ẖarmij
غرمچ	g̱ẖarmich
غرمنده	g̱ẖarmanda
غرمیدن	g̱ẖarmīdan
غرمیده	g̱ẖarmīda
غرن	g̱ẖaran
غرناطة	g̱ẖarnāt̤at
غرنب	g̱ẖuruṃb
غرنبش	g̱ẖuruṃbish
غرنبنده	g̱ẖuruṃbanda
غرنبه	g̱ẖuruṃba
غرنبیدن	g̱ẖuruṃbīdan
غرنج	g̱ẖaranj
غرنجغ	g̱ẖiranjag̱ẖ
غرنده	g̱ẖurranda
غرنوق	g̱ẖurnūq
غرنیچی	g̱ẖarnīchī
غرو	g̱ẖarv
غرو	g̱ẖarw
غروا	g̱ẖarwā
غرواسنگ	g̱ẖarwāsang
غرواش	g̱ẖarwāsh
غرواشه	g̱ẖarwāsha
غروب	g̱ẖurūb
غروبه	g̱ẖurūba
غروتنج	g̱ẖarūtanj
غرود	g̱ẖarūd
غرور	g̱ẖarūr
غروری	g̱ẖurūrī
غرونبه	g̱ẖurūṃba
غرویدن	g̱ẖurwīdan
غرویزن	g̱ẖarwīzan
غریاسنگ	g̱ẖaryāsang
غریب	g̱ẖarīb
غریبانه	g̱ẖarībāna
غریبی	g̱ẖarībī
غریچی	g̱ẖarīchī
غرید	g̱ẖarīd
غریدنی	g̱ẖurrīdane
غریر	g̱ẖarīr
غریرن	g̱ẖareran
غریز	g̱ẖarīz
غریز	g̱ẖuraiz
غریزان	g̱ẖarezān
غریزة	g̱ẖarīzat
غریزن	g̱ẖarezan
غریزی	g̱ẖarīzī
غریژنگ	g̱ẖarīzhang
غریس	g̱ẖarīs
غریض	g̱ẖarīẓ
غریف	g̱ẖarīf
غریفج	g̱ẖarefaj
غریق	g̱ẖarīq
غریم	g̱ẖarīm
غرین	g̱ẖarīn
غرینش	g̱ẖurrīnish
غریو	g̱ẖirev
غریوان	g̱ẖirewān
غریویدن	g̱ẖirewīdan
غز	g̱ẖuz
غزاء	g̱ẖazā’
غزاة	g̱ẖazāt
غزال	g̱ẖazāl
غزالان	g̱ẖazālān
غزالی	g̱ẖazālī
عزة	g̱ẖazzat
غزغن	g̱ẖazg̱ẖan
غزل	g̱ẖazl
غزلان	g̱ẖizlān
غزلدان	g̱ẖazl-dān
غزلولاور	g̱ẖuzlūlāwar
غزلیات	g̱ẖazliyāt
غزم	g̱ẖuzm
غزنک	g̱ẖuznak
غزنو	g̱ẖaznū
غزنوی	g̱ẖaznawī
غزنویه	g̱ẖaznawīyah
غزو	g̱ẖazw
غزیر	g̱ẖazīr
غژ	g̱ẖazh
غژان	g̱ẖuzhān
غژب	g̱ẖuzhb
غژژ	g̱ẖazhazh
غژغا	g̱ẖazhg̱ẖā
غژغژ	g̱ẖazhg̱ẖazh
غژغژان	g̱ẖazhg̱ẖazhān
غژقاو	g̱ẖazhqāv
غژک	g̱ẖizhak
غژم	g̱ẖuzhm
غژنگ	g̱ẖazhang
غژولیدن	g̱ẖuzhūlīdan
غژیدن	g̱ẖazhīdan
غژیده	g̱ẖazhīda
غس	g̱ẖass
غسا	g̱ẖasā
غساس	g̱ẖusās
غساک	g̱ẖasāk
غسال	g̱ẖassāl
غسان	g̱ẖisān
غسانی	g̱ẖassāni
غسر	g̱ẖasr
غسف	g̱ẖasaf
غسق	g̱ẖasq
غسقان	g̱ẖasaqān
غسک	g̱ẖasak
غسل	g̱ẖasl
غسلج	g̱ẖaslaj
غسلین	g̱ẖislīn
غسن	g̱ẖasn
غنسة	g̱ẖusnat
غسو	g̱ẖusūw
غسوق	g̱ẖusūq
غسول	g̱ẖasūl
غسیس	g̱ẖasīs
غسیل	g̱ẖasīl
غش	g̱ẖash
غش	g̱ẖashsh
غشاء	g̱ẖishā’
غشاش	g̱ẖishāsh
غشاک	g̱ẖashāk
غشامشک	g̱ẖashāmushk
غشش	g̱ẖashash
غشق	g̱ẖashq
غشم	g̱ẖashm
غشمشک	g̱ẖash-mushk
غشمشم	g̱ẖashamsham
غشن	g̱ẖashn
عشوم	g̱ẖashūm
غشون	g̱ẖushshūn
غشه	g̱ẖishih
غشی	g̱ẖashy
غشیه	g̱ẖushya
غشیة	g̱ẖashyat
غصب	g̱ẖaṣb
غصص	g̱ẖaṣaṣ
غصن	g̱ẖaṣn
غصنة	g̱ẖiṣnat
غصون	g̱ẖuṣūn
غض	g̱ẖaẓẓ
غضا	g̱ẖaẓā
غضاب	g̱ẖiẓāb
غضار	g̱ẖaẓār
غضارة	g̱ẖaẓārat
غضاضة	g̱ẖaẓāẓat
غضب	g̱ẖaẓb
غضباً	g̱ẖaẓab-an
غضبان	g̱ẖaẓbān
عضبان	g̱ẖaẓbān
غضبناک	g̱ẖaẓabnāk
غضبناکی	g̱ẖaẓabnākī
غضبی	g̱ẖaẓabī
غضر	g̱ẖaẓr
غضراء	g̱ẖaẓrā’
غضروف	g̱ẖuẓrūf
غضف	g̱ẖaẓf
غضن	g̱ẖaẓn
غضنضر	g̱ẖaẓanfar
غضوب	g̱ẖaẓūb
غضور	g̱ẖaẓwar
غضوضة	g̱ẖuẓūẓat
غضیر	g̱ẖaẓīr
غضیض	g̱ẖaẓīẓ
غط	g̱ẖat̤t̤
غطاء	g̱ẖit̤ā’
غطاط	g̱ẖat̤āt̤
غطرس	g̱ẖit̤ris
غطریف	g̱ẖit̤rīf
غطس	g̱ẖat̤ṣ
غطش	g̱ẖat̤sh
غطف	g̱ẖat̤af
غطفان	g̱ẖat̤afān
غطل	g̱ẖat̤l
غطمطم	g̱ẖat̤amt̤am
غطوس	g̱ẖat̤ūs
غطیط	g̱ẖat̤īt̤
غطیم	g̱ẖat̤īm
غف	g̱ẖaf
غف	g̱ẖaff
غفار	g̱ẖifār
عفارة	g̱ẖifārat
غفج	g̱ẖufj
غفچی	g̱ẖafchī
غفده	g̱ẖafda
غفر	g̱ẖafar
عفر	g̱ẖafr
غفران	g̱ẖufrān
غفش	g̱ẖafsh
غفصت	g̱ẖafṣat
غفق	g̱ẖafq
غفل	g̱ẖufl
غفلة	g̱ẖaflat
غفلتی	g̱ẖaflatī
غفنج	g̱ẖafanj
غفو	g̱ẖafw
غفوده	g̱ẖufūda
غفور	g̱ẖafūr
غفول	g̱ẖafūl
غفیة	g̱ẖafyat
غفیر	g̱ẖafīr
غق	g̱ẖaqq
غک	g̱ẖak
غکه	g̱ẖuka
غل	g̱ẖul
غل	g̱ẖall
غلاء	g̱ẖalā’
غلاب	g̱ẖilāb
غلات	g̱ẖallāt
غلاط	g̱ẖilāt̤
غلاظ	g̱ẖilāz̤
غلاظة	g̱ẖilāz̤at
غلاف	g̱ẖilāf
غلافی	g̱ẖilāfī
غلاق	g̱ẖalāq
غلال	g̱ẖilāl
غلاله	g̱ẖulāla
غلام	g̱ẖulām
غلامی	g̱ẖulāmī
غلبکن	g̱ẖalbakan
غلبگی	g̱ẖalabagī
غلبه	g̱ẖulba
غلبیر	g̱ẖalbīr
غلپیسه	g̱ẖilpīsa
غلة	g̱ẖallat
غلت	g̱ẖalt
غلتان	g̱ẖaltān
غلتانیدن	g̱ẖaltānīdan
غلتک	g̱ẖaltak
غلتیدن	g̱ẖaltīdan
غلث	g̱ẖals̤
غاج	g̱ẖalj
غلچگی	g̱ẖalchagī
غلچه	g̱ẖalcha
غلس	g̱ẖalas
غلط	g̱ẖalt̤
غلط	g̱ẖalat̤
غلطان	g̱ẖalt̤ān
انداز	g̱ẖalat̤-andāz
غلطانی	g̱ẖalt̤ānī
علطک	g̱ẖalt̤ak
غلطگوئی	g̱ẖalat̤-go’ī
غلطه	g̱ẖalt̤a
غلطی	g̱ẖalat̤ī
غلطیدن	g̱ẖalt̤īdan
غلظ	g̱ẖalz̤
غلغچ	g̱ẖilg̱ẖich
غلغل	g̱ẖulg̱ẖul
غلغلاج	g̱ẖulg̱ẖalāj
غلغلة	g̱ẖalg̱ẖalat
غلفله	g̱ẖulg̱ẖula
غلغونه	g̱ẖulg̱ẖūna
غلف	g̱ẖalf
غلفة	g̱ẖulfat
غلفج	g̱ẖalafj
غلفق	g̱ẖalfaq
غلق	g̱ẖalq
غلقا	g̱ẖalqā
غلقونه	g̱ẖulqūna
غلک	g̱ẖullak
غلل	g̱ẖalal
غلم	g̱ẖalm
غلمان	g̱ẖilmān
غلمة	g̱ẖilmat
غلمچ	g̱ẖilmich
غلمشک	g̱ẖalmashak
غلو	g̱ẖulūw
غلوة	g̱ẖalwat
غلوفیریا	g̱ẖalūfīriyā
غلول	g̱ẖalūl
غلول	g̱ẖulūl
غلوله	g̱ẖalūla
غله	g̱ẖala
غله	g̱ẖalla
غلی	g̱ẖaly
غلی	g̱ẖalī
غلیان	g̱ẖilyān
غلیان	g̱ẖalayān
غلیته	g̱ẖalīta
غلیث	g̱ẖalīs̤
غلیجن	g̱ẖulījan
غلیدن	g̱ẖalīdan
غلیذ	g̱ẖalīẕ
غلیزن	g̱ẖalīzan
غلیظ	g̱ẖalīz̤
غلیظی	g̱ẖalīz̤ī
غلیغر	g̱ẖileg̱ẖar
غلیل	g̱ẖalīl
غلیل	g̱ẖulel
غلیم	g̱ẖulaiyim
غلیو	g̱ẖalev
غلیواج	g̱ẖalewāj
غلیون	g̱ẖalīwan
غلیون	g̱ẖilyūn
غم	g̱ẖamm
غماء	g̱ẖamā’
غماز	g̱ẖammāz
غمازک	g̱ẖammāzak
غمازی	g̱ẖammāzī
غمام	g̱ẖamām
غمامة	g̱ẖamāmat
غمان	g̱ẖamān
غمائم	g̱ẖamā’im
غمة	g̱ẖammat
غمج	g̱ẖamj
غمخانه	g̱ẖam-ḵẖāna
غمخوار	g̱ẖam-ḵẖẉār
غمخوارگی	g̱ẖam-ḵẖẉāragī
غمخواری	g̱ẖam-ḵẖẉārī
غمخور	g̱ẖam-ḵẖẉur
غمخوری	g̱ẖam-ḵẖẉurī
غمدان	g̱ẖam-dān
غمدیده	g̱ẖam-dīda
غمر	g̱ẖamr
غمرات	g̱ẖamarāt
غمران	g̱ẖamrān
غمرة	g̱ẖamrat
عمرسیده	g̱ẖam-rasīda
غمرور	g̱ẖumr-war
غمز	g̱ẖamz
غمزدا	g̱ẖam-zidā
غمزدای	g̱ẖam-zidāy
غمزدگی	g̱ẖam-zadagī
غمزده	g̱ẖam-zada
غمزه	g̱ẖamza
غمس	g̱ẖams
غمستان	g̱ẖamistān
غمش	g̱ẖamash
غمص	g̱ẖamṣ
غمض	g̱ẖamẓ
غمط	g̱ẖamt̤
غمق	g̱ẖamaq
غمکده	g̱ẖam-kada
غمکسار	g̱ẖam-kusār
غمکساری	g̱ẖam-kusārī
غمکش	g̱ẖam-kash
غمکن	g̱ẖam-kun
غمگسار	g̱ẖam-gusār
غمگین	g̱ẖam-gīn
غمگینی	g̱ẖam-gīnī
غمل	g̱ẖaml
غمم	g̱ẖamam
غمن	g̱ẖamn
غمناک	g̱ẖamnāk
غمند	g̱ẖamand
غمود	g̱ẖumūd
غموز	g̱ẖamūz
غموس	g̱ẖamūs
غموص	g̱ẖamūṣ
غموض	g̱ẖumūẓ
غموضة	g̱ẖumūẓat
غموم	g̱ẖumūm
غمی	g̱ẖamī
غمیار	g̱ẖam-yār
غمیدن	g̱ẖamīdan
غمیر	g̱ẖamīr
غمیس	g̱ẖamīs
غمیساء	g̱ẖumaiṣā’
غمیم	g̱ẖamīm
غمین	g̱ẖamīn
غن	g̱ẖan
غناء	g̱ẖanā’
غناة	g̱ẖunāt
غناده	g̱ẖunāda
غنام	g̱ẖanām
غناما	g̱ẖunāmā
غنائم	g̱ẖanā’im
غنبه	g̱ẖuṃba
غنة	g̱ẖunnat
غنج	g̱ẖanj
غنج	g̱ẖunj
غنجار	g̱ẖanjār
غنجال	g̱ẖanjāl
غنجر	g̱ẖanjar
غنجه	g̱ẖunja
غنجیدن	g̱ẖunjīdan
غنچگی	g̱ẖunchagī
غنچه	g̱ẖuncha
غند	g̱ẖund
غندش	g̱ẖundish
غندماش	g̱ẖundmāsh
غنده	g̱ẖunda
غندی	g̱ẖandī
غنشیدن	g̱ẖanshīdan
غنظ	g̱ẖanz̤
غنقیلی	g̱ẖunqīlī
غنگ	g̱ẖang
غنم	g̱ẖanm
غنو	g̱ẖunav
غنودگی	g̱ẖunūdagī
غنودن	g̱ẖunūdan
غنوده	g̱ẖunūda
غنوز	g̱ẖunūz
غنوند	g̱ẖunwand
غنویدن	g̱ẖunawīdan
غنه	g̱ẖunna
غنی	g̱ẖaná
غنیزان	g̱ẖanīzān
غنیم	g̱ẖanīm
غنیمانه	g̱ẖanīmāna
غنینه	g̱ẖanīna
غو	g̱ẖav
غوار	g̱ẖiwār
غوارب	g̱ẖawārib
غوازل	g̱ẖawāzil
غواشی	g̱ẖawāshī
غواص	g̱ẖauwāṣ
غواصی	g̱ẖauwāṣī
غوالنگ	g̱ẖawālang
غوالی	g̱ẖawālī
غوامض	g̱ẖawāmiẓ
غوانی	g̱ẖawānī
غوایة	g̱ẖawāyat
غوائل	g̱ẖawā’il
غوبنک	g̱ẖūbinak
غوت	g̱ẖot
غوث	g̱ẖaus̤
غوج	g̱ẖauj
غوچ	g̱ẖūch
غوچه	g̱ẖūcha
غوچی	g̱ẖauchī
غور	g̱ẖaur
غورا	g̱ẖaurā
غورگی	g̱ẖoragī
غوروا	g̱ẖūrwā
غورواشه	g̱ẖūrwāsha
غوری	g̱ẖorī
غوریدن	g̱ẖūrīdan
غوز	g̱ẖauz
غوزه	g̱ẖoza
غوژه	g̱ẖūzha
غوش	g̱ẖosh
غوشا	g̱ẖoshā
غوشاک	g̱ẖoshāk
غوشای	g̱ẖoshāy
غوشت	g̱ẖausht
غوشنگ	g̱ẖavshang
غوشه	g̱ẖosha
غرص	g̱ẖauṣ
غوط	g̱ẖaut̤
غوطه	g̱ẖot̤a
غوغاء	g̱ẖaug̱ẖā’
غوغائی	g̱ẖaug̱ẖā’ī
غوغو	g̱ẖūg̱ẖū
غوق	g̱ẖoq
غوک	g̱ẖok
غوکان	g̱ẖokān
غول	g̱ẖaul
غول	g̱ẖol
غولانیدن	g̱ẖolānīdan
غولتاش	g̱ẖūltāsh
غولدنگ	g̱ẖoladang
غولک	g̱ẖolak
غولو	g̱ẖūlū
غوله	g̱ẖaula
غولیدن	g̱ẖolīdan
غولین	g̱ẖolīn
غوی	g̱ẖawī
غویر	g̱ẖuwair
غویشه	g̱ẖawīsha
غویه	g̱ẖūyah
غهب	g̱ẖahab
غهق	g̱ẖahiq
غهیق	g̱ẖahīq
غی	g̱ẖaiy
غیاب	g̱ẖayāb
غیابة	g̱ẖayābat
غیاث	g̱ẖiyās̤
غیاثوند	g̱ẖiyās̤wand
غیار	g̱ẖiyār
غیازه	g̱ẖayāza
غیاص	g̱ẖiyāṣ
غیاصة	g̱ẖiyāṣat
غیاض	g̱ẖiyāẓ
غیاط	g̱ẖiyāt̤
غیاف	g̱ẖaiyāf
غیان	g̱ẖayān
غیب	g̱ẖaib
غیبة	g̱ẖaibat
غیبتی	g̱ẖaibatī
غیبدان	g̱ẖaib-dān
غیبه	g̱ẖaiba
غیبی	g̱ẖaibī
غیث	g̱ẖais̤
غید	g̱ẖīd
غیداء	g̱ẖaidā’
غیداق	g̱ẖaidāq
غیداقی	g̱ẖaidāqī
غیر	g̱ẖair
غیر	g̱ẖīr
غیرة	g̱ẖairat
غیریة	g̱ẖairīyat
غیژ	g̱ẖezh
غیژیدن	g̱ẖezhīdan
غیسان	g̱ẖaisān
غیسیدن	g̱ẖīsīdan
غیش	g̱ẖīsh
غیشانیدن	g̱ẖīshānīdan
غیشه	g̱ẖīsha
غیشیدن	g̱ẖīshīdan
غیض	g̱ẖaiẓ
غیضة	g̱ẖaiẓat
غیظ	g̱ẖaiz̤
غیف	g̱ẖaif
غیفان	g̱ẖayafān
غیل	g̱ẖail
غیلان	g̱ẖailān
غیلة	g̱ẖīlat
غیلم	g̱ẖailam
غیم	g̱ẖaim
غین	g̱ẖain
غیو	g̱ẖev
غیوب	g̱ẖuyūb
غیوبة	g̱ẖuyūbat
غیوث	g̱ẖuyūs̤
غیور	g̱ẖayūr
غیوران	g̱ẖayūrān
غیوری	g̱ẖayūrī
غیه	g̱ẖiya
غیهب	g̱ẖaihab
غیهق	g̱ẖaihaq
غیهم	g̱ẖaiham
ف	f
ف	fa
فا	fā
فاء	fā’
فابس	fābis
فات	fāt
فاتح	fātiḥ
فاتر	fātir
فاترسین	fātarsīn
فاتق	fātiq
فاتک	fātik
فاتن	fātin
فاتوریدن	fātūrīdan
فاتوسین	fātūsīn
فاتولیدن	fātūlīdan
فاثج	fās̤ij
فاثور	fās̤ūr
فاج	fāj
فاجام	fājām
فاجر	fājir
فاجره	fājira
فاجشه	fājisha
فاجع	faji‘
فاجه	fāja
فاحش	fāḥish
فاحشگی	fāḥishagī
فاحص	fāḥiṣ
فاحم	fāḥim
فاخ	fāḵẖ
فاختک	fāḵẖtak
فاخته	fāḵẖta
فاختی	fāḵẖitī
فاختئی	fāḵẖta’ī
فاخر	fāḵẖir
فاخره	fāḵẖara
فاخیدن	fāḵẖīdan
فاٴد	fa’d
فاداشتن	fā-dāshtan
فادج	fādaj
فادح	fādiḥ
فادر	fādir
فادزهر	fādzahar
فار	fār
فاراب	fārāb
فاران	fārān
فاٴرة	fa‘rat
فارج	fārij
فارد	fārid
فارز	fāriz
فارس	fārs
فارس	fāris
فارسطاریون	fārist̤āriyūn
فارسی	fārsī
فارسیان	fārsiyān
فارض	fāriẓ
فارط	fārit̤
فارطان	fārit̤ān
فارغ	fārig̱ẖ
قارغبالی	fārig̱ẖ-bālī
فارغخطی	fārig̱ẖ-ḵẖat̤t̤ī
فارق	fāriq
فارقلیط	fāraqlīt̤
فارقین	fāriqīn
فارک	fārik
فاروق	fārūq
فاره	fārih
فاریاب	fāryāb
فازر	fāzir
فازع	fāzi‘
فاژ	fazh
فاژانیدن	fāzhānīdan
فاژده	fāzhada
فاژیدن	fāzhīdan
فاٴس	fa’s
فاسترک	fāstarak
فاسد	fāsid
فاسده	fāsida
فاسق	fāsiq
فاسقه	fāsiqa
فاسقون	fāsqūn
فاش	fāsh
فاشان	fāshān
فاشرا	fāshrā
فاشرستین	fāshiristīn
فاشرسین	fāsharsīn
فاشی	fāshī
فاصل	fāṣil
فاضل	fāẓil
فاضلات	fāẓilāt
فاضلة	fāẓilat
فاضلتر	fāẓiltar
فاط	fāt̤
فاطم	fāt̤ir
فاطمة	fāt̤im
فاطمیة	fāt̤imīyat
فاطن	fāt̤in
فاعل	fā‘il
فاعله	fā‘ila
فاعلی	fā‘ilī
فاعلیه	fā‘ilīya
فاعیه	fā‘iya
فاغر	fāg̱ẖir
فاغره	fāg̱ẖara
فاغوس	fāg̱ẖūs
فاغیه	fāg̱ẖiya
فافا	fāfā
فافلیتر	fāflītar
فافیر	fāfīr
فاق	fāq
فاقد	fāqid
فاقرة	fāqirat
فاقع	fāqi‘
فاکه	fākih
فالج	fālij
فالرغس	fālirg̱ẖus
فالزن	fāl-zan
فالق	fāliq
فالکباز	fālak-bāz
فالود	fālūd
فالودج	fālūdaj
فالوذ	fālūẕ
فالی	fālī
فالیز	fālez
فالینوس	fālīnūs
فام	fām
فاٴم	fa’m
فامترش	fām-tursh
فامر	fāmir
فامشام	fāmshām
فاناک	fānāk
فاناکی	fānākī
فانوس	fānūs
فانه	fāna
فانی	fānī
فانیذ	fānīẕ
فاٴو	fa’w
فاوا	fāwā
فاوانیا	fāwāniyā
فاهم	fāham
فاهم	fāhim
فائح	fā’iḥ
فائحة	fā’iḥat
فاید	fāyad
فائز	fā’iz
فائزه	fā’iza
فائض	fā’iẓ
فائق	fā’iq
فائل	fā’il
فبال	fabāl
فبها	fabihā
فت	fatt
فتاٴ	fat’
فتات	futāt
فتاح	fattāḥ
فتادن	futādan
فتادگی	futādagī
فتاده	futāda
فتار	fitār
فتاریدن	fitārīdan
فتاک	fatāk
فتاک	fattāk
فتال	fatāl
فتان	futān
فتان	fitān
فتانیدن	futānīdan
فتاویٰ	fatāwá
فتائل	fatā’il
فتح	fatḥ
فتخ	fatḵẖ
فتر	fatr
فتراک	fitrāk
فترایش	fatrāyish
فترة	fatrat
فترد	fatard
فتردن	fatardan
فترید	fatrīd
فتش	fatsh
فتغ	fatg̱ẖ
فتق	fatq
فتقاء	fatqā’
فتک	fatk
فتل	fatl
فتلیدن	fitlīdan
فتن	fatn
فتن	fatan
فتو	fatav
فتوا	fatwā
فتوة	futūwat
فتوح	fatūḥ
فتوحات	futūḥāt
فتوحی	fatūḥī
فتودن	futūdan
فتوده	futūda
فتور	futūr
فتورة	futūrat
فتوری	fatūrī
فتوک	futūk
فثون	fitūn
فتیٰ	fatá
فتیان	fityān
فتیة	fityat
فتیت	fatīt
فتیر	fatīr
فتیق	fatīq
فتیل	fatīl
فتین	fatīn
فث	fas̤s̤
بثاٴ	fas̤’
فثج	fas̤j
فثغ	fas̤g̱ẖ
فج	fajj
فجا	fajā
فجاءة	fujā’at
فجاج	fijāj
فجاجة	fajājat
فجار	fajār
فجج	fajaj
فجح	fujḥ
فجر	fajr
فجس	fajs
فجش	fajsh
فجع	faj‘
فجفج	fujfuj
فجو	fajw
فجواء	fajwā’
فجوة	fajwat
فجوح	fajūḥ
فجور	fajūr
فجیعة	fajī‘at
فچفچه	fuchfucha
فحاش	faḥḥāsh
فحاشة	faḥāshat
فحاشی	faḥḥāshī
فحال	fiḥāl
فحال	fuḥḥāl
فحث	faḥs̤
فحز	faḥz
فحس	faḥs
فحش	fuḥsh
فحشاء	faḥshā’
فحشیات	faḥshiyāt
فحص	faḥṣ
فحض	faḥẓ
فحفاح	faḥfāḥ
فحل	faḥl
فحلی	faḥlī
فحم	faḥm
فحواء	faḥwā’
فحول	fuḥūl
فحوم	fuḥūm
فحویٰ	faḥwá
فحیح	faḥīḥ
فحیم	faḥīm
فخ	fuḵẖ
فخ	faḵẖḵẖ
فخاخ	fiḵẖāḵẖ
فخار	faḵẖār
فخارة	faḵẖārat
فخاری	faḵẖḵẖārī
فخامة	faḵẖāmat
فخت	faḵẖt
فخذ	faḵẖẕ
فخر	faḵẖr
فخرز	faḵẖriz
فخره	fuḵẖra
فخری	faḵẖrī
فخریه	faḵẖrīya
فخز	faḵẖz
فخش	faḵẖsh
فخفره	faḵẖfara
فخفور	faḵẖfūr.
فخلمه	faḵẖlama
فخم	faḵẖam
فخمده	faḵẖamda
فخمنده	faḵẖminda
فخمیدن	faḵẖmīdan
فخوخ	fuḵẖūḵẖ
فخور	faḵẖūr
فخیر	faḵẖīr
فخیز	faḵẖīz
فخیم	faḵẖīm
فدا	fadā
فداء	fadā’
فداد	faddād
فدامة	fadāmat
فداوی	fidāwī
فداویة	fidāwīyat
فدائی	fidā’ī
فدح	fadḥ
فدخ	fadḵẖ
فدر	fadr
فدرنجک	fadranjak
فدرنگ	fadrang
فدرونک	fadrūnak
فدره	fadra
فدس	fuds
فدش	fadsh
فدع	fada‘
فدغ	fadg̱ẖ
فدفد	fadfad
فدک	fadak
فدم	fadm
فدن	fadan
فدود	fadwad
فدور	fadūr
فدومة	fudūmat
فدوند	fadwand
فدویانه	fidwiyāna
فدویة	fidawīyat
فدید	fadīd
فدیک	fudaik
فدیکات	fudaikāt
فدین	fudain
فذ	faẕẕ
فذلک	faẕālik
فر	farr
فرا	farā
فرا	fara’
فراب	farāb
فرابرز	farāburz
فرات	furāt
فراتان	furātān
فراتر	farātar
فراته	furāta
فراتین	farātīn
فراح	farāḥ
فراحناک	farāḥnāk
فراخ	farāḵẖ
فراخ	firāḵẖ
فراخا	farāḵẖā
فراختن	farāḵẖtan
فراخنا	farāḵẖnā
فراخناک	farāḵẖnāk
فراخور	farāḵẖẉur
فراخه	farāḵẖa
فراخی	farāḵẖī
فراخیدن	farāḵẖīdan
فراخیز	farāḵẖez
فراد	firād
فرادر	farādar
فرادون	farādūn
فراده	furāda
فرادیٰ	furādá
فرادیس	farādīs
فرار	farrār
فرارة	farārat
فرارش	farārish
فرارو	farārū
فرارون	farārūn
فراری	farārī
فراریج	farārīj
فراز	farāz
فرازد	farāzid
فرازمان	farāzmān
فرازنده	farāzanda
فرازنه	farāzina
فرازه	farāza
فرازی	farāzī
فرازید	farāzīd
فرازین	farāzīn
فراس	farās
فراسب	firāsab
فراسة	farāsat
فراستو	farāstū
فراسته	farāsta
فراسخ	farāsiḵẖ
فراسیاب	farās-yāb
فراسیسی	farāsīsī
فراسین	farāsīn
فراش	farāsh
فراشا	farāshā
فراشة	farāshat
فراشترو	farāshtarū
فراشتک	farāshtuk
فراشتن	farāshtān
فراشخانه	farāsh-ḵẖāna
فراشی	farrāshī
فراشیدن	farāshīdan
فراشیون	farāshīwan
فراص	firāṣ
فراض	firāẓ
فراط	firāt̤
فراغ	farāg̱ẖ
فراغة	farāg̱ẖat
فراغوی	farāg̱ẖūy
فراغه	furāg̱ẖa
فرافر	farāfar
فراقی	firāqī
فراقیة	firāqīyat
فراک	furāk
فراکن	farā-kan
فراگرفتن	farā-giriftan
فرامرز	farāmarz
فرامش	farāmush
فرامشت	farāmusht
فرامشکار	farāmush-kār
فرامشی	farāmushī
فراموش	farāmosh
فراموشانیدن	farāmoshānīdan
فراموشگار	farāmoshgār
فراموشی	farāmoshī
فراموشیدن	farāmoshīdan
فرامین	farāmīn
فران	farān
فرانج	farānaj
فرانچه	frāncha
فراند	farānid
فرانزانسفست	firānzānsfast
فرانسه	farānisa
فرانق	furāniq
فرانک	farānak
فراوار	farāwār
فراوانی	farāwānī
فراور	farāwar
فراوند	farāwand
فراویز	farāwez
فراه	farāh
فراهان	farāhān
فراهة	farāhat
فراهختن	farāhiḵẖtan
فراهم	farāham
فراهیختن	farāheḵẖtan
فرائد	farā’id
فرائس	farā’is
فرایسته	farāyista
فرائص	farā’iṣ
فرائض	farā’iẓ
فرائضی	farā’iẓī
فرایوش	farāyūsh
فرب	farb
فرباره	farbāra
فربال	farbāl
فربانیون	farbāniyūn
فربود	farbūd
فربه	farbih
فربهی	farbihī
فربی	farbī
فربیدن	firbīdan
فربیون	furbiyūn
فرپرک	farparak
فرة	farrat
فرت	fart
فرتاب	fartāb
فرتاش	fartāsh
فرتست	fartast
فرتوت	fartūt
فرتوته	fartūta
فرتوتی	fartūtī
فرتود	fartod
فرتوک	fartūk
فرث	fars̤
فرج	farj
فرجا	farjā
فرجاد	farjād
فرجام	farjām
فرجامگاه	farjām-gāh
فرجد	farjad
فرجمند	farjmand
فرجود	farjūd
فرجول	firjaul
فرجی	farjī
فرح	faraḥ
فرحاً	faraḥ-an
فرحان	farhān
فرحناک	faraḥnāk
فرخ	farḵẖ
فرخ	farruḵẖ
فرخا	farḵẖā
فرخاد	farḵẖād
فرخار	farḵẖār
فرخاش	farḵẖāsh
فرخاک	farḵẖāk
فرخاگ	farḵẖāg
فرخال	farḵẖāl
فرخان	firḵẖān
فرخانیدن	farḵẖānīdan
فرختار	firuḵẖtār
فرختن	firuḵẖtan
فرخج	faraḵẖj
فرخجسته	farḵẖujasta
فرخجه	farḵẖaja
فرخجی	faraḵẖjī
فرحچ	faraḵẖch
فرخسته	farḵẖasta
فرخسیدن	farḵẖasīdan
فرخش	faraḵẖsh
فرخشته	farḵẖashta
فرخشور	faraḵẖshūr
فرخشه	farḵẖasha
فرخشیدن	farḵẖashīdan
فرخمیدن	farḵẖamīdan
فرخنج	farḵẖanj
فرخندگی	farḵẖundagī
فرخنده	farḵẖunda
فرخو	farḵẖav
فرخواگ	farḵẖwāg
فرخوی	farḵẖūy
فرخویدن	farḵẖawīdan
فرخی	farruḵẖī
فرد	fard
فرداً	fard-an
فردا	fardā
فرداب	fardāb
فرداوم	fardāwum
فردجان	fardajān
فردر	fardar
فردم	fardam
فردوس	firdaus
فردوسی	firdausī
فرده	farda
فردی	fardī
فردیات	fardiyāt
فردین	fardīn
فرز	farz
فرزاده	farzāda
فرزام	farzām
فرزان	farzān
فرزان	firzān
فرزانگان	farzānagān
فرزانگی	farzānagī
فرزانه	farzāna
فرزبود	farz-būd
فرزة	firzat
فرزجه	farzaja
فرزد	furuzd
فرزدق	farazdaq
فرزم	furzum
فرزند	farzand
فرزنشاد	farzanshād
فرزندک	farzandak
فرزندی	farzandī
فرزو	farzū
فرزه	farza
فرزی	farzī
فرزین	farzīn
فرس	fars
فرسا	farsā
فرساد	farsād
فرسان	farsān
فرسان	fursān
فرسانیدن	farsānīdan
فرساینده	farsāyinda
فرسب	farsab
فرسة	farsat
فرست	farast
فرستادن	firistādan
فرستاده	firistāda
فرستگان	firistagān
فرستگانی	firistagānī
فرستوه	furistūh
فرسته	firista
فرسخ	farsaḵẖ
فرسد	farsad
فرسدن	farsudan
فرسده	farsuda
فرسطاریون	firist̤āriyūn
فرسطون	farast̤ūn
فرسک	farsak
فرسلوس	farslūs
فرسلون	farsulūn
فرسناف	firisnāf
فرسنداج	farsandāj
فرسنگ	farsang
فرسنگسار	farsangsār
فرسود	farsūd
فرسودگی	farsūdagī
فرسودن	farsūdan
فرسوده	farsūda
فرسی	fursī
فرسیب	farsīb
فرسیدن	farsīdan
فرش	farsh
فرش	fursh
فرشاد	farshād
فرشتگ	firishtag
فرشتگان	firishtagān
فرشتگانی	firishtagānī
فرشتو	farashtū
فرشته	firishta
فرشک	farishk
فرشی	farshī
فرشید	farshed
فرشیم	farshīm
فرص	farṣ
فرصاد	firṣād
فرصة	farṣat
فرصد	firṣid
فرض	farẓ
فرضاً	farẕ-an
فرضة	furẓat
فرضی	faraẓī
فرضیة	farẓīyat
فرط	fart̤
فرطاس	firt̤ās
فرطس	fart̤as
فرطوس	fart̤ūs
فرطوم	furt̤ūm
فرع	far‘
فرعان	far‘ān
فرعل	fur‘ul
فرعون	fir‘aun
فرعونی	fir‘aunī
فرعی	far‘ī
فرغ	farg̱ẖ
فرغار	farg̱ẖār
فرغاریدن	farg̱ẖārīdan
فرغان	farg̱ẖān
فرغانج	farg̱ẖānj
فرغانه	farg̱ẖāna
فرغانیان	farg̱ẖāniyān
فرغج	farg̱ẖaj
فرغر	farg̱ẖar
فرغردن	farg̱ẖardan
فرغرده	farg̱ẖarda
فرغل	farg̱ẖul
فرعن	farg̱ẖan
فرغند	farg̱ẖand
فرغو	farg̱ẖū
فرغور	farg̱ẖūr
فرغوک	farg̱ẖok
فرغول	farg̱ẖol
فرغوی	firg̱ẖūy
فرغیش	farg̱ẖīsh
فرفار	farfār
فرفت	farfat
فرفتن	firiftan
فرفخ	farfaḵẖ
فرفر	farfar
فرفر	furfur
فرفروزان	farfurūzān
فرفروک	farfarūk
فرفره	farfara
فرفریوس	farfuriyūs
فرفور	farfūr
فرفور	furfūr
فرفوریوس	farfūriyūs
فرفوز	farfūz
فرفوس	farfūs
فرفه	farfa
فرفیر	farfīr
فرفیر	firfīr
فرق	farq
فرقان	furqān
فرقانی	furqānī
فرقب	furqub
فرقبیة	furqubīyat
فرقد	farqad
فرقدان	farqadān
فرقندان	farqandān
فرقور	farqūr
فرک	fark
فرکامخ	farkāmaḵẖ
فرکن	farkan
فرکند	farkand
فرکندن	farkandan
فرکنده	farkanda
فرکندیدن	farkandīdan
فرگان	fargān
فرگاه	fargāh
فرگفت	farguft
فرگل	fargul
فرلاس	farlās
فرم	faram
فرما	farmā
فرمان	farmān
فرمانبرداری	farmān-bardārī
فرمانج	farmānaj
فرماندهی	farmān-dihī
فرمای	farmāy
فرمایش	farmāyish
فرمایشی	farmāyishī
فرماینده	farmāyinda
فرمایون	farmāyūn
فرمد	farmad
فرمرست	farmarust
فرمس	farmus
فرمش	faramush
فرمگن	faram-gin
فرمگینی	faramgīnī
فرمناک	faramnāk
فرمند	farmand
فرمودن	farmūdan
فرمودگی	farmūdagī
فرموده	farmūda
فرموش	farmosh
فرموک	farmūk
فرموهد	farmūhad
فرمه	farma
فرن	furn
فرناخیدن	farnāḵẖīdan
فرناد	farnād
فرناس	farnās
فرناس	firnās
فرناک	farnāk
فرنان	farnān
فرنب	firnib
فرنج	faranj
فرنجمشک	faranjmushk
فرنجیه	faranjīya
فرند	firind
فرنگیس	farangīs
فرنود	farnūd
فرنودسار	farnūdsār
فرنه	farna
فرنی	furnī
فرو	farw
فرو	farū
فروار	farwār
فرواره	farwāra
فرواز	farwāz
فروال	farwāl
فروان	farwān
فروانچه	farwāncha
فروة	farwat
فروتر	firotar
فروترین	firotarīn
فروتنده	furotanda
فروج	farūj
فروختار	firūḵẖtār
فروختگی	firūḵẖtagī
فروختنی	firūḵẖtanī
فروخته	firūḵẖta
فرود	farwad
فروده	farwada
فرودین	farwadīn
فرور	farwar
فرور	farūr
فروردجان	farwardjān
فروردگان	farwardgān
فروردن	farwardan
فروردین	farwardīn
فروره	farwara
فروز	furoz
فروزان	furozān
فروزد	furozad
فروزش	furozish
فروزشگر	firozish-gar
فروزگان	furozgān
فروزندگی	furozandagī
فروزنده	furozanda
فروزه	furoza
فروزها	furoz-hā
فروزیده	furozīda
فروزیدن	furozīdan
فروزینه	furozīna
فروسة	furūsat
فروش	firosh
فروش	furūsh
فروشا	faroshā
فروشاندن	firoshāndan
فروشتن	faroshtan
فروشدن	firo-shudan
فروشک	faroshak
فروشنده	firoshanda
فروشه	farosha
فروشی	firoshī
فروشیدن	firoshīdan
فروض	furūẓ
فروط	furūt̤
فروع	furū‘
فروعات	furū‘āt
فروعی	furū‘ī
فروغ	farūg̱ẖ
فروغ	furog̱ẖ
فروغانی	furog̱ẖānī
فروغته	firog̱ẖta
فروغمند	furog̱ẖmand
فروغمندی	furog̱ẖmandī
فروق	farūq
فروک	farūk
فروکاس	farokās
فرومد	farūmad
فرونجک	furūnjak
فروند	farwand
فروهر	furūhar
فروهشته	firohishta
فروهل	furohil
فروهنده	furohinda
فروهیدن	farohīdan
فروهیده	farohīda
فرویده	farwīda
فرویز	farwez
فرویش	farwesh
فره	fira
فرهاد	farhād
فرهانج	farhānj
فرهانه	firihāna
فرهت	farhat
فرهخت	farhaḵẖt
فرهخته	farhaḵẖta
فرهست	farhast
فرهنج	farhanj
فرهنجه	farhanja
فرهنجیدن	farhanjīdan
فرهنجیده	farhanjīda
فرهنگ	farhang
فرهنگدار	farhang-dār
فرهنگسار	farhangsār
فرهنگی	farhangī
فرهنگیان	farhangiyān
فرهود	furhūd
فرهودی	furhūdī
فرهومند	farhomand
فرهیختن	farheḵẖtan
فری	farī
فری	fary
فریادناک	firyādnāk
فریادی	firyādī
فریان	faryān
فریبا	firībā
فریبگاه	firīb-gāh
فریبندگی	firībandagī
فریبنده	firībanda
فریبی	firībe
فریبیدن	firībīdan
فریة	firyat
فریج	farīj
فریجاب	farījāb
فرید	farīd
فریده	farīda
فریدی	farīdī
فریدیس	farīdīs
فریر	farīr
فریرون	farīrūn
فریژ	firīzh
فریس	farīs
فریسة	farīsat
فریسموس	farīsmūs
فریش	faresh
فریش	farīsh
فریشته	firīshta
فریص	farīs
فریصة	farīṣat
فریض	farīẓ
فریضة	farīẓat
فریغ	farīg̱ẖ
فریفته	firīfta
فریق	farīq
فریقه	farīqa
فریقین	farīqain
فریک	farīk
فرین	farīn
فرین	furain
فریوردن	farewardan
فریوری	farewarī
فریوریدن	farewarīdan
فریوک	furīwak
فریوند	farīwand
فز	faz
فز	fazz
فزار	fazār
فزاز	fizāz
فزاک	fazāk
فزان	fazzān
فزای	fizāy
فزایسته	fizāyista
فزایش	fizāyish
فزاینده	fizāyanda
فزر	fazr
فزود	fuzūd
فزوره	fazwara
فزونا	fuzūnā
فزونی	fuzūnī
فزه	faza
فزیدون	fuzīdūn
فزیز	fazīz
فژ	fazh
فژاک	fazhāk
فژدره	fazhdara
فژر	fazhar
فژغرده	fazhg̱ẖarda
فژغند	fazhg̱ẖand
فژغنده	fazhg̱ẖanda
فژم	fazhm
فژولیدن	fizhūlīdan
فژه	fazha
فژیژ	fazhīzh
فژیغون	fazheg̱ẖūn
فسا	fasā
فساء	fusā’
فساد	fasād
فسادات	fasādāt
فسادی	fasādī
فسار	fasār
فسافس	fisāfis
فسام	fisām
فسان	fasān
فسانه	fasāna
فسانیدن	fasānīdan
فسانیده	fasānīda
فسای	fasāy
فسائل	fasā’il
فساینده	fasāyanda
فساییدن	fasāyīdan
فستان	fistān
فسح	fasḥ
فسحة	fusḥat
فسخ	fasḵẖ
فسر	fasar
فسر	fasr
فسرانیدن	fusurānīdan
فسرد	fusurd
فسردگی	fasurdagī
فسره	fisara
فسطاط	fust̤āt̤
فسطفی	fastafī
فسطیار	fast̤yār
فسفاس	fasfās
فسفس	fisfis
فسفسه	fasfasa
فسق	fisq
فسقه	fasaqa
فسکل	fiskil
فسل	fasl
فسله	fasla
فسلیون	fasliyūn
فسن	fasan
فسو	fasw
فسوجن	fusūjan
فسود	fasūd
فسود	fusūd
فسوس	fasūs
فسوس	fisos
فسوسکاری	fisos-kārī
فسوسیدن	fisosīdan
فسوق	fusūq
فسون	fusūn
فسونا	fusūnā
فسونگری	fusūngarī
فسیبانیدن	fasībānīdan
فسیح	fasīḥ
فسیخ	fasīḵẖ
فسید	fasīd
فسیس	fasīs
فسیط	fasīt̤
فسیل	fusīl
فسیل	fasīl
فسیله	fasīla
فش	fash
فش	fashsh
فشاء	fashā’
فشاح	fashāḥ
فشاردن	fishārdan
فشارش	fishārish
فشاع	fishā‘
فشاغ	fishāg̱ẖ
فشافاش	fashāfāsh
فشان	fashān
فشاندن	fishāndan
فشانده	fishānda
فشانی	fishānī
فشج	fashj
فشح	fashḥ
فشخ	fashḵẖ
فشردن	fashurdan
فشست	fishshist
فشغ	fashg̱ẖ
فشق	fashq
فشک	fishak
فشل	fashl
فشن	fushn
فشنگ	fishang
فشوش	fashūsh
فشول	fushūl
فص	faṣṣ
فصا	faṣā
فصاحة	faṣāḥat
فصاد	fiṣād
فصادة	fiṣādat
فصادی	faṣṣādī
فصاص	faṣṣāṣ
فصال	fiṣāl
فصح	faṣḥ
فصحاء	fuṣaḥā’
فصخ	faṣḵẖ
فصد	faṣd
فصع	faṣ‘
فصل	faṣl
فصلانه	faṣlāna
فصلی	faṣlī
فصم	faṣm
فصوص	fuṣūṣ
فصول	fuṣūl
فصیح	faṣīḥ
فصیحی	faṣīḥī
فصید	faṣīd
فصیص	faṣīṣ
فصیل	faṣīl
فصیلة	faṣīlat
فض	faẓẓ
فضاء	faẓā’
فضاح	fiẓāḥ
فضاض	fiẓāẓ
فضاضة	fiẓāẓat
فضال	fiẓāl
فضائح	faẓā’iḥ
فضائل	faẓā’il
فضح	faẓḥ
فضخ	faẓḵẖ
فضض	faẓaẓ
فضفاض	faẓfāẓ
فضل	faẓl
فضلاً	faẓl-an
فضلاء	fuẓalā’
فضلات	faẓalāt
فضلی	faẓlī
فضوح	fuẓūḥ
فضوخ	faẓūḵẖ
فضول	faẓūl
فضولیدن	fuẓūlīdan
فضه	fiẓẓa
فضی	fiẓẓī
فضیح	faẓīḥ
فضیحه	faẓīḥat
فضیحتی	faẓīḥatī
فضیخ	faẓīḵẖ
فضیض	faẓīẓ
فضیل	faẓīl
فضیلة	faẓīlat
فطار	futār
فطام	fit̤ām
فطانة	fat̤ānat
فطح	fat̤ḥ
فطر	fat̤r
فطرا	fat̤rā
فطراسالیون	fut̤rāsāliyūn
فطریت	fit̤rīyat
فطس	fat̤s
فطم	fat̤m
فطنة	fit̤nat
فطو	fat̤w
فطوح	fat̤ūh
فطور	fat̤ūr
فطوس	fut̤ūs
فطونة	fat̤ūnat
فطیر	fat̤īr
فطیری	fat̤īrī
فطیس	fit̤t̤īs
فطیم	fat̤īm
فطین	fat̤īn
فظ	faz̤z̤
فظاظة	faz̤āz̤at
فظاعة	faz̤ā‘at
فظظ	faz̤az̤
فظع	faz̤a‘
فظیظ	faz̤īz̤
فظیع	faz̤ī‘
فعال	fa‘āl
فعل	fa‘l
فعلاً	fi‘l-an
فعله	fa‘la
فعلی	fi‘lī
فعم	fa‘m
فغاک	fug̱ẖāk
فغاکن	fig̱ẖākan
فغر	fag̱ẖr
فغرة	fug̱ẖrat
فغستان	fug̱ẖistān
فغفور	fag̱ẖfūr
فغفوری	fag̱ẖfūrī
فغم	fag̱ẖm
فغو	fag̱ẖw
فغواره	fug̱ẖwāra
فغیاز	fag̱ẖyāz
فغیازی	fag̱ẖyāzī
فقاح	fiqāḥ
فقاحی	fuqāḥī
فقار	faqār
فقارة	faqārat
فقاری	faqārī
فقاعة	faqqā‘at
فقاعی	fuqqā‘ī
فقاقیع	faqāqī‘
فقاهة	faqāhat
فقح	faqḥ
فقد	faqd
فقر	faqr
فقراء	fuqarā’
فقش	faqsh
فقص	faqṣ
فقط	faqat̤
فقع	faq‘
فقع	faqa‘
فقعس	faq‘as
فقعگان	fuqa‘gān
فقم	faqm
فقو	faqw
فقوس	fuqūs
فقوص	faqqūṣ
فقه	faqh
فقهاء	fuqahā’
فقیر	faqīr
فقیران	faqīrān
فقیرانه	faqīrāna
فقیره	faqīra
فقیری	faqīrī
فقیص	faqīṣ
فقیم	fuqaim
فقیه	faqīh
فک	fuk
فک	fakk
فکاهة	fakāhat
فکة	fakkat
فکرة	fikrat
فکرمند	fikrmand
فکرمندی	fikrmandī
فکری	fikrī
فکع	fak‘
فکک	fakak
فکن	fikan
فکنة	fuknat
فکندن	fikandan
فکندنی	fikandanī
فکوع	fuqū‘
فکوک	fukūk
فکه	fukah
فکیر	fikkīr
فکیف	fakaif
فگار	figār
فگاری	figārī
فگامه	fagāma
فگندن	figandan
فل	ful
فل	fall
فلاة	falāt
فلات	falāt
فلاح	falāḥ
فلاحة	falāḥat
فلاحون	fallāḥūn
فلاخان	falāḵẖān
فلاد	falād
فلاسفه	falāsifa
فلاسنگ	falāsang
فلاط	filāt̤
فلاطن	falāt̤un
فلاطوس	falāt̤ūs
فلاطوسی	falāt̤ūsī
فلاطونی	falāt̤ūnī
فلاق	filāq
فلاقه	fulāqat
فلاکة	falākat
فلاکتی	falākatī
فلان	fulān
فلانستان	fulānistān
فلانه	falāna
فلانی	fulānī
فلاوه	falāwa
فلت	falat
فلتات	falatāt
فلتة	faltat
فلج	falj
فلح	falḥ
فلحاس	filḥās
فلحس	falḥas
فلخ	falḵẖ
فلخم	falaḵẖm
فلخمان	falaḵẖmān
فلخمه	falḵẖama
فلخن	falḵẖan
فلخود	falḵẖūd
فلخودن	falḵẖūdan
فلخوده	falḵẖūda
فلخید	falḵẖīd
فلخیده	falḵẖīda
فلذ	falẕ
فلذة	filẕat
فلذلک	fa-liẕālika
فلرز	falarz
فلزات	filizzāt
فلزی	filizzī
فلس	fals
فلسطین	falast̤īn
فلسفة	falsafat
فلسفی	falsafī
فلشک	filishk
فلط	falt̤
فلع	fal‘
فلغود	falg̱ẖūd
فلق	falq
فلقراط	falaqrāt̤
فلک	filk
فلک	fulk
فلکی	falakī
فلماخن	falmāḵẖun
فلنجمشک	falanjmishk
فلنجه	falanja
فلنجیدن	falanjīdan
فلو	falw
فلوات	falawāt
فلوج	fulūj
فلورانس	florāns
فلوره	fulūra
فلوری	filūrī
فلوس	fulūs
فلوع	falū‘
فلهذا	falihāẕā
فلیته	falīta
فلیدن	falīdan
فلیفس	filīfus
فلیفله	fulaifala
فلیق	falīq
فلیل	fulel
فلیل	falīl
فلیو	falīv
فم	fam
فن	fann
فنا	fanā
فناد	finād
فنار	fanār
فناروز	fanārūz
فنانیدن	fanānīdan
فناور	fanāwar
فنتق	funtuq
فنج	fanj
فنج	funuj
فنجا	fanjā
فنجام	finjām
فنجان	finjān
فنجر	fanjar
فنجنگشت	fanjangusht
فنجه	funja
فنجنوش	fanjnosh
فنجنیدخ	fanjīdaḵẖ
فنجیدن	fanjīdan
فنح	fanḥ
فنخ	fanḵẖ
فند	fand
فند	find
فنداق	fundāq
فندرسگ	fandarsag
فندق	funduq
فندل	fandal
فندی	fandī
فندیره	findīra
فنزج	fanzaj
فنطاس	fint̤ās
فنطافلون	fantāfilūn
فنطیش	fint̤īs
فنع	fana‘
فنق	funuq
فنک	fank
فنک	fanak
فنگ	fang
فنن	fanan
فنو	fanav
فنودن	funūdan
فنوده	funūda
فنور	funūr
فنوس	fanūs
فنوک	funūk
فنون	funūn
فنیق	fanīq
فو	fū
فوات	fawāt
فواتح	fawātiḥ
فراجر	fawājir
فواحش	fawāḥish
فواخت	fawāḵẖit
فواخر	fawāḵẖir
فواده	fawāda
فرار	fuwār
فواره	fauwāra
فوارس	fawāris
فوارغ	fawārig̱ẖ
فواصل	fawāṣil
فواضل	fawāẓil
فواق	fawāq
فواکه	fawākih
فوال	fauwāl
فوائت	fawā’it
فوائح	fawā’iḥ
فوائد	fawā’id
فوب	fūb
فوة	fūwat
فوت	fūt
فوت	faut
فوتنج	fūtanaj
فوته	fūta
فوتی	fautī
فوتیدگی	fautīdagī
فوتیدن	fautīdan
فوتیده	fautīda
فوج	fauj
فوجدار	fauj-dār
فوجداری	fauj-dārī
فوجی	faujī
فوح	fauḥ
فوخ	fauḵẖ
فود	faud
فودنج	faudanaj
فوده	fūda
فور	faur
فور	fūr
فوراً	faur-an
فوران	fūrān
فوران	fawarān
فورانیان	fūrāniyān
فورة	faurat
فوردجان	fūrdajān
فوردین	fūrdīn
فورغون	fūrg̱ẖon
فورک	fūrak
فوریان	fūriyān
فوز	fauz
فوریون	foriyūn
فوز	fūz
فوزافوز	fūzāfūz
فوزی	fauzī
فوژان	fūzhān
فوشنج	fūshanj
فوشنه	fūshina
فوضیٰ	fauẓá
فوط	fuwat̤
فوطة	fūt̤at
فوظ	fauz̤
فوغ	faug̱ẖ
فوف	fauf
فوق	fauq
فوقان	fauqān
فوقانی	fauqānī
فوقی	fauqī
فوقیة	fauqīyat
فوک	fūk
فوگان	fūgān
فوگژیا	fogzhiyā
فول	fūl
فؤل	fu’ul
فولاد	fūlād
فولادی	fūlādī
فولاذ	fūlāẕ
فولس	fūlus
فولیون	fūliyūn
فوم	fūm
فووج	fuwūj
فووس	fu’ūs
فویطه	fuwait̤a
فوه	fauh
فوه	fawa
فوهل	fūhil
فویق	fuwaiq
فه	fah
فه	fahh
فهار	fahār
فهام	fahhām
فهامه	fahāma
فهانه	fahāna
فهة	fahhat
فهد	fahd
فهرج	fahraj
فهرس	fihris
فهرسة	fahrasat
فهل	fahal
فهمانیدن	fahmānīdan
فهمایش	fahmāyish
فهمی	fahmī
فهمید	fahmīd
فهمیدگی	fahmīdagī
فهمیدن	fahmīdan
فهمیده	fahmīda
فهو	fahw
فهود	fuhūd
فهوله	fahūla
فهه	fiha
فهیر	fahīr
فهیق	fahīq
فهیم	fahīm
فی	fai’
فیاح	fayāḥ
فیاد	faiyād
فیار	fayār
فیاشل	fayāshil
فیاض	faiyāẓ
فیاضی	faiyāẓī
فیاوار	fayāwār
فئة	fi’at
فئتین	fi’atain
فیج	faij
فیجه	faija
فیح	faiḥ
فیحن	faiḥan
فیخ	faiḵẖ
فید	faid
فیدار	faidār
فیداقه	faidāqa
فیدوم	faidūm
فیر	fīr
فیرندگی	ferandagī
فیرنده	feranda
فیروزاباد	fīrozābād
فیروزان	fīrozān
فیروزج	fīrūzaj
فیروزگرد	fīroz-gird
فیروزمند	fīrozmand
فیروزمندی	fīrozmandī
فیروزنین	fīrozanīn
فیروزه	fīroza
فیروزی	fīrozī
فیرون	fīrūn
فیریاب	fīryāb
فیریدگی	ferīdagī
فیریدن	ferīdan
فیزوم	fīzūm
فیسا	fīsā
فیش	faish
فیشل	faishal
فیشلة	faishalat
فیص	faiṣ
فیصل	faiṣal
فیصلخات	faiṣalajāt
فیصله	faiṣala
فیصلی	faiṣalī
فیصور	faiṣūr
فیض	faiẓ
فیضان	fayaẓān
فیظل	faiz̤al
فیک	faik
فیگارو	fīgāro
فیل	fail
فیل	fīl
فیلا	fīlā
فیلاسوف	fīlāsūf
فیلاق	failāq
فیلاقوس	failāqūs
فیلبان	fīlbān
فیلپا	fīl-pā
فیلپایه	fīl-pāya
فیلة	failat
فیلجة	failaja
فیلخانه	fīl-ḵẖāna
فیلدندان	fīl-dandān
فیلسته	fīlasta
فیلسوف	failasūf
فیلسوفگی	failasūfagī
فیلسوفی	failasūfī
فیلق	failaq
فیلقوس	failaqūs
فیلک	failak
فیلگوش	fīl-gosh
فیلم	failam
فیلمرغ	fīl-murg̱ẖ
فیلنشین	fīl-nishīn
فیلولة	failūlat
فیلی	fīlī
فیم	faiyim
فیما	fī-mā
فیمان	fīmān
فیمون	faimūn
فین	fīn
فینک	fīnak
فینلاند	fīnlānd
فیؤ	fuyū’
فیوج	fuyūj
فیول	fuyūl
فیولة	fuyūlat
فیوم	fuyūm
فیهج	faihaj
فییدن	fayīdan
ق	q
قاآن	qā’ān
قاٴب	qa’b
قاب	qāb
قابس	qábis
قابض	qābiẓ
قابضات	qābiẓāt
قابل	qābil
قابله	qābila
قابلی	qābile
قابلیة	qābilīyat
قابو	qābū
قابوچی	qabūchī
قابور	qābūr
قابوس	qābūs
قابوک	qābūk
قابون	qābūn
قابیل	qābīl
قاتر	qātir
قاتق	qātiq
قاتل	qātil
قاتم	qātim
قاثم	qās̤im
قاج	qāj
قاحزات	qāḥizāt
قاحط	qāḥit̤
قاحف	qāḥif
قادح	qādiḥ
قادر	qādir
قادری	qādirī
قادس	qādis
قادسی	qādisī
قادسیه	qādisīya
قادم	qādim
قاذف	qāẕif
قاذور	qāẕūr
قاذورات	qāẕūrāt
قار	qār
قاراسیا	qārāsiyā
قارب	qārib
قارپوز	qārpūz
قارچ	qārch
قارح	qāriḥ
قارس	qāris
قارص	qāriṣ
قارصة	qāriṣat
قارض	qāriẓ
قارظ	qāriz̤
قارع	qāri‘
قارعة	qāri‘at
قارغه	qārg̱ẖa
قارن	qāran
قارن	qārin
قارون	qārūn
قاره	qāra
قارئ	qāri’
قاریط	qārīt̤
قاریوان	qārīwān
قارئون	qāri’ūn
قاز	qāz
قازب	qāzib
قازه	qāza
قاس	qās
قاسان	qāsān
قاسب	qāsib
قاسط	qāsit̤
قاسم	qāsim
قاسی	qāsī
قاش	qāsh
قاشان	qāshān
قاشب	qāshib
قاشح	qāshiḥ
قاشر	qāshir
قاشق	qāshiq
قاشور	qāshūr
قاص	qāṣṣ
قاصب	qāṣib
قاصد	qāṣid
قاصدی	qāṣidī
قاصر	qāṣir
قاصعاء	qāṣi‘ā’
قاصف	qāṣif
قاصم	qāṣim
قاصی	qāṣī
قاصیة	qāsīyat
قاضب	qāẓib
قاضوی	qāẓawī
قاضی	qāẓī
قاضیة	qāẓiyat
قاطب	qāt̤ib
قاطبة	qāt̤ibat
قاطر	qāt̤ir
قاطرچی	qāt̤irchī
قاطط	qāt̤it̤
قاطع	qāt̤i‘
قاطن	qāt̤in
قاطول	qāt̤ūl
قاطون	qāt̤ūn
قاع	qā‘
قاعة	qā‘at
قاعد	qā‘id
قاعف	qā‘if
قاف	qāf
قافز	qāfiz
قافور	qāfūr
قافی	qāfī
قاق	qāq
قاٴقاء	qa’qā’
قاقلی	qāqulī
قاقم	qāqum
قاقوس	qāqūs
قاقیا	qāqiyā
قال	qāl
قالبد	qālbud
قالبی	qālibī
قالس	qālis
قالش	qālish
قالع	qāli‘
قالنجه	qālinja
قالوس	qālūs
قالوق	qālūq
قالون	qālūn
قالی	qālī
قالیچه	qālīcha
قالین	qālīn
قالینوس	qālīnūs
قالیون	qālyūn
قام	qām
قامان	qāmān
قامة	qāmat
قامچی	qāmchī
قامح	qāmiḥ
قامر	qāmir
قامع	qāmi‘
قاموس	qāmūs
قامه	qāma
قامه	qāmih
قان	qān
قانت	qānit
قانص	qāniṣ
قانصة	qāniṣat
قانط	qānit̤
قانع	qāni‘
قانم	qānim
قانون	qānūn
قانوناً	qānūn-an
قانونچه	qānūncha
قانونی	qānūnī
قاورد	qāward
قاوند	qāwand
قاویل	qāwīl
قاه	qāh
قاهر	qāhir
قاهی	qāhī
قای	qāy
قائبة	qā’ibat
قائد	qā’id
قائف	qā’if
قایف	qāyiq
قائل	qā’il
قائلاً	qā’il-an
قائنة	qā’ilat
قائم	qā’im
قائمه	qā’ima
قائمی	qā’imī
قائن	qā’in
قب	qabb
قبا	qabā
قبا	qubā
فباب	qibāb
قباچای	qabāchāy
قباح	qabāḥ
قباحت	qabāḥat
قباحیٰ	qabāḥá
قباد	qubād
قباس	qubās
قباسة	qabāsat
قباض	qabbāẓ
قباضة	qabāẓat
قباطی	qabāt̤ī
قباع	qibā‘
قباعث	qabā‘is̤
قباق	qabāq
قبال	qibāl
قبالة	qabālat
قماه	qabāh
قبائح	qabā’iḥ
قبائر	qabā’ir
قبایع	qabāyi‘
قبائل	qabā’il
قبب	qabab
قبة	qibbat
قبج	qabj
قبجور	qubjūr
قبچاق	qibchāq
قبحیٰ	qabḥá
قبر	qabr
قبراء	qubrā’
قبرة	qubbarat
قبرس	qubrus
قبرستان	qabristān
قبرسی	qubrusī
قبرغه	qaburg̱ẖa
قبز	qibz
قبس	qabs
قبص	qabṣ
قبض	qabẓ
قبضیة	qabẓīyat
قبط	qabt̤
قبطون	qabt̤ūn
قبطی	qibt̤ī
قبع	qab‘
قبعثریٰ	qaba‘s̤ará
قبعرور	qaba‘rūr
قبقاب	qabqāb
قبقب	qabqab
قبق	qabaq
قبل	qabl
قبلاً	qabal-an
قبلة	qablat
قبلتین	qiblatain
قبلزین	qablazīn
قبلی	qiblī
قبو	qabw
قبوب	qubūb
قبوة	qabwat
قبوح	qubūḥ
قبور	qabūr
قبوص	qabūṣ
قبوض	qubūẓ
قبوع	qubū‘
قبول	qabūl
قبولی	qabūlī
قبون	qabūn
قبه	qubba
قبیح	qabīḥ
قبیحة	qabīḥat
قبیده	qubaida
قبیس	qabīs
قبیض	qabīẓ
قبیط	qubbait
قبیعة	qabī‘at
قبیل	qabīl
قبیلاً	qabīl-an
قپو	qapū
قپان	qappān
قپچاق	qipchāq
قپچاقی	qipchāqī
قت	qatt
قتات	qattāt
قتاد	qatād
قتادیٰ	qatādá
قتادیة	qatādīyat
قتار	qutār
قتال	qatāl
قتام	qatām
قتب	qatb
قتبی	qutabī
قتد	qatad
قتدة	qatidat
قتر	qatr
قتر	qatir
قترة	qitrat
قتع	qata‘
قتعة	qata‘at
قتغ	qatig̱ẖ
قتق	qatiq
قتل	qatl
قتلة	qitlat
قتلگاه	qatl-gāh
قتله	qatla
قتلیٰ	qatlá
قتو	qatw
قتوة	qatwat
قتوت	qatūt
قتود	qutūd
قتور	qatūr
قتوع	qutū‘
قتول	qatūl
قتوم	qutūm
قتیب	qatīb
قتیبة	qutaibat
قتیر	qatīr
قتیرة	qutairat
قتیل	qatīl
قتین	qatīn
قثا	qas̤ā
قثام	qas̤ām
قثد	qas̤d
قثع	qus̤‘
قثم	qas̤m
قثمة	qus̤mat
قج	quj
قچاق	quchchāq
قچقار	quchqār
قچل	qachal
قح	quḥḥ
قحاب	qiḥāb
قحاحة	qaḥāḥat
قحاز	quḥāz
قحازة	quḥḥāzat
قحاف	qiḥāf
قحال	quḥāl
قحامة	qaḥāmat
قحب	qaḥb
قحبگان	qahbagān
قحبگی	qaḥbagī
قحبه	qaḥba
قحر	qaḥr
قحز	qaḥz
قحص	qaḥṣ
قحط	qaḥt̤
قحطان	qaḥt̤ān
قحطانی	qaḥt̤ānī
قحطستان	qaḥt̤istān
قحطناک	qaḥt̤nāk
قحطی	qaḥt̤ī
قحف	qaḥf
قحفة	qiḥfat
قحقحة	qaḥqaḥat
قحم	qaḥm
قحمة	qaḥmat
قحوان	quḥwān
قحوحة	quḥūḥat
قحور	quḥūr
قحورة	quḥūrat
قحوز	quḥūz
قحوط	quḥūt̤
قحوف	quḥūf
قحول	quḥūl
قحوم	quḥūm
قحومة	quḥūmat
قحیط	qaḥīt̤
قد	qad
قد	qadd
قداح	qidāḥ
قداحة	qidāḥat
قداد	qadād
قدار	qidār
قدارة	qadārat
قداس	qudās
قدام	qadām
قدامة	qadāmat
قدامیٰ	qudāmá
قدائم	qadā’im
قدة	qiddat
قدح	qadḥ
قدحة	qadḥat
قدحکار	qadaḥ-kār
قدد	qidad
قدر	qadr
قدراء	qadrā
قدران	qidrān
قدرة	qudrat
قدرتی	qudratī
قدرف	qadraf
قدرفی	qadrafī
قدری	qadrī
قدس	quds
قدسی	qudsī
قدسیان	qudsiyān
قدسیه	qudsīya
قدع	qad‘
قدع	qudu‘
قدعة	qid‘at
قدغ	qadg̱ẖ
قدغن	qadag̱ẖan
قدغنجی	qadag̱ẖanjī
قدف	qadf
قدک	qadak
قدم	qadm
قدماً	qidm-an
قدمان	qidmān
قدمبوسی	qadam-bosī
قدمة	qudmat
قدمچه	qadamcha
قدمگاه	qadam-gāh
قدمیا	qadamiyā
قدمیة	qadamīyat
قدو	qadw
قدوح	qadūḥ
قدود	qudūd
قدور	qudūr
قدورة	qudūrat
قدوس	qadūs
قدوسیة	quddūsīyat
قدوع	qadū‘
قدوم	qadūm
قدومه	qudūma
قدومیة	qudūmīyat
قدوه	qidwa
قدویٰ	qadwá
قدی	qady
قدیح	qadīḥ
قدید	qadīd
قدیر	qadīr
قدیس	qadīs
قدیم	qadīm
قدیماً	qadīm-an
قدیمی	qadīmī
قذ	qaẕẕ
قذا	qaẕā
قذاذات	quẕāẕāt
قذاذة	quẕāẕat
قذارة	qaẕārat
قذاف	qiẕāf
قذافة	qaẕẕāfat
قذال	qaẕāl
قذان	qiẕẕān
قذائف	qaẕā‘if
قذة	quẕẕat
قذذ	quẕaẕ
قذر	qaẕr
قذع	qaẕ‘
قذعمل	quẕa‘mal
قذف	qaẕf
قذفة	quẕfat
قذل	qaẕl
قذمور	quẕmūr
قذور	qaẕūr
قذوف	qaẕūf
قذی	qaẕy
قذیان	qaẕayān
قذیف	qaẕīf
قذیفة	qaẕīfat
قر	qarr
قرٴ	qar’
قرا	qirā
قرا	qarā
قراً	qara’
قرءة	qirā’at
قراب	qarāb
قرابات	qarābāt
قرابادین	qarābādīn
قراباغ	qarābāg̱ẖ
قرابة	qarābat
قرابتی	qarābatī
قرابغا	qarābug̱ẖā
قرابیس	qarābīs
قرابین	qarābīn
قراٴة	qir’at
قرات	qurāt
قراتکینی	qarātakīnī
قراثاء	qarās̤ā’
قراچار	qarāchār
قراچور	qarāchūr
قراچوری	qarāchūrī
قراچی	qarāchī
قراح	qarāḥ
قراحیتان	qurāḥīyatān
قراخان	qarāḵẖān
قراختین	qarāḵẖtīn
قراد	qurād
قراد	qarrād
قرار	qarār
قرارگیری	qarār-gīrī
قرارئ	qarāri’
قراریط	qarārīt̤
قراسنقر	qarāsunqur
قراسو	qarāsū
قراسیا	qarāsiyā
قراش	qurāsh
قراشه	qurāsha
قراص	qurrāṣ
قراصیا	qarāṣiyā
قراض	qirāẓ
قراضه	qurāẓa
قراط	qirāt̤
قاراطارغوین	qārātārg̱ẖūyin
قراط	qarrāz̤
قراع	qirā‘
قراف	qirāf
قرافه	qarāfa
قراقر	qarāqar
قرام	qirām
قرامطة	qarāmitat
قرامل	qarāmil
قرامید	qarāmīd
قران	qrān
قرآن	qur’ān
قران	qirān
قرانتین	qarāntīn
قرانی	qurāná
قرانیا	qarāniyā
قرانیطس	qurānīt̤us
قراول	qarāwul
قراولخانه	qarāwul-ḵẖāna
قراولی	qarāwulī
قراٴون	qarrā’ūn
قراوی	qurrāwī
قرائث	qarā’is̤
قرائن	qarā’in
قرب	qarb
قربا	qarbā
قرباء	qurabā’
قربات	qirbāt
قرباغه	qurbāg̱ẖa
قربان	qarbān
قربانگاه	qurbān-gāh
قربانی	qurbānī
قربانیون	qarbāniyūn
قربج	qurbaj
قربز	qurbuz
قربغه	qurbag̱ẖa
قربق	qurbaq
قربوس	qarabūs
قربوله	qarbūla
قربه	qirba
قربیٰ	qarbá
قرپوس	qarpūs
قرة	qirat
قرت	qart
قرت	qarat
قرت	qurt
قرتان	qarratān
قرتبان	qartabān
قرتبوس	qartabūs
قرته	qarta
قرح	qarḥ
قرح	qurraḥ
قرحان	qarḥān
قرحیٰ	qarḥá
قرخواک	qarḵẖẉāk
قرد	qard
قردالیون	qardāliyūn
قردامن	qardāman
قردامومن	qardāmūman
قردامینی	qardāmīnī
قردان	qirdān
قردة	qirdat
قردمان	qardamān
قردمانیٰ	qurdamāná
قردوس	qurdūs
قررة	qararat
قرز	qarz
قرزة	qurzat
قرزم	qurzum
قرس	qars
قرسنه	qirisna
قرش	qarsh
قرشی	qurashī
قرص	qarṣ
قرصعنة	qarṣa‘nat
قرصک	qurṣak
قرض	qarẓ
قرضداری	qarẓ-dārī
قرضوب	qurẓūb
قرضوف	qurẓūf
قرضه	qarẓa
قرضی	qarẓī
قرضیه	qarẓīya
قرط	qart̤
قرطاسی	qirt̤āsī
قرطبان	qart̤abān
قرطة	qirat̤at
قرطعب	qirt̤a‘b
قرطف	qirt̤af
قرطق	qurt̤aq
قرطقة	qartaqat
قرطمان	qurt̤umān
قرطمانا	qart̤amānā
قرطور	qart̤ūr
قرطه	qart̤a
قرط	qaraz̤
قرع	qar‘
قرعاء	qar‘ā’
قرعان	qur‘ān
قرعة	qar‘at
قرعون	qar‘ūn
قرف	qarf
قرفه	qirfa
قرق	qarq
قرقار	qarqār
قرقاول	qarqāwul
قرقب	qurqub
قرقچی	quruqchī
قرقرا	qarqarā
قرقره	qarqara
قرقرون	qurqurūn
قرقری	qarqarī
قرقسون	qarqasūn
قرقسه	qarqasa
قرقسیا	qarqasyā
قرقف	qurquf
قرقف	qarqaf
قرقمان	qarqamān
قرقو	qurqū
قرقور	qurqūr
قرقوس	qurqūs
قرقوف	qurqūf
قرقومعنا	qurqūma‘nā
قرقومی	qarqūmī
قرقی	qurqī
قرکن	qarkan
قرلتای	quriltāy
قرلف	qarluf
قرلی	qirillá
قرم	qarm
قرم	qurram
قرماء	qarmā’
قرمة	qarmat
قرمد	qarmad
قرمدة	qarmadat
قرمز	qirmiz
قرمزی	qirmizī
قرمساق	qurramsāq
قرمط	qarmat̤
قرمطة	qarmatat
قرمطی	qarmat̤ī
قرمطیه	qarmat̤īya
قرمل	qarmal
قرمید	qirmīd
قرن	qarn
قرناء	qarnā’
قرناس	qurnās
قرنان	qarnān
قرنای	qar-nāy
قرنباد	quruṃbād
قرنبیق	qaraṃbīq
قرنة	qurnat
قرنجک	qaranjak
قرنفل	qaranful
قرنفول	qaranfūl
قرنوة	qarnuwat
قرنوی	qarnawī
قرنی	qaranī
قرنیطس	qarnīt̤us
قرو	qarw
قرواط	qirwāt̤
قروة	qarwat
قروت	qurūt
قروح	qurūḥ
قرود	qarūd
قرور	qarūr
قروض	qurūẓ
قروط	qurūt̤
قروع	qarū‘
قروف	qarūf
قروق	qurūq
قروقچی	qurūqchī
قرول	qurūl
قرولی	qarūlī
قروم	qurūm
قرون	qarūn
قرونة	qarūnat
قروهه	quroha
قروی	qarawī
قری	qary
قریان	qaryān
قریب	qarīb
قریباً	qarīb-an
قریبه	qarība
قریثاء	qarīs̤ā’
قریح	qarīḥ
قرید	quraid
قریر	qarrīr
قریر	qarīr
قریر	qurīr
قریرة	qarīrat
قریس	qarīs
قریش	qarīsh
قریشی	quraishī
قریص	qarīṣ
قریض	qarīẓ
قریظة	quraiz̤at
قریع	qarī‘
قریم	qirīm
قریق	qurīq
قرین	qarīn
قرینان	qarīnāni
قریه	qarya
قریی	qarayī
قز	qaz
قز	qazz
قزاح	quzāḥ
قزاز	qazāz
قزاق	qazzāq
قزاقانه	qazzāqāna
قزاقی	qazzāqī
قزاغند	qazāg̱ẖand
قزام	qizām
قزاوه	qazāwa
قزب	qazb
قزبین	qazbīn
قزبینی	qazbīnī
قزح	qazḥ
قزحان	qazaḥān
قزحة	quzḥat
قزدار	qazdār
قردیر	qazdīr
قزز	qazaz
قزط	qazt̤
قزع	qaza‘
قزعة	qaza‘at
قزغان	qazg̱ẖān
قزغند	quzg̱ẖund
قزقان	qazqān
قزل	qizil
قزل	qazal
قزلان	qazalān
قزلجه	qiziljih
قزم	qazm
قزوع	quzū‘
قزه	qaza
قزوین	qazwīn
قزوینی	qazwīnī
قزی	qazzī
قزیعة	qazī‘at
قزین	qazīn
قژاوه	qazhāwa
قژله	qazhala
قژه	qizhih
قژیل	qazhīl
قس	qass
قسا	qasā
قساء	qasā’
قساة	qusāt
قساس	qusās
قساسی	qusāsī
قسالاون	qusālāwan
قسام	qasām
قسامة	qasāmat
قساوة	qasāwat
قساوسة	qasāwisat
قسب	qasb
قسبند	qusband
قسح	qasaḥ
قسر	qasr
قسری	qasrī
قسط	qast̤
قسطار	qist̤ār
قسطاط	qust̤āt̤
قسطر	qast̤ar
قسطرة	qast̤arat
قسطری	qast̤arī
قسطس	qust̤us
قسطل	qust̤ul
قسطنطینه	qust̤ant̤īna
قسطنطین	qust̤ant̤īn
قسطوار	qist̤-wār
قسطوره	qust̤ūra
قسطه	qist̤a
قسطیر	qist̤īr
قسم	qasm
قسماء	qusamā’
قسماقسمی	qasmā-qasmī
قسمة	qismat
قسمی	qasamī
قسنی	qasnī
قسو	qasw
قسوب	qasūb
قسوبة	qusūbat
قسوة	qaswat
قسوحة	qusūḥat
قسورة	qaswarat
قسوس	qasūs
قسوسة	qussūsat
قسوط	qusūt̤
قسولیدوس	qusūlīdūs
قسوی	qusawī
قسی	qasī
قسیان	qisyān
قسیب	qasīb
قسیس	qissīs
قسیسة	qissīsat
قسیسیة	qissīsīyat
قسیطوس	qisīt̤ūs
قسیم	qasīm
قسیمة	qasīmat
قسین	qasīn
قش	qash
قش	qashsh
قشابة	qashābat
قشادة	qushādat
قشار	qishār
قشاسار	qushāsār
قشاش	qushāsh
قشاط	qishāt̤
قشاعر	qashā‘ir
قشافة	qashāfat
قشاق	qashāq
قشب	qashb
قشدة	qishdat
قشر	qashr
قشراء	qashrā’
قشرة	qishrat
قشط	qasht̤
قشع	qash‘
قشعریرة	qusha‘rīrat
قشعم	qash‘am
قشقه	qashqa
قشم	qashm
قشلا	qishlā
قشمش	qishmish
قشنگ	qashang
قشنگی	qashangī
قشور	qashwar
قشوع	qushū‘
قشوم	qushūm
قشون	qushūn
قشیب	qashīb
قشیر	qushair
قشیش	qashish
قشیع	qashī‘
قشیف	qashīf
قشیم	qashīm
قص	qaṣṣ
قصاء	qaṣā’
قصاب	qiṣāb
قصابة	qiṣābat
قصابک	qaṣābak
قصابه	qaṣāba
قصابی	qaṣṣābī
قصابیة	qaṣṣābīyat
قصاد	quṣṣād
قصار	qaṣār
قصارة	qaṣārat
قصاریٰ	quṣārá
قصاص	qaṣāṣ
قصاصة	quṣāṣat
قصاع	qiṣā‘
قصاعة	qaṣā‘at
قصاعی	qiṣā‘ī
قصالة	quṣālat
قصائب	qaṣā’ib
قصائد	qaṣā’id
قصائدات	qaṣā’idāt
قصت	qasb
قصبات	qaṣbāt
قصباتی	qaṣbātī
قصبک	qaṣbak
قصبور	qaṣbūr
قصبی	qaṣabe
قصد	qaṣd
قصداً	qaṣd-an
قصدار	qaṣdār
قصدة	qiṣdat
قصدیر	qaṣdīr
قصر	qaṣr
قصراً	qaṣr-an
قصراء	qaṣrā’
قصریٰ	quṣrá
قصری	qaṣrī
قصریان	quṣrayān
قصص	qaṣaṣ
قصطل	qaṣt̤al
قصع	qaṣ‘
قصعة	qaṣ‘at
قصف	qaṣf
قصفان	quṣfān
قصفة	qaṣfat
قصقص	qaṣqaṣ
قصل	qaṣl
قصم	qaṣm
قصمة	qaṣmat
قصملة	qaṣmalat
قصوب	quṣūb
قصور	quṣūr
قصورمند	quṣūrmand
قصویٰ	quṣwá
قصه	qiṣṣa
قصی	qaṣá
قصیا	quṣyá
قصیبة	qaṣībat
قصید	qaṣīd
قصیر	qaṣīr
قصیرةً	qaṣīrat-an
قصیریٰ	quṣairá
قصیص	qaṣīṣ
قصیع	qaṣī‘
قصیعة	quṣai‘at
قصیف	qaṣīf
قصیمة	qaṣīmat
قض	qaẓẓ
قضا	qaẓā
فضاب	qaẓẓāb
قضابة	quẓābat
قضاة	quẓāt
قضاض	qiẓāẓ
قضاعة	quẓā‘at
قضاف	qiẓāf
قضافة	qaẓāfat
قضاک	qaẓẓāk
قضایا	qaẓāyā
قضائی	qaẓā’ī
قضب	qaẓb
قضة	qiẓat
قضض	qaẓaẓ
قضعة	qnẓ‘at
قضف	qaẓaf
قضم	qaẓm
قضون	qiẓūn
قضی	qaẓy
قضیب	qaẓīb
قضیض	qaẓīẓ
قضیف	qaẓīf
قضیم	qaẓīm
قطا	qat̤ā
قطاب	qit̤āb
قطابة	qut̤ābat
قطابی	qut̤ābī
قطاة	qat̤āt
قطار	qit̤ār
قطارجی	qit̤ārjī
قطارب	qit̤ārib
قطارة	qut̤ārat
فطاری	qut̤ārī
قطاس	qut̤ās
قطاط	qit̤āt̤
قطاع	qat̤ā‘
قطاعة	qat̤ā‘at
قطافی	qut̤āfī
قطافة	qut̤āfat
قطال	qat̤āl
قطان	qit̤ān
قطانی	qat̤ānī
قطایات	qat̤āyāt
قطائط	qat̤ā’it
قطائف	qat̤ā’if
قطب	qat̤b
قطبان	qut̤bān
قطبة	qut̤bat
قطبی	qut̤bī
قطبین	qut̤bain
قطر	qat̤r
قطرات	qat̤arāt
قطرانی	qat̤rānī
قطرب	qut̤rub
قطرف	qat̤raf
قطروب	qut̤rūb
قطری	qit̤rī
قطریف	qat̤rīf
قطریات	qat̤arīyāt
قطریة	qit̤rīyat
قطزن	qat̤-zan
قطط	qat̤at̤
قطع	qat̤‘
قطعاً	qat̤‘-an
قطعاء	qut̤a‘ā’
قطعان	qut̤‘ān
قطعة	qat̤‘at
قطعی	qat̤‘ī
قطف	qat̤f
قطقط	qit̤qit̤
قطل	qat̤l
قطم	qat̤m
قطمور	qut̤mūr
قطمیر	qit̤mīr
قطنة	qit̤nat
قطنی	qut̤nī
قطوات	qat̤awāt
قطوان	qat̤awān
قطوانی	qat̤awānī
قطوب	qat̤ūb
قطور	qat̤ūr
قطوراء	qut̤ūrā’
قطوط	qut̤ūt̤
قطوع	qat̤ū‘
قطوف	qat̤ūf
قطولکی	qat̤olikī
قطون	qut̤ūn
قطونا	qit̤ūnā
قطی	qat̤y
قطیبة	qat̤ībat
قطیرة	qut̤airat
قطیس	qit̤īs
قطیع	qat̤ī‘
قطیعة	qat̤ī‘at
قطیف	qat̤īf
قطیل	qat̤īl
قطین	qat̤īn
قعاب	qi‘āb
قعاد	qu‘ād
قعارة	qa‘ārat
قعاص	qu‘āṣ
قعاف	qu‘āf
قعاقع	qa‘āqi‘
قعائد	qa‘ā’id
قعب	qa‘b
قعبره	qa‘bara
قعبل	qa‘bal
قعبول	qu‘būl
قعد	qi‘d
قعدان	qi‘dān
قعر	qa‘r
قعران	qa‘rān
قعز	qa‘z
قعس	qa‘s
قعساء	qa‘sā’
قعش	qa‘sh
قعص	qa‘ṣ
قعض	qa‘ẓ
قعط	qa‘t̤
قعف	qa‘f
قعفوز	qu‘fūz
قعقاع	qa‘qā‘
قعقع	qu‘qu‘
قعقعة	qa‘qa‘at
قعم	qa‘m
قعو	qa‘w
قعوان	qu‘wān
قعود	qa‘ūd
قعودة	qa‘ūdat
قعور	qa‘ūr
قعوش	qa‘wash
قعوص	qa‘ūṣ
قعی	qu‘īy
قعید	qa‘īd
قعیدات	qa‘īdāt
قعیدان	qa‘īdāni
قعیدة	qa‘īdat
قعیر	qa‘īr
قعیرة	qa‘īrat
قعیل	qa‘īl
قعین	qu‘ain
قف	qif
قف	qaff
قفا	qafā
قفار	qafār
قفاز	qafāz
قفاص	qufāṣ
قفاع	qifā‘
قفاف	qifāf
قفال	qaffāl
قفان	qaffān
قفاهیر	qafāhīr
قفتان	qaftān
قفد	qafd
قفداء	qafdā’
قفدان	qafadān
قفر	qafr
قفز	qafz
قفزان	qufzān
قفزیٰ	qafazá
قفس	qafs
قفس	qafas
قفش	qafsh
قفشیل	qafshīl
قفص	qafṣ
قفط	qaft̤
قفع	qaf‘
قفعة	qaf‘at
قفف	qufaf
قفقاز	qafqāz
قفک	qifk
قفل	qafl
قفلوط	quflūt̤
قفلی	quflī
قفن	qafn
قفوة	qifwat
قفور	qufūr
قفورا	qufūrā
قفوز	qafūz
قفوس	qufūs
قفوف	qufūf
قفول	qufūl
قفوله	qufūla
قفون	qufūn
قفی	qafy
قفیر	qafīr
قفیز	qafīz
قفیص	qafīṣ
قفیف	qafīf
قفیل	qafīl
قفین	qafīn
ققدان	qaqadān
ققق	qaqaq
ققنس	qaqnus
قل	qall
قلا	qalā
قلاب	qilāb
قلاب	qulāb
قلابگان	qallābagān
قلابه	qulāba
قلابی	qallābī
قلات	qilāt
قلاتین	qalātīn
قلاج	qulāj
قلاچ	qulāch
قلاچو	qalāchū
قلاچوری	qalāchūrī
قلاح	qulāḥ
قلاخ	qulāḵẖ
قلارون	qalārūn
قلاری	qulārī
قلازاره	qalāzāra
قلاس	qallās
قلاسنگ	qalāsang
قلاسی	qalāsī
قلاش	qalāsh
قلاشة	qalāshat
قلاشی	qallāshī
قلاشیره	qalāshīra
قلاط	qilāt̤
قلاع	qilā‘
قلاعة	qilā‘at
قلاغ	qalāg̱ẖ
قلافة	qilāfat
قلاقل	qilāqal
قلام	qilām
قلامة	qulāmat
قلان	qalān
قلانات	qilānāt
قلانس	qalānis
قلاور	qalāwur
قلاوزی	qalāwuzī
قلاوژون	qalāwazhūn
قلاووز	qalāwūz
قلایا	qalāyā
قلائد	qalā’id
قلائص	qalā’iṣ
قلائل	qalā’il
قلب	qalb
قلباً	qalb-an
قلباء	qalbā’
قلبانه	qalbāna
قلبة	qalbat
قلبخانه	qalb-ḵẖāna
قلبزن	qalb-zan
قلبگاه	qalb-gāh
قلبنگ	qalabang
قلبور	qalbūr
قلبه	qalba
قلبه	qulba
قلبی	qalbī
قلپاق	qalpāq
قلت	qalt
قلتاق	qaltāq
قلتبانی	qaltabānī
قلتبوس	qaltbos
قلتق	qaltaq
قلته	qalta
قلتین	qullatain
قلج	qulj
قلج	qilij
قلچاق	qalchāq
قلح	qalḥ
قلخ	qalḵẖ
قلد	qald
قلذ	qalaẕ
قلذة	qaliẕat
قلذم	qalẕam
قلز	qalz
قلزم	qilzim
قلس	qals
قلص	quluṣ
قلط	qalt̤
قلطبان	qalt̤abān
قلع	qal‘
قلعجات	qal‘ajāt
قلعچه	qal‘acha
قلعگیان	qal‘agiyān
قلعی	qal‘ī
قلعیگر	qal‘īgar
قلعیگری	qal‘ī-garī
قلغنج	qalg̱ẖanj
قلغند	qalg̱ẖand
قلغه	qalg̱ẖa
قلف	qalf
قلفة	qalfat
قلفت	qaluft
قلفونیا	qulfūniyā
قلفه	qalfa
قلفی	qulfī
قلق	qalaq
قلقاس	qulqās
قلقال	qalqāl
قلقدیس	qulqadīs
قلقطار	qulqat̤ār
قلقل	qilqal
قلقلان	qulqulān
قلقلانی	qulqulānī
قلقله	qulqula
قلقنت	qalqant
قلقنطار	qulqant̤ār
قلقنه	qulquna
قلل	qilal
قلم	qalm
قلما	qalmā
قلما	qalla-mā
قلماش	qalmāsh
قلماق	qalmāq
قلمتراش	qalam-tarāsh
قلمجدول	qalam-jadwal
قلمچه	qalamcha
قلمدان	qalamdān
قلمدر	qalamdar
قلمرو	qalam-rav
قلمکار	qalam-kār
قلمکاری	qalam-kārī
قلمون	qalamūn
قلمونیا	qalmūniyā
قلمه	qulma
قلمی	qalamī
قلنبک	qalaṃbak
قلندر	qalandar
قلندرا	qalandarā
قلندری	qalandarī
قلندیس	qalandīs
قلنسة	qalnasat
قلنسوة	qalansuwat
قلنسی	qalansī
قلنسیة	qulansiyat
قلو	qalū
قلو	qalw
قلوب	qulūb
قلوز	qalawuz
قلوص	qalūṣ
قلوع	qulū‘
قلومس	qulūmus
قلومن	qulūman
قلون	qalūn
قله	qula
قله	qulla
قلی	qaly
قلیان	qalyān
قلیب	qalīb
قلیة	qalīyat
قلید	qalīd
قلیدس	qulīdus
قلیس	qalīs
قلیسیة	qulaisīyat
قلیط	qalīt̤
قلیط	qillīt̤
قلیف	qalīf
قلیل	qalīl
قلیلاً	qalīl-an
قلیلون	qalīlūn
قلیمیا	qilīmiyā
قلینسة	qulainisat
قلیوان	qalīwān
قلیون	qalyūn
قلیه	qalya
قم	qum
قم	qamm
قما	qummā
قماء	qimā’
قمار	qimār
قماری	qamārī
قماس	qimās
قماش	qimāsh
قماشیر	qamāshīr
قماص	qimāṣ
قماط	qimāt̤
قماعیل	qamā‘īl
قماقم	qamāqim
قمام	qumām
قمچی	qamchī
قمح	qamḥ
قمحه	qamḥa
قمد	qamd
قمر	qamr
قمراء	qamrā’
قمران	qamarāni
قمرة	qumrat
قمرغه	qamarg̱ẖa
قمرون	qamrūn
قمری	qamarī
قمریة	qumrīyat
قمرین	qamarain
قمز	qamz
قمزاده	qum-zāda
قمس	qams
قمس	qummas
قمش	qamsh
قمص	qamṣ
قمصان	qumṣān
قمط	qamt̤
قمطر	qimat̤r
قمطریر	qamt̤arīr
قمع	qam‘
قمعوث	qum‘ūs̤
قمعول	qum‘ūl
قمعولة	qum‘ūlat
قمقم	qimqim
قمقمان	qumqumān
قمقمة	qamqamat
قمل	qaml
قملة	qamlat
قمم	qimaṃ
قموء	qumū’
قموح	qumūḥ
قموس	qamūs
قموص	qamūṣ
قموع	qamū‘
قمه	qamah
قمه	qama
قمیر	qamīr
قمیر	qimīr
قمیز	qamīz
قمیس	qimmīs
قمیشة	qamīshat
قمیص	qamīṣ
قمیط	qamīt̤
قمیم	qamīm
قمین	qamīn
قمیئة	qamī’at
قن	qann
قناء	qanā’
قنابر	qanābir
قناة	qanāt
قنات	qanāt
قناتة	qanātat
قناتی	qanātī
قناح	qunnāḥ
قناد	qannād
قنادی	qannādī
قنادیل	qanādīl
قناز	qannāz
قناصرین	qunāṣirīn
قناطة	qanāt̤at
قناطر	qanāt̤ir
قناطیر	qanāt̤īr
قناع	qanā‘
قناعة	qanā‘at
قنافذ	qanāfiẕ
قنان	qanān
قنانی	qanānī
قنب	quṃb
قنبر	qaṃbar
قنبراء	quṃburā’
قنبرة	quṃburat
قنبری	quṃburī
قنبز	qiṃbaz
قنبعة	qaṃba‘at
قنبیر	qiṃbīr
قنبیل	qaṃbīl
قنبیله	qaṃbīla
قنة	qinnat
قنت	qanat
قنتر	qantar
قنتوره	qantūra
قنج	qanj
قنجغه	qanjug̱ẖa
قنجه	qanja
قنح	qanḥ
قند	qand
قنداق	qundāq
قندز	qunduz
قندس	qundus
قندفیر	qandafīr
قندک	qandak
قندول	qandūl
قندهار	qandahār
قندی	qandī
قندید	qindīd
قندیل	qindīl
قندیه	qandiya
قنز	qinz
قنسری	qinnasrī
قنسرینی	qinnasrīnī
قنص	qanṣ
قنض	qanẓ
قنط	qant̤
قنطا	qint̤ā
قنطار	qint̤ār
قنطاسیا	qint̤āsiyā
قنطال	qant̤āl
قنطس	qant̤us
قنطوراء	qant̤ūrā’
قنطوره	qant̤ūra
قنطوریون	qant̤ūriyūn
قنطیر	qint̤īr
قنع	qan‘
قنعة	qan‘at
قنف	qanaf
قنفشة	qanfashat
قنق	qunuq
قنقچی	qunuqchī
قنقل	qanqal
قنقل	qunqul
قنقلات	qanqalāt
قنقلی	qunqulī
قنقهر	qanqahir
قنک	qank
قنم	qanam
قنمة	qanamat
قنن	qanan
قنو	qanw
قنوات	qanawāt
قنوت	qunūt
قنود	qunūd
قنوس	qunūs
قنوط	qunūt̤
قنوع	qanū‘
قنون	qunūn
قنه	qinna
قنی	qany
قنیات	qanayāt
قنیب	qanīb
قنیة	qinyat
قنیص	qanīṣ
قنیط	qanīt̤
قنیع	qanī‘
قنیف	qanīf
قنینة	qinnīnat
قو	qau
قو	qū
قوا	quwā
قوابل	qawābil
قوات	quwāt
قواتل	qawātil
قواحط	qawāḥit̤
قواخ	qawāḵẖ
قواد	qauwād
قوادح	qawādiḥ
قوادگی	qawādagī
قوادم	qawādim
قواده	qawāda
قواذف	qawāẕif
قوارب	qawārib
قوارح	qawāriḥ
قوارع	qawāri‘
قواره	qawāra
قواریر	qawārīr
قواریری	qawārīrī
قواس	qauwās
قواسی	qawāsī
قواصع	qawāṣi‘
قواصف	qawāṣif
قواضب	qawāẓib
قواط	qauwāt̤
قواطع	qawāt̤i‘
قواعد	qawā‘id
قوافز	qawāfiz
قوافل	qawāfil
قوافی	qawāfī
قوال	qauwāl
قوالب	qawālib
قوالی	qauwālī
قوام	qawām
قوامی	qiwāmī
قوانص	qawāniṣ
قوانین	qawānīn
قوائم	qawā’im
قوبجور	qūbjūr
قرتة	qūtat
قوتاس	qūtās
قوتی	qūtī
قوتیل	qūtīl
قوثر	qūs̤ir
قوچ	qūch
قوچغار	qūchg̱ẖār
قوچین	qūchīn
قوح	qauḥ
قوخ	qauḵẖ
قود	qaud
قور	qaur
قور	qūr
قورثا	qūrs̤ā
قورچی	qūrchī
قورسا	qūrsā
قورق	qūruq
قورلتان	qūrlatān
قورومساق	qūrūmsāq
قوری	qūrī
قوریغ	qūrīg̱ẖ
قوریلتای	qūrīltāy
قوریون	qūriyūn
قوز	qauz
قوز	qūz
قوس	qaus
قوساء	qausā’
قوسه	qausa
قوسی	qausī
قوسیا	qūsiyā
قوش	qūsh
قوشیاز	qūshbāz
قوشچی	qūschī
قوشون	qūshūn
قوشی	shī
قوص	qūṣ
قوصر	qauṣar
قوصف	qauṣaf
قوض	qauẓ
قوط	qaut̤
قوطولیدون	qūt̤ūlīdūn
قوطوما	qūt̤ūmā
قوطی	qūt̤ī
قوع	qau‘
قوغا	qaug̱ẖā
قوف	qauf
قوفا	qūfā
قوفل	qūfal
قوق	qauq
قوقاٴة	qauqa’at
قوقبا	qūqabā
قوقل	qauqal
قوقنس	qūqnus
قوقو	qūqū
قوقی	qūqī
قوقیه	qauqīya
قول	qol
قول	qaul
قؤل	qu’ul
قول	qūwal
قولاج	qūlāj
قولة	qūlat
قولتوق	qūltūq
قولچی	qūlchī
قولدور	qūldūr
قولنامه	qaul-nāma
قولی	qaulī
قوم	qaum
قوما	qūmā
قومة	qaumat
قومری	qūmrī
قومس	qaumas
قومنی	qūminī
قومی	qaumī
قومیة	qaumīyat
قونج	qūnj
قوندروج	qondurūj
قونس	qaunas
قونسول	qonsūl
قونوس	qaunūs
قؤود	qa’ūd
قؤول	qa’ūl
قوه	qūh
قوهستان	qūhistān
قوهی	qūhī
قوی	qawá
قویس	quwais
قویل	quwail
قویم	qawīm
قوینطن	qūyant̤an
قهاد	qihād
قهار	qahhār
قهاری	qahhārī
قهب	qahb
قهباء	qahbā’
قهبة	quhbat
قهبلس	qahbalis
قهد	qahd
قهر	qahr
قهراً	qahr-an
قهربان	qahrabān
قهرة	quhrat
قهرمان	qahramān
قهرناک	qahrnāk
قهری	qahrī
قهز	qahz
قهستان	quhistān
قهقریٰ	qahqará
قهقه	qahqa
قهقهة	qahqahat
قهندز	quhunduz
قهوهجی	qahwajī
قیاٴ	qay’
قیاتة	qiyātat
قیاد	qiyād
قیار	qaiyār
قیاس	qiyās
قیاساً	qiyās-an
قیاسر	qayāsir
قیاسی	qiyāsī
قیاصرة	qayāṣirat
قیاط	qiyāz̤
قیاع	qiyā‘
قیافه	qiyāfa
قیال	quyyāl
قیالة	qiyālat
قیام	qiyām
قیامة	qiyāmat
قیامی	qiyāmī
قیان	qiyān
قیاوار	qayāwār
قیب	qīb
قیپا	qīpā
قیتار	qītār
قیتول	qītūl
قیجک	qījak
قیچی	qaichī
قیح	qaiḥ
قید	qaid
قیدافه	qaidāfa
قیدو	qaidū
قیدوة	qaidūdat
قیدی	qaidī
قیذار	qaiẕār
قیر	qīr
قیراط	qīrāt̤
قیران	qīrān
قیرش	qairis
قیروتی	qairūtī
قیری	qīrī
قیز	qīz
قیزه	qaiza
قیزان	qīzān
قیس	qais
قیسار	qaisār
قیساریة	qaisāriyat
قیست	qīst
قیسوش	qīsūs
قیسی	qaisī
قیشور	qaishūr
قیص	qaiṣ
قیصاریه	qaisāriya
قیصر	qaiṣar
قیصران	qaiṣarān
قیصری	qaiṣarī
قیصور	qaiṣūr
قیصوم	qaiṣūm
قیصی	qaiṣī
قیض	qayẓ
قیض	qaiyiẓ
قیطاقون	gait̤āqūn
قیطس	qait̤is
قیطول	qait̤ūl
قیطون	qīt̤ūn
قیظ	qaiz̤
قیظی	qaiz̤ī
قیعان	qī‘ān
قیعة	qī‘at
قیعون	qai‘ūn
قیف	qīf
قیفال	qīfāl
قیق	qaiq
قیقاءة	qīqā’at
قیقاج	qīqāj
قیقج	qīqaj
قیقة	qīqat
قیقهن	qaiqahin
قیل	qail
قیل	qīl
قیل	quyyal
قیلان	qīlān
قیلة	qailat
قیلقی	qailuqī
قیلموس	qailamūs
قیلوط	qailūt̤
قیلولة	qailūlat
قیم	qiyam
قیماغ	qaimāg̱ẖ
قیمتی	qīmatī
قیمق	qaimaq
قیمولیا	qaimūliyā
قیمون	qaimūn
قیمه	qima
قین	qain
قینا	qīnā
قینان	qainān
قینة	qainat
قینچی	qainchī
قینی	qainī
قیود	quyūd
قیور	qaiyūr
قیوظ	quyūz̤
قیول	qayūl
قیولة	qayūlat
قیوم	qaiyūm
قیومیة	qaiyūmīyat
قیون	quyūn
قیوند	qīwand
قیه	qīh
قئی	qa’ī
ک	k
ک	ka
کاب	kāb
کابتره	kābtara
کابخ	kābaḵẖ
کابر	kābir
کابک	kābuk
کابل	kābil
کابلج	kāblīj
کابلی	kābilī
کابلیج	kāblīj
کابن	kabīn
کابنه	kābina
کابوس	kābūs
کابوک	kābūk
کابیدن	kābīdan
کابیشه	kābīsha
کابیل	kābīl
کابین	kābīn
کابینه	kābīna
کابینی	kābīnī
کات	kāt
کاتب	kātib
کاتبی	kātibī
کاتوده	kātūda
کاتوزی	kātūzī
کاج	kāj
کاجکی	kājakī
کاجیره	kājīra
کاچ	kāch
کاچار	kāchār
کاچال	kāchāl
کاچره	kāchra
کاچغر	kāchg̱ẖar
کاچک	kāchak
کاچکینه	kāchkīna
کاچوره	kāchūra
کاچول	kāchūl
کاچه	kācha
کاچی	kāchī
کاچیره	kāchīra
کاچیک	kāchīk
کاچینه	kāchīna
کاخ	kāḵẖ
کاخج	kāḵẖij
حاخر	kāḵẖar
کاخول	kāḵẖūl
کاخه	kāḵẖa
کاد	kād
کادح	kādiḥ
کادس	kādis
کاذب	kāẕib
کاذی	kāẕī
کار	kār
کاراسته	kārāsta
کاراسی	kārāsī
کارانیدن	kārānīdan
کاربان	kārbān
کارپیچ	kār-pech
کارت	kārt
کارتن	kārtan
کارد	kārd
کاردان	kār-dān
کاردانک	kārdānak
کاردانی	kār-dānī
کاردگر	kārdgar
کاردو	kārdū
کراز	kāraz
کارز	kāriz
کارزار	kārzār
کارزاری	kārzārī
کارژول	kārzhūl
کارسان	kārsān
کارستان	kāristān
کارسنج	kār-sanj
کارشناسی	kār-shināsī
کارگر	kārgar
کارگیر	kār-gīr
کارلسرو	kārlisrū
کارمند	kārmand
کارنجک	kāranjak
کارنده	kārinda
کارنگ	kārang
کاروان	kārwān
کاروانک	kārwānak
کاروانی	kārwānī
کاره	kāra
کاره	kārih
کارها	kār-hā
کاری	kāre
کاریدن	kārīdan
کاریز	kārez
کاریگر	kārīgar
کاریگری	kārīgarī
کارین	kārīn
کاز	kāz
کازر	kāzar
کازره	kāzura
کازریسگ	kazirīsag
کازوار	kāzwār
کازود	kāzūd
کازه	kāza
کازیره	kāzīra
کاژ	kāzh
کاژرون	kāzhīrūn
کاژره	kāzhra
کاژغر	kāzhg̱ẖar
کاژو	kāzhū
کاژه	kāzha
کاژیره	kāzhīra
کاس	kās
کاسات	kāsāt
کاسان	kāsān
کاسانه	kāsāna
کاسب	kāsib
کاست	kāst
کاستن	kāstan
کاسته	kāsta
کاستی	kāstī
کسج	kāsuj
کاسد	kāsid
کاسر	kāsir
کاسف	kāsif
کاسک	kāsak
کاسکینه	kāskīna
کاسمو	kās-mū
کاسن	kāsan
کاسنی	kāsnī
کاسو	kāsū
کاسه	kāsa
کاش	kāsh
کاشان	kāshān
کاشانه	kāshāna
کاشتن	kāshtan
کاشته	kāshta
کاشح	kāshih
کاشغر	kāshg̱ẖar
کاشف	kāshif
کاشفته	kāshufta
کاشفی	kāshifī
کاشک	kāshk
کاشم	kāshim
کاشمر	kāshmar
کاشنی	kāshnī
کاشو	kāshū
کاشه	kāsha
کاشی	kāshe
کاظم	kāz̤im
کاظمة	kāz̤imat
کاعب	kā‘ib
کاغ	kāg̱ẖ
کاغله	kāg̱ẖāla
کاغذگر	kāg̱ẖaẕgar
کاغذی	kāg̱ẖaẕī
کاغذین	kāg̱ẖaẕīn
کاغک	kāg̱ẖak
کاغله	kāg̱ẖla
کاغنو	kāg̱ẖnū
کاغولتا	kāg̱ẖūltā
کاغه	kāg̱ẖa
کاغینه	kāg̱ẖīna
کاف	kāf
کافةً	kāffatan
کافتن	kāftan
کافته	kāfta
کافتیده	kāftīda
کافر	kāfir
کافرانه	kāfirāna
کافرستان	kāfiristān
کافری	kāfirī
کافل	kāfil
کافلو	kāflū
کافور	kāfūr
کافوری	kāfūrī
کافی	kāfī
کافیدن	kāfīdan
کافیشه	kāfīsha
کافیلو	kāfīlū
کاک	kāk
کاکا	kākā
کاکاو	kākāv
کاکبان	kākbān
کاکریز	kākrez
کاکریزی	kākrezī
کاکل	kākil
کاکله	kākula
کاکنج	kāknaj
کاکو	kākū
کاکوتی	kākūtī
کاکوش	kākosh
کاکول	kākūl
کاکولی	kākūlī
کاکونی	kākūnī
کاکوی	kākūy
کاکویه	kākūya
کاکی	kākī
کاکیا	kākiyā
کاکیان	kākiyān
کاگره	kāgara
کاگل	kāgal
کال	kāl
کالا	kālā
کالار	kālār
کالاشکن	kālāshkan
کالب	kālab
کالبدگر	kālbudgar
کالبو	kālbo
کالبوت	kālbūt
کالبوی	kālboy
کالجار	kāljār
کالجوش	kāljosh
کالح	kāliḥ
کالسکه	kālaska
کالفته	kālufta
کالک	kālak
کالم	kālum
کالنج	kālanj
کالنجر	kālanjar
کالنجه	kālinja
کالنگ	kālang
کالو	kālū
کالوج	kālūj
کالوخ	kālūḵẖ
کالوس	kālūs
کالوسک	kālūsk
کالوشه	kālūsha
کالونی	kālūnī
کالویه	kālūya
کاله	kāla
کالی	kālī
کالئ	kāli’
کالیا	kāliyā
کالیار	kālyār
کالیدن	kālīdan
کالیده	kālīda
کالیو	kālīv
کالیوس	kālyūs
کام	kām
کامبجشی	kām-baḵẖshī
کامبین	kām-bīn
کامته	kāmata
کامخ	kāmaḵẖ
کامران	kām-rān
کامرانی	kām-rānī
کامرو	kāmrū
کامروا	kām-rawā
کامروائی	kām-rawā’ī
کامزن	kām-zan
کامکار	kāmkār
کامگار	kāmgār
کامگاری	kāmgārī
کامگذار	kām-guẕār
کامل	kāmil
کامله	kāmila
کاملیة	kāmilīyat
کاملی	kāmilī
کامن	kāmin
کامو	kāmū
کامود	kāmūd
کامور	kāmwar
کاموس	kāmos
کامون	kāmūn
کامونی	kāmūnī
کامه	kāma
کامیاب	kām-yāb
کامیابی	kām-yābī
کامیدن	kāmīdan
کامین	kāmīn
کان	kān
کاٴن	ka’anna
کانا	kānā
کاناز	kānāz
کاند	kānd
کاندر	kāndar
کانسه	kānsa
کانگورو	kāngūrū
کانور	kānūr
کانون	kānūn
کانه	kāna
کاٴنه	ka’annahu
کانی	kānī
کانیرو	kānerū
کاو	kāw
کاواک	kāwāk
کاواکی	kāwākī
کاوانیدن	kāwānīdan
کاورس	kāwars
کاورسه	kāwarsa
کاورک	kāwark
کاٴوس	kā’us
کاوش	kāwish
کاوک	kāwak
کاوکان	kāvkān
کاوکلور	kāvkalūr
کاول	kāwul
کاولجک	kāwaljak
کاونده	kāwanda
کاونه	kāwuna
کاووس	kāwūs
کاووک	kāwūk
کاوول	kāwūl
کاوه	kāwa
کاوی	kāwī
کاویجک	kāwījak
کاویدن	kāwīdan
کاویش	kāwīsh
کاویشه	kāwīsha
کاویل	kāwīl
کاوین	kāwīn
کاوینک	kāwīnak
کاه	kāh
کاهانیدن	kāhānīdan
کاهبان	kāhbān
کاهبن	kāh-bun
کاهدان	kāhdān
کاهربا	kāh-rubā
کاهریز	kāh-rez
کاهسته	kāhista
کاهش	kāhish
کاهکشان	kāh-kashān
کاهگل	kāh-gil
کاهگیر	kāh-gīr
کاهگیری	kāh-gīrī
کاهل	kāhil
کاهلا	kāhilā
کاهلانه	kāhilāna
کاهلی	kāhilī
کاهن	kāhin
کاهنگان	kāhangān
کاهو	kāhū
کاهواره	kāhwāra
کاهوکب	kāhūkub
کاهی	kāhī
کاهیدن	kāhīdan
کاهیده	kāhīda
کای	kāy
کائت	kā’it
کاهیل	kāhīl
کائن	kā’in
کائنات	kā’ināt
کاینه	kāyina
کب	kab
کب	kabb
کباب	kabāb
کبابة	kabābat
کبابخانه	kabāb-ḵẖāna
کبابی	kabābī
کباث	kabās̤
کباد	kibād
کباده	kabāda
کبار	kabār
کبار	kibār
کباره	kabāra
کباریة	kubbārīyat
کباس	kubās
کباک	kabāk
کبان	kubān
کبائر	kubā’ir
کبت	kabt
کبتا	kabitā
کبتر	kabtar
کبث	kabs̤
کبج	kabj
کبچ	kabch
کبچه	kabcha
کبح	kabḥ
کبد	kabd
کبداد	kabdād
کبر	kabr
کبر	kibr
کبراء	kubarā’
کبرد	kabard
کبرک	kabarak
کبره	kabra
کبریٰ	kubrá
کبریاء	kibriyā’
کبریائی	kibriyā’ī
کبریت	kibrīt
کبریتی	kibrītī
کبس	kabs
کبست	kabast
کبستو	kabastū
کبش	kabsh
کبک	kabk
کبکب	kabkab
کبکنجیر	kabkanjīr
کبگ	kabg
کبل	kabl
کبن	kabn
کبنوره	kabanwara
کبو	kabū
کبوتر	kabūtar
کبوبربان	kabūtarbān
کبوتردم	kabūtar-dam
کبود	kabūd
کبود	kubūd
کبودان	kubodān
کبودر	kabūdar
کبودوش	kabūdwash
کبوده	kabūda
کبودی	kabūdī
کبور	kabwar
کبوس	kabos
کبوک	kabūk
کبوک	kabbūk
کبون	kubūn
کبوه	kabwa
کبی	kabī
کبیٰ	kubá
کبیتا	kubaitā
کبیتک	kubaitak
کبیته	kubīta
کبیچه	kabīcha
کبید	kabīd
کبیدن	kabīdan
کبیده	kubīda
کبیر	kabīr
کبیره	kabīra
کبیکج	kabīkaj
کبین	kabīn
کپ	kup
کپاک	kapāk
کپان	kapān
کپچه	kapcha
کپراس	kaprās
کپوک	kapūk
کپیتان	kapītān
کپیدن	kapīdan
کت	kat
کتا	katā
کتاب	kitāb
کتابچه	kitābcha
کتابدان	kitābdān
کتابون	katābūn
کتابی	kitābī
کتاره	katāra
کتاف	kitāf
کتال	kutāl
کتاله	katāla
کتام	katām
کتانی	katānī
کتائب	katā’ib
کتایون	katāyūn
کتب	katb
کتبستان	kutubistān
کتبی	kutubī
کتبیة	kutubīyat
کتح	katḥ
کتخ	kataḵẖ
کتخدا	kat-ḵẖudā
کتخدائی	kat-ḵẖudā’ī
کتد	katad
کتر	katr
کتران	katrān
کترونتن	katrūnitan
کتس	katas
کتستو	katastū
کتع	kut‘
کتعال	kat‘āl
کتعاله	kat‘āla
کتغ	katag̱ẖ
کتف	katf
کتک	katak
کتکار	katkār
کتکتو	kutkutū
کتکن	kat-kan
کتکنه	katkina
کتگار	katgār
کتل	katal
کتلجیان	kataljiyān
کتم	katm
کتمان	kitmān
کتمتو	katamtū
کتن	katan
کتنبر	kataṃbar
کتو	katū
کتوال	kutwāl
کتوالی	kutwālī
کتور	katūr
کتوم	katūm
کتهل	kathal
کتیب	kiteb
کتیبة	katībat
کتیران	katīrān
کتیره	katīra
کتیع	katī‘
کتیم	katīm
کث	kas̤s̤
کثاثه	kas̤ās̤at
کثاه	kus̤āh
کثب	kas̤b
کثر	kas̤r
کثرة	kas̤rat
کثف	kas̤f
کثم	kas̤m
کثوث	kus̤ūs̤
کثوع	kus̤ū‘
کثیب	kas̤īb
کثیر	kas̤īr
کثیف	kas̤īf
کج	kaj
کج	kajj
کجا	kujā
کجابه	kajāba
کجاران	kujārān
کجاز	kajāz
کجاوه	kajāwa
کجائی	kujā’ī
کجبه	kajaba
کجت	kujat
کجرفتار	kaj-raftār
کجک	kajak
کجکجة	kajkajat
کجله	kajala
کجواج	kajwāj
کجور	kajūr
کجوک	kujūk
کجومن	kajūman
کجوه	kajawa
کجه	kaja
کجی	kajī
کجیم	kajīm
کجین	kajīn
کچ	kuch
کچالو	kachālū
کچری	kichrī
کچک	kachak
کچکول	kachkūl
کچل	kachal
کچله	kuchula
کچلی	kachalī
کچول	kachol
کچه	kacha
کچیر	kachīr
کح	kuḥḥ
کحال	kiḥāl
کحل	kaḥl
کحلا	kuḥlā
کحلی	kuḥlī
کحیلا	kuḥailā
کخ	kaḵẖ
کخته	kuḵẖta
کخج	kuḵẖj
کخکخ	kiḵẖkiḵẖ
کد	kad
کد	kadd
کداد	kudād
کداس	kidās
کدام	kudām
کدامی	kidāmī
کدامین	kudāmīn
کدبا	kadbā
کدح	kadḥ
کدر	kadr
کدرپذیر	kadar-paẕīr
کدس	kads
کدست	kudist
کدش	kadsh
کدفت	kaduft
کدکده	kadkada
کدم	kadm
کدن	kadn
کدن	kidin
کدنگ	kudang
کدوح	kudūḥ
کدوخ	kadoḵẖ
کدود	kadūd
کدور	kudūr
کدورة	kudūrat
کدوک	kadūk
کدوه	kudūh
کده	kada
کدید	kadīd
کدین	kudīn
کدیور	kadewar
کدیوری	kadewarī
کذا	kaẕā
کذاب	kaẕẕāb
کذالک	kaẕālika
کذر	kaẕar
کذوب	kaẕūb
کر	kar
کر	karr
کرا	kirā
کرابیس	karābīs
کرابیسی	karābīsī
کرات	karrāt
کراث	karās̤
کراج	karāj
کراجی	karājī
کراجیدن	karājīdan
کراخ	karāḵẖ
کراخان	karāḵẖān
کراد	kurād
کرادید	karādīd
کرادیس	karādīs
کرار	kurār
کرار	karār
کراره	karrāra
کراز	karāz
کراز	karrāz
کراس	kurās
کراسة	kurrāsat
کراستن	kirāstan
کراسی	karāsī
کراسیس	krāsīs
کراش	karāsh
کراشه	karāsha
کراشیدن	karāshīdan
کراشیده	karāshīda
کراض	kirāẓ
کراع	kurā‘
کراغ	kurāg̱ẖ
کراک	karāk
کراکا	karākā
کرام	kirām
کرامات	karāmāt
کراماتی	karāmātī
کرامة	karāmat
کرامند	kirāmand
کرامی	kirāmī
کرامیة	karāmīyat
کرامیدن	kirāmīdan
کران	karān
کران	kirān
کرانه	karāna
کرانی	karāne
کراوش	kirosh
کراویا	karāwiyā
کراه	karāh
کراهة	karāhat
کراهةً	karāhatan
کراهون	karāhūn
کراهیة	karāhiyat
کرایه	karāya
کرب	karb
کربا	kurba
کرباس	karbās
کرباسه	kirbāsa
کرباسی	kirbāsī
کربال	kirbāl
کربال	kurbāl
کربان	kurbān
کربایس	karbāyis
کربة	kurbat
کربس	karbas
کربسو	karbasū
کربش	karbash
کربشو	karbashū
کربشه	karbasha
کربلاء	karbalā’
کربلائی	karbalā’ī
کربه	karba
کرپاس	kirpās
کرپاسو	karpāsū
کرپاوان	karpāwān
کرة	kurat
کرةً	karratan
کرت	kart
کرتاخ	kartāḵẖ
کرتانه	kartāna
کرتک	kartak
کرتله	kartala
کرتنه	kartana
کرتوما	kartūmā
کرته	karta
کرتی	kurtī
کرتینه	kartīna
کرث	kars̤
کرج	karj
کرج	karaj
کرجفو	karjafū
کرجن	kurjan
کرجی	karajī
کرجی	kurrajī
کرچه	kircha
کرخ	karḵẖ
کرخت	karaḵẖt
کرختگی	karaḵẖtagī
کرخی	hkarḵẖī
کرد	kard
کردا	kardā
کرداد	kardād
کردار	kirdār
کردانیدن	kardānīdan
کردر	kardar
کردستان	kurdistān
کردک	kirdak
کردگار	kirdigār
کردگر	kardgar
کردن	kardan
کردنگ	kardang
کردنی	kardanī
کردو	kardū
کردوس	kurdūs
کرده	karda
کردی	kurdī
کردیدة	kirdīdat
کردیلن	kardailin
کرز	kurz
کرز	karz
کرزمان	karzamān
کرزن	karzan
کرزه	karza
کرس	kirs
کرسان	karsān
کرسب	karasb
کرستوان	karastwān
کرسف	karasf
کرسف	kursuf
کرسنج	karsanj
کرسنه	karsana
کرسوع	kursū‘
کرسوف	kursūf
کرسه	kurasa
کرسی	kursī
کرسیدن	karsīdan
کرش	karsh
کرشته	kirishta
کرشف	karshaf
کرشمه	kirishma
کرشنه	karshana
کرشونی	karshūnī
کرشه	karsha
کرع	kar‘
کرغ	kurag̱ẖ
کرغست	karg̱ẖast
کرغه	karag̱ẖa
کرفت	kirift
کرفج	karfaj
کرفس	karafs
کرفش	karfash
کرفو	kurfū
کرفه	kirfa
کرک	kark
کرک	kurk
کرکاس	karkās
کرکام	karkām
کرکدن	karkaddan
کرکدی	karkudī
کرکر	karkar
کرکرانک	karkarānak
کرکرک	karkarak
کرکروهن	karkarūhan
کرکره	karkara
کرکرهن	karkarhin
کرکز	karkuz
کرکفیز	karkafīz
کرکم	karkam
کرکما	karkamā
کرکمان	kurkumān
کرکمیسه	karkamīsa
کرکوز	karkūz
کرکوی	karkawī
کرکی	kurkī
کرگ	karg
کرگاه	kar-gāh
کرگدن	kargadan
کرگس	kargas
کرگسار	kargasār
کرگسی	kargasī
کرگه	kar-gah
کرم	karm
کرماء	kuramā’
کرماسیس	kirmāsīs
کرمانشاه	karmān-shāh
کرمانی	kirmānī
کرمائیل	karmā’īl
کرمپیله	kirm-pīla
کرمدانه	kirm-dāna
کرمک	karmak
کرمکار	karam-kār
کرمگستر	karam-gustar
کرمل	kirmil
کرمند	karmand
کرموش	kar-mosh
کرمیخ	kur-meḵẖ
کرن	kuran
کرنا	karnā
کرناتک	karnātak
کرنامه	kar-nāma
کرنای	karranāy
کرنب	karaṃb
کرنب	kurnub
کرنبا	karaṃbā
کرنتینه	karantīna
کرنجو	karanjū
کرند	kurand
کرنگ	kurang
کرنگانی	karangānī
کرنگه	kurangah
کرنه	karna
کرنیا	kurniyā
کرو	karū
کروا	karwā
کروان	karwān
کروانک	karwānak
کروبی	karūbī
کروبیان	karrūbiyān
کروت	kurūt
کروتنه	karautana
کروخ	kurūḵẖ
کروخان	kurūḵẖān
کرور	kurūr
کروز	kurūz
کروش	kurūsh
کروع	kurū‘
کروکر	karūkar
کروم	kurūm
کرون	kurwan
کرونده	karonda
کرونیس	karūnīs
کروه	karwa
کروی	kurawī
کرویا	karwiyā
کرویه	karwiya
کره	karh
کره	kara
کرهاً	karhan
کرهلی	karhalī
کری	karī
کری	kurrá
کریاس	kiryās
کریتونتن	karītūnitan
کریج	karīj
کریر	karīr
کریر	kurīr
کریزه	kurīza
کریزی	kurīzī
کریس	kirīs
کریسه	kirīsa
کریسیدن	kirīsīdan
کریشک	kireshak
کریشنگ	kurīshang
کریص	karīṣ
کریغ	kurīg̱ẖ
کریفتن	kureftan
کریم	karīm
کریما	karīmā
کریمان	karīmān
کریمانه	karīmāna
کریمی	karīmī
کریمیة	karīmīyat
کرینونتن	karīnūnitan
کریودوم	karayūdūm
کریون	karyun
کریه	karīh
کرئی	kura’ī
کز	kaz
کز	kazz
کزابه	kazāba
کزار	kuzār
کزاغ	kuzāg̱ẖ
کزان	kazān
کزانگبین	kazāngubīn
کزاوه	kazāwa
کزبا	kazbā
کزبره	kuzbura
کزبود	kazbūd
کزبه	kazba
کزد	kazd
کزدیدن	kazdīdan
کزردن	kuzardan
کزرة	kuzra
کزطرخون	kazt̤arḵẖūn
کزک	kazak
کزلک	kizlik
کزم	kazm
کزمازج	kizmāzaj
کزن	kazan
کزنده	kazinda
کزنگبین	kazangubīn
کزنی	kaznay
کزو	kazo
کزوا	kazwā
کزوان	kizwān
کزوغ	kazūg̱ẖ
کزوم	kazūm
کزین	kazīn
کژ	kazh
کژابه	kazhāba
کژاته	kazhāta
کژار	kazhār
کژاریدن	kazhārīdan
کژآغند	kazh-āg̱ẖand
کژاوه	kazhāwa
کژبیان	kazh-biyān
کژبین	kazh-bīn
کژپا	kazh-pā
کژدم	kazh-dum
کژدمه	kazhduma
کژرف	kazhraf
کژرنگ	kazh-rang
کژزخمه	kazh-zaḵẖma
کژغا	kazhg̱ẖā
کژغان	kazhg̱ẖān
کژف	kuzhf
کژک	kazhak
کژگا	kazhgā
کژمازون	kazhmāzūn
کژمزاج	kazh-mizāj
کژمژ	kazhmazh
کژمیان	kazh-miyān
کژور	kazhūr
کژوند	kazhwand
کژه	kazha
کژی	kazhī
کژیغ	kazhīg̱ẖ
کژیم	kazhīm
کس	kas
کسا	kasā
کساب	kasābi
کساح	kusāḥ
کساد	kasād
کسادی	kasādī
کسار	kusār
کسارة	kusārat
کساردن	kusārdan
کسارنده	kusāranda
کساسرة	kasāsirat
کسافة	kasāfat
کسان	kasān
کسانه	kasāna
کسائی	kisā’ī
کسب	kasb
کسبت	kisbat
کسبر	kusbar
کسبر	kusbur
کسبره	kusbara
کسبند	kus-band
کسبه	kasaba
کسبی	kasbī
کسپرج	kasparaj
کست	kast
کستج	kustaj
کستر	kastar
کستل	kastal
کستن	kustan
کسته	kusta
کستی	kustī
کستیج	kustīj
کستیمه	kastīma
کستین	kustīn
کسح	kasḥ
کسدا	kasdā
کسر	kasr
کسرات	kasarāt
کسروی	kisrawī
کسریٰ	kasrá
کسستگی	kusistagī
کسط	kust̤
کسع	kas‘
کسف	kasf
کسک	kasak
کسکن	kaskan
کسگر	kasgar
کسل	kusil
کسل	kisl
کسلمند	kasalmand
کسلناک	kasalnāk
کسم	kasm
کسمه	kasma
کسناج	kasnāj
کسنک	kisnak
کسوتگری	kiswat-garī
کسود	kiswad
کسور	kasūr
کسوف	kusūf
کسون	kasūn
کسوه	kaswa
کسه	kasa
کسی	kasī
کسی	kusá
کسیختن	kusīḵẖtan
کسیدا	kasīdā
کسیر	kasīr
کسیرو	kaserū
کسیره	kusaira
کسیس	kasīs
کسیف	kasīf
کسیفه	kasīfa
کسیقون	kasīqūn
کسیل	kusel
کسیلا	kasīlā
کسیله	kasaila
کش	kash
کشا	kashā
کشاح	kishāḥ
کشاخل	kushāḵẖal
کشاد	kushād
کشادگی	kushādagī
کشادن	kushādan
کشاده	kushāda
کشاف	kishāf
کشاک	kashāk
کشاکش	kash-ā-kash
کشامرة	kashāmirat
کشان	kashān
کشانی	kashānī
کشانیدن	kashānīdan
کشاورز	kashāwarz
کشاورزی	kashāwarzī
کشایانیدن	kushāyānīdan
کشایش	kushāyish
کشاینده	kushāyanda
کشت	kasht
کشتار	kushtār
کشتاو	kashtāv
کشتاور	kishtāwar
کستره	kushtara
کشتک	kushtak
کشتکار	kisht-kār
کشتکاری	kisht-kārī
کشتگان	kushtagān
کشتگی	kushtagī
کشتگیر	kushti-gīr
کشتمان	kishtmān
کشتن	kishtan
کشتنی	kushtanī
کشتو	kashtū
کشتوک	kashtūk
کشته	kashta
کشتی	kashtī
کشتیبان	kashtībān
کشح	kashḥ
کشخ	kashaḵẖ
کشخان	kashḵẖān
کشخر	kushḵẖar
کشخرما	kush-ḵẖurmā
کشدانگ	kashdānag
کشر	kashr
کشرة	kishrat
کشسه	kushsa
کشش	kashish
کشط	kasht̤
کشف	kashf
کشف	kashaf
کشفی	kashfī
کشک	kashk
کشکاب	kashkāb
کشکاو	kashkāv
کشکبا	kashk-bā
کشکدار	kushk-dār
کشکرک	kashkrak
کشکزن	kashk-zan
کشکشان	kashkashān
کشکک	kashkak
کشکل	kashkul
کشکله	kashkala
کشکنجیر	kashkanjīr
کشکنه	kashkina
کشکو	kashkū
کشکول	kashkūl
کشکین	kashkīn
کشم	kashm
کشمان	kishmān
کشمر	kishmar
کشمش	kishmish
کشمشی	kishmishī
کشمکش	kash-ma-kash
کشمند	kishmand
کشمور	kashmūr
کشمیده	kashmīda
کشمیر	kashmīr
کشمیری	kashmīrī
کشمیهن	kashmaihan
کشنج	kashnaj
کشنجیر	kashanjīr
کشندگی	kushandagī
کشند	kushand
کشنده	kashanda
کشنک	kishnak
کشنگ	kashang
کشنه	kashna
کشنی	kashnī
کشنیج	kishnīj
کشنیز	kishnīz
کشواد	kishwād
کشوبا	kashūbā
کشوث	kushūs̤
کشوح	kashūḥ
کشود	kashwad
کشودن	kushūdan
کشوده	kushūda
کشور	kishwar
کشورز	kishwarz
کشورزیان	kishwarziyān
کشوف	kashūf
کشوفتن	kushūftan
کشوفا	kashūnā
کشه	kasha
کشی	kashī
کشیخان	kashīḵẖān
کشیخانی	kashīḵẖānī
کشید	kashīd
کشیدگی	kashīdagī
کشیدن	kashīdan
کشیده	kashīda
کشیدنی	kashīdanī
کشیش	kashīsh
کشیشی	kashīshī
کشیک	kishīk
کشیکچی	kishīkchī
کصنیثون	kaṣnīs̤ūn
کصیر	kaṣīr
کصیص	kaṣīṣ
کظ	kaz̤z̤
کظاظ	kaz̤āz̤
کظامة	kiz̤āmat
کظر	kaz̤r
کظم	kaz̤m
کظوم	kaz̤ūm
کظیم	kaz̤īm
کعام	ki‘ām
کعب	ka‘b
کعبتین	ka‘batain
کعبده	ka‘bada
کعبه	ka‘ba
کعت	ka‘t
کعک	ka‘k
کعم	ka‘m
کعوب	ku‘ūb
کعیت	ku‘ait
کغاله	kag̱ẖāla
کف	kaf
کف	kaff
کفا	kaf’
کفاة	kufāt
کفار	kaffār
کفاف	kafāf
کفالة	kafālat
کفانه	kafāna
کفانیدن	kafānīdan
کفایتی	kifāyatī
کفت	kaft
کفتا	kaftā
کفتار	kaftār
کفتر	kaftar
کفتری	kaftarī
کفتگی	kaftagī
کفتن	kaftan
کفتور	kaftūr
کفته	kafta
کفجول	kafjūl
کفچ	kafch
کفچالیز	kafchālez
کفچک	kafchak
کفچل	kafchal
کفچلیز	kafchalez
کفچلیزک	kafchalezak
کفچلیزه	kafchaleza
کفچوک	kafchūk
کفچه	kafcha
کفح	kafḥ
کفر	kafr
کفرا	kufrā
کفران	kufrān
کفری	kufrī
کفسگ	kafasg
کفش	kafsh
کفشکی	kafshakī
کفشگ	kafashg
کفشگر	kafshgar
کفشن	kafshan
کفشیر	kafshīr
کفک	kafk
کفک	kafak
کفگوگ	kafgūg
کفل	kafl
کفلاء	kufalā’
کفلگاه	kafal-gāh
کفلیز	kaflez
کفن	kafn
کفنج	kafanj
کفؤ	kafu’
کفور	kafūr
کفوف	kafūf
کفی	kufá
کفیار	kafyār
کفیح	kafīḥ
کفیدن	kafīdan
کفیده	kafīda
کفیز	kafīz
کفیل	kafīl
کفین	kafīn
کک	kak
ککا	kakā
ککچه	kakcha
ککری	kakrī
ککژ	kakizh
ککمک	kakmak
ککه	kaka
کل	kal
کل	kall
کلأ	kala’
کلا	kalā
کلاءة	kilā’at
کلاب	kalāb
کلابتون	kalābatūn
کلابه	kalāba
کلابیه	kulābiya
کلاپیسه	kalāpesa
کلات	kalāt
کلاته	kalāta
کلاج	kulāj
کلاجک	kalājak
کلاجو	kalājū
کلاجود	kalājūd
کلاجه	kalāja
کلاخ	kalāḵẖ
کلاذه	kalāẕa
کلار	kalār
کلاری	kalārī
کلاژ	kalāzh
کلاژاره	kalāzhāra
کلاژکه	kalāzhaka
کلاژه	kalāzha
کلاسه	kalāsa
گلاش	kalāsh
کلاشخانه	kalāsh-ḵẖāna
کلاشک	kalāshak
کلاشکن	kalāshkan
کلاشکه	kalāshaka
کلاغ	kalāg̱ẖ
کلاغچه	kalāg̱ẖcha
کلافه	kalāfa
کلاک	kalāk
کلاکار	kallā-kār
کلاکموش	kalāk-mūsh
کلاگر	kalāgar
کلال	kalāl
کلاله	kulāla
کلالیب	kalālīb
کلالیوه	kalālīwa
کلام	kalām
کلان	kalān
کلانتر	kalāntar
کلانی	kalānī
کلاو	kalāv
کلاور	kalāwar
کلاوو	kalāwū
کلاوه	kalāwa
کلاه	kulāh
کلاهو	kalāhū
کلاهور	kalāhūr
کلاهون	kalāhūn
کلب	kalb
کلب	kalab
کلبا	kalbā
کلباسو	kalbāsū
کلبتان	kalbatāni
کلبد	kulbad
کلبسو	kalbasū
کلبک	kulbak
کلبه	kulba
کلبی	kalbī
کلپ	kalp
کلپتره	kalpatra
کلة	kallat
کلتان	kaltān
کلتبان	kaltabān
کلته	kalta
کلثوم	kuls̤ūm
کلج	kilj
کلج	kalaj
کلجان	kaljān
کلجه	kulaja
کلچ	kalch
کلچکاد	kalchakād
کلچنگ	kulachang
کلچه	kulcha
کلح	kilḥ
کلخ	kulḵẖ
کلخان	kal-ḵẖān
کلخچ	kalaḵẖch
کلخن	kalḵẖan
کلد	kald
کلده	kalda
کلز	kils
کلس	kils
کلسرا	kalsirā
کلسیا	kalisiyā
کلع	kal‘
کلعند	kul‘und
کلغر	kalg̱ẖar
کلغی	kalag̱ẖī
کلف	kalaf
کلف	kilf
کلفت	kalaft
کلفخشنگ	kalfaḵẖshang
کلک	kalk
کلکته	kalkatta
کلکزو	kalkazū
کلکلان	kulkullān
کلکلانج	kalkalānij
کلکله	kulkula
کلکلیچه	kilkilīcha
کلکم	kalkam
کلکیس	kalkīs
کلکینه	kulkīna
کلگی	kalgī
کلل	kalal
کلم	kalm
کلم	kalam
کلما	kalmā
کلما	kullamā
کلمات	kalimāt
کلمة	kalimat
کلمتین	kalimatain
کلمرغ	kalmurg̱ẖ
کلموژ	kalmūzh
کلن	kulan
کلنبه	kuluṃba
کلنج	kilanj
کلنجار	kilinjār
کلنجر	kilanjar
کلنجری	kalinjarī
کلنجک	kilanjak
کلندر	kalandar
کلندن	kulandan
کلنده	kalanda
کلندی	kalandī
کلندیدن	kalandīdan
کلنک	kalink
کلنکک	kilnakak
کلنکی	kulankī
کلنگ	kilang
کلنه	kulna
کلو	kulo
کلوء	kalū’
کلوا	kalwā
کلوب	kulūb
کلوب	kallūb
کلوبنده	kulūbanda
کلوته	kulota
کلوج	kalūj
کلوچ	kuloch
کلوچیدن	kulochīdan
کلوح	kulūḥ
کلوخ	kulūḵẖ
کلور	kalūr
کلوز	kulūz
کلوس	kulūs
کلوک	kalok
کلول	kulūl
کلوم	kulūm
کلوند	kalwand
کلونده	kalwanda
کلوی	kuloy
کلوید	kalwīd
کله	kala
کلهری	kalahrī
کلهگوشه	kulah-gosha
کلهم	kullu-hum
کلی	kaly
کلی	kalī
کلی	kullī
کلیا	kilyā
کلیات	kulyāt
کلیاس	kilyās
کلیانی	kilyānī
کلیاوه	kalyāwa
کلیب	kalīb
کلیة	kulyat
کلیج	kalīj
کلیچ	kalīch
کلیچه	kalīcha
کلیدان	kalīdān
کلیدانه	kilīdāna
کلیز	kalīz
کلیزدان	kalīzdān
کلیزه	kalīza
کلیسا	kalīsā
کلیک	kalīk
کلیکان	kalīkān
کلیکی	kalīkī
کلیل	kalīl
کلیم	kalīm
کلیواج	kalewāj
کلیون	kulyūn
کم	kam
کما	kamā
کمابیش	kam-ā-besh
کماٴة	kam’at
کماج	kumāj
کماخ	kamāḵẖ
کماد	kimād
کمادریوس	kamādaryūs
کمار	kamār
کماره	kamāra
کماریدن	kamārīdan
کماس	kamās
کماسه	kamāsa
کماسی	kamāsī
کماش	kamāsh
کماشیر	kamāshīr
کمافیطس	kamāfīt̤us
کمال	kamāl
کمالات	kamālāt
کمالکمی	kamāl-kamī
کماله	kumāla
کمنالیة	kamālīyat
کمالیون	kamāliyūn
کمام	kimām
کمان	kāmān
کمانچه	kamāncha
کماندار	kamān-dār
کمانداری	kamān-dārī
کماندان	kamāndān
کمانساز	kamān-sāz
کمانکش	kamān-kash
کمانگر	kamāngar
کمانگری	kamāngarī
کمانه	kamāna
کمانی	kamānī
کماٴه	kam’ah
کماهه	kumāha
کماهی	kamā-hiya
کمای	kumāy
کمایش	kamāyish
کمایوک	kumāyūk
کمبار	kambār
کمبها	kam-bahā
کمپا	kam-pā
کمپای	kam-pāy
کمپایه	kam-pāya
کمپیر	kam-pīr
کمتر	kamtar
کمترین	kamtarīn
کمچه	kamcha
کمح	kamḥ
کمخ	kamḵẖ
کمخا	kamḵẖā
کمخاب	kamḵẖāb
کمخت	kumaḵẖt
کمخوری	kam-ḵẖẉurī
کمد	kamd
کمر	kamr
کمر	kamar
کمرا	kamrā
کمراه	kam-rāh
کمردون	kamardūn
کمرک	kamrak
کمره	kamra
کمریا	kamriya
کمزدن	kam-zadan
کمزده	kam-zada
کمست	kamast
کمسک	kamask
کمش	kamsh
کمع	kam‘
کمک	kumak
کمکام	kamkām
کمکم	kam-kam
کمکی	kumakī
کملا	kamal-an
کملکان	kamalkān
کمله	kamla
کملی	kamlī
کممة	kimamat
کمنام	kam-nām
کمنجه	kamanja
کمند	kamand
کمون	kamūn
کمونها	kumūn-hā
کمونی	kammūnī
کمه	kama
کمه	kumh
کمهری	kamuhrī
کمی	kamī
کمیاب	kam-yāb
کمیابی	kam-yābī
کمیة	kammīyat
کمیت	kumait
کمیچه	kamecha
کمیخت	kumīḵẖt
کمید	kamīd
کمیدن	kamīdan
کمیزدان	kumīzdān
کمیزیدن	kumīzīdan
کمیژه	kamīzha
کمین	kamīn
کمینساز	kamīn-sāz
کمینگاه	kamīn-gāh
کمینگی	kamīnagī
کمینه	kamīna
کن	kan
کن	kun
کناب	kināb
کنابد	kanābad
کناج	kanāj
کناد	kanād
کنادار	kannādār
کناره	kanāra
کناری	kinārī
کنارین	kanārīn
کناز	kanāz
کناس	kinās
کناسة	kunāsat
کناسی	kannāsī
کناغ	kunāg̱ẖ
کنافه	kunāfa
کناک	kanāk
کنان	kunān
کنانة	kinānat
کنانه	kanāna
کنانیدن	kunānīdan
کنائس	kanā’is
کنب	kaṃb
کنب	kuṃb
کنبانیدن	kaṃbānīdan
کنبدانه	kanab-dāna
کنبور	kaṃbūr
کنبوره	kaṃbūra
کنبوریدن	kaṃbūrīdan
کنبه	kanaba
کنبوزه	kaṃboza
کنبهن	kiṃbahn
کنبیدن	kaṃbīdan
کنبیزه	kuṃbīza
کنة	kannat
کنت	kint
کنتو	kinatū
کنج	kanj
کنجار	kunjār
کنجایش	kunjāyish
کنجد	kunjud
کنجدک	kunjudak
کنجر	kinjar
کنجک	kanjak
کنجل	kunjul
کنجلک	kunjulak
کنجور	kunjūr
کنجه	kunja
کنجید	kunjīd
کنجیده	kunjīda
کنچه	kuncha
کنخ	kanaḵẖ
کنخت	kanaḵẖt
کند	kand
کنداگر	kandāgar
کنداگری	kandāgarī
کندامویه	kundāmoya
کنداواله	kundāwāla
کنداور	kundāwar
کنداوری	kundāwarī
کندر	kandar
کندرک	kundurak
کندروج	kundarūj
کندروش	kandarūsh
کندره	kandara
کندز	kun-diz
کندس	kindis
کندس	kundus
کندسه	kundusa
کندش	kundush
کندک	kundak
گندگ	kandag
کندگی	kandagī
کندمند	kandmand
کندن	kandan
کندواله	kundwāla
کندوج	kandūj
کندور	kundūr
کندوره	kandūra
کندوری	kandūrī
کندوز	kundoz
کندوش	kandosh
کندوک	kundūk
کندوله	kundūla
کندویدستر	kundwīdastar
کنده	kanda
کندی	kandī
کندیدن	kandīdan
کندیل	kindīl
کنر	kanar
کنز	kanz
کنز	kanaz
کنزا	kanzā
کنس	kans
کنستو	kanastū
کنش	kansh
کنش	kanish
کنشت	kunisht
کنشتو	kanashtū
کنشتوک	kanashtūk
کنشک	kinishk
کنشگار	kunish-gār
کنشن	kunishn
کنشو	kanshū
کنظ	kanz̤
کنع	kin‘
کنعال	kan‘āl
کنعان	kan‘ān
کنعانی	kan‘ānī
کنغ	king̱ẖ
کنغال	king̱ẖāl
کنغاله	kang̱ẖāla
کنف	kanf
کنف	kanaf
کنفال	kinfāl
کنفة	kanafat
کنفث	kunfus̤
کنفرة	kinfirat
کنفکان	kun-fa-kān
کنفلیل	kanfalīl
کنک	kank
کنکاج	kinkāj
کنکلک	kunkalk
کنکوس	kankūs
کنگ	kang
کنگاب	kangāb
کنگاله	kangāla
کنگر	kangar
کنگران	kangarān
کنگره	kingira
کنگری	kangarī
کنلیسه	kanlīsa
کنند	kanand
کننده	kananda
کنو	kanw
کنود	kanūd
کنور	kanūr
کنوز	kunūz
کنوش	kanūsh
کنوع	kunū‘
کنون	kanūn
کنونه	kunūna
کنه	kunh
کنه	kanah
کنها	kunhā
کنهور	kanahwar
کنهورة	kanahwarat
کنیٰ	kuná
کنیا	kanyā
کنیب	kunīb
کنیت	kunet
کنیر	kanīr
کنیز	kanīz
کنیزک	kanīzak
کنیزگی	kanīzagī
کنیزی	kanīzī
کنیسا	kanīsā
کنیش	kunīsh
کنیف	kanīf
کو	kav
کواده	kiwāda
کواذب	kawāẕib
کوار	kawār
کوارث	kawāris̤
کوارون	kuwārūn
کواره	kawāra
کواز	kawāz
کوازه	kawāza
کواژ	kawāzh
کواژه	kawāzha
کواس	kuwās
کواسب	kawāsib
کواسر	kawāsir
کواسمه	kuwāsama
کواسه	kuwāsa
کواسیمه	kuwāsīma
کواش	kuwāsh
کواشمه	kuwāshama
کواشه	kuwāsha
کواشیر	kawāshīr
کواشیمه	kuwāshīma
کواعب	kawā‘ib
کواغذ	kawāg̱ẖiẕ
کوافر	kawāfir
کواکب	kawākib
کوالف	kawālif
کوانین	kawānīn
کواوم	kū’ūm
کوایم	kū’īm
کوب	kaub
کوب	kob
کوبان	kobān
کوبانیدن	kobānīdan
کوبة	kaubat
کوبجی	kūbijī
کوبکو	kū-ba-kū
کوبل	kūbal
کوبن	koban
کوبه	koba
کوبیازه	kobyāza
کوبیدن	kobīdan
کوبین	kobīn
کوپ	kūp
کوپار	kūpār
کوپاژه	kūpāzha
کوپال	kūpāl
کوپل	kūpal
کوپه	kūpa
کوت	kūt
کوت	kot
کوتار	kotār
کوتالان	kūtālān
کوتالچی	kūtālchī
کوتاه	kotāh
کوتاهانه	kotāhāna
کوتاهی	kotāhī
کوتک	kūtak
کوتل	kūtal
کوتلان	kūtalān
کوتنگ	kotang
کوتوال	kotwāl
کوتوالی	kotwālī
کوتوله	kūtūla
کوته	kotah
کوتهی	kotahī
کوتینا	kotīnā
کوثر	kaus̤ar
کوج	kawaj
کوچ	koch
کوچال	kūchāl
کوچانیدن	kochānīdan
کوچک	kūchak
کوچکتر	kūchaktar
کوچکی	kūchakī
کوچکین	kūchakīn
کوچگاه	koch-gāh
کوچه	kūcha
کوخ	koḵẖ
کوخ	kūḵẖ
کود	kaud
کود	kod
کوداب	kodāb
کودال	kodāl
کودر	kūdar
کودره	kaudara
کودک	kūdak
کودکانه	kūdakāna
کودکه	kūdaka
کودکی	kūdakī
کودگر	kodgar
کودنی	kaudanī
کوده	kūda
کودیان	kūdiyān
کوذر	kūẕar
کوذره	kauẕara
کور	kaur
کوراب	kūrāb
کورابین	kūrābīn
کوراسیه	kūrāsiya
کوراکا	kūrākā
کوران	kūrān
کوربا	kawar-bā
کورت	kūrt
کورچشم	kūr-chashm
کورد	kūrd
کوردستان	kūrdistān
کوردی	kūrdī
کوردیپلوماتیک	kor-dīplomātīk
کوردین	kūrdīn
کورز	kawarz
کورس	kawars
کورسی	kūrsī
کورش	kūrash
کورشبک	kūrshabak
کورشت	kūrisht
کورک	kawark
کورکا	kūrkā
کورکان	kūrkān
کورکش	kūr-kash
کورکه	kūrka
کورگانی	kūrgānī
کورن	kūran
کورنش	kornish
کورنشات	kornishāt
کورنه	kūrana
کورنین	kawarnīn
کوره	kaura
کوری	kaurī
کوز	kauz
کوز	kūz
کوزاوره	kūzāwara
کوزآویز	kūz-āwez
کوزة	kiwazat
کوزدار	kūz-dār
کوزر	kūzar
کوزره	kūzara
کوزستان	kūzistān
کوزش	kūzish
کوزشب	kūzashb
کوزگانی	kūzgāhī
کوزن	kūzan
کوزوره	kūzwara
کوزه	kūza
کوزی	kūzī
کوزینه	kūzīna
کوژانک	kūzhānuk
کوژد	kozhad
کوژنوک	kūzhnūk
کوژه	kūzha
کوس	kaus
کوس	kos
کوسان	kosān
کوست	kawast
کوستن	kostan
کوستو	kawastū
کوسرون	kūsurūn
کوسک	kawisk
کوسه	kosa
کوسیاد	kūsyād
کوش	kavsh
کوشا	koshā
کوشاب	koshāb
کوشاد	kūshād
کوشادن	kūshādan
کوشاسب	kūshāsb
کوشالنگ	kūshālang
کوشان	koshān
کوشش	koshish
کوشک	kūshk
کوشکنجیر	kūshkanjīr
کوشه	kosha
کوشی	koshī
کوشیار	koshyār
کوشیدن	koshīdan
کوع	kau‘
کوغ	kog̱ẖ
کوف	kūf
کوفان	kaufān
کوفت	koft
کوفتر	koftar
کوفتگی	koftagī
کوفتن	koftan
کوفته	kofta
کوفج	kofaj
کوفجان	kofajān
کوفشان	kofshān
کوفه	kūfa
کوفی	kūfī
کوک	kok
کوکا	kaukā
کوکان	kokān
کوکانج	kūkānij
کوکب	kaukab
کوکبا	kaukabā
کوکبة	kaukabat
کوکبه	kaukaba
کوکلتاش	kūkal-tāsh
کوکلک	koklak
کوکما	kokmā
کوکن	kokan
کوکنار	koknār
کوکنک	kokanak
کوکو	kūkū
کوکوار	kūkwār
کوکوز	kūkūz
کوکوه	kaukawa
کوکه	koka
کول	kawal
کولاب	kolāb
کولاج	kūlāj
کولاک	kolāk
کولان	kawalān
کولانج	kūlānj
کولاویان	kūlāwiyān
کولپر	kūlipar
کولجه	kūlaja
کولخ	kolaḵẖ
کولغنچه	kūlg̱ẖuncha
کولک	kolak
کولم	kaulam
کولنج	kūlanj
کولنگ	kolang
کولونل	kolonal
کوله	kola
کولی	kolī
کولیدن	kolīdan
کوم	kaum
کوم	kūm
کوماج	kūmāj
کومدی	komadī
کومر	kūmar
کومش	kūmish
کومک	kūmak
کومه	koma
کون	kaun
کون	kūn
کونام	kūnām
کونج	kawinj
کوندور	kondor
کونده	kawanda
کوندی	kondī
کونستانس	kūnstans
کونسته	kūnasta
کونسر	konsar
کونه	kūna
کونی	kūnī
کونی	kaunī
کونیان	kūnyān
کونیز	kaunīz
کونین	kaunain
کؤود	ka’ūd
کوود	kawūd
کوهامون	kohāmūn
کوهان	kohān
کوهج	kūhij
کوهچه	kohcha
کوهری	kūharī
کوهریدن	kūharīdan
کوهسار	kohsār
کوهستان	kohistān
کوهستانی	kohistānī
کوهکن	koh-kan
کوهل	kūhal
کوهم	kohim
کوهنج	kūhanj
کوهنگ	kohang
کوهه	koha
کوهی	kohī
کوهیج	kūhīj
کوهین	kohīn
کوی	kūy
کویچه	kūycha
کویداش	kūy-dāsh
کویر	kiver
کویز	kawez
کویژ	kawīzh
کویست	kuwīst
کویسته	kawīsta
کویش	kawīsh
کویل	kawel
کوین	kuwīn
کویه	kūya
که	kah
کها	kahā
کهاب	kahāb
کهاری	kuhārī
کهالت	kahālat
کهام	kahām
کهان	kuhhān
کهب	kahb
کهبر	kahbar
کهپیرک	kahparak
کهتاب	kahtāb
کهتر	kihtar
کهتری	kihtarī
کهترین	kihtarīn
کهج	kahj
کهدان	kah-dān
کهر	kahr
کهر	kahar
کهرام	kuhrām
کهربا	kah-rubā
کهربائی	kahrubā’ī
کهرنی	khirnī
کهرم	kuhram
کهره	kahra
کهریز	kahrez
کهزک	kahzak
کهزل	kahzal
کهزه	kahza
کهسار	kuhsār
کهست	kihist
کهستان	kuhistān
کهسته	kuhasta
کهسله	kahsala
کهف	kahf
کهکان	kuh-kān
کهکاهی	kahkāhī
کهکشان	kahkashān
کهگل	kah-gil
کهل	kahl
کهلم	kahlam
کهله	kahla
کهمس	kahmas
کهنبار	kah-aṃbār
کهنج	kuhunj
کهنزه	kahanza
کهنکو	kahankū
کهنگی	kuhnagī
کهنه	kuhna
کهنی	kihnī
کهواره	kahwāra
کهولة	kuhūlat
کهوین	kuhwīn
کهی	kahī
کهیانا	kahyānā
کهیج	kahej
کهیر	kaher
کهیز	kuhez
کهیلا	kahīlā
کهیله	kahīla
کهیم	kahīm
کهین	kihīn
کی	kai
کیا	kiyā
کیاجور	kayājūr
کیاخره	kiyā-ḵẖura
کیاخن	kayāḵẖan
کیاده	kiyāda
کیارا	kayārā
کیارش	kayārash
کیارنگ	kiyārang
کیازند	kiyāzand
کیاغ	kiyāg̱ẖ
کیاگن	kayāgin
کیال	kaiyāl
کیالی	kaiyālī
کیان	kayān
کیان	kiyān
کیانا	kayānā
کیانستانیان	kayānistāniyān
کیانوش	kayānūsh
کیانه	kayāna
کیانی	kayānī
کیانیات	kiyāniyāt
کیانیان	kayāniyān
کیایش	kiyāyish
کیب	kīb
کیبر	kaibur
کیبو	kībū
کیبیدن	kebīdan
کیبیده	kebīda
کیپا	kaipā
کیپا	kīpā
کیپانیدن	kaipānīdan
کیپو	kīpū
کیپه	kīpa
کیت	kīt
کیتو	kītū
کیثه	kīs̤a
کیج	kīj
کیچ	kīch
کیچه	kīcha
کیخ	kīḵẖ
کیخان	kīḵẖān
کیخرس	kaiḵẖurs
کیخسرو	kaiḵẖusrau
کیخسروی	kaiḵẖusrawī
کید	kaid
کیدپا	kaidapā
کیر	kīr
کیرآور	ker-āwar
کیربان	kerbān
کیرة	kiyarat
کیرخ	kīraḵẖ
کیرو	kīrū
کیری	kīrī
کیریان	kīriyān
کیز	kīz
کیس	kais
کیس	kīs
کیست	kīst
کیستار	kīstār
کیستان	kīstān
کیستو	kīstū
کیسر	kesar
کیسک	kīsak
کیسنه	kīsana
کیسو	kaisū
کیسوم	kaisūm
کیسه	kīsa
کیش	kaish
کیشت	kīsht
کیشک	kīshik
کیشن	kīshan
کیع	kai‘
کیغ	kīg̱ẖ
کیغا	kaig̱ẖā
کیغانس	kaig̱ẖānis
کیغباد	kai-g̱ẖubād
کیف	kayaf
کیف	kaif
کیفا	kaifā
کیفال	kīfāl
کیفانیدن	kīfānīdan
کیفتن	kīftan
کیفر	kaifar
کیفسام	kaifasām
کیفما	kaifamā
کیفوس	kaifūs
کیفه	kaifa
کیفی	kaifī
کیفیة	kaifīyat
کیقباد	kaiqubād
کیقبادی	kai-qubādī
کیک	kaik
کیکاوس	kai-kāwus
کیکل	kaikul
کیکو	kīkū
کیکیر	kaikīr
کیگن	kaigan
کیل	kail
کیل	kīl
کیلان	kailān
کیلة	kailat
کیلدار	kail-dār
کیلک	kiyalak
کیلکان	kīlakān
کیلو	kīlū
کیلواس	kīlwās
کیلوس	kailūs
کیله	kīla
کیما	kaimā
کیمال	kīmāl
کیمان	kīmān
کیمخا	kīm-ḵẖā
کیمخت	kīmuḵẖt
کیمختی	kīmuḵẖtī
کیمخواب	kīmḵẖẉāb
کیمس	kaimus
کیموس	kaimūs
کیمونستن	kīmūnistan
کیمیاء	kīmiyā’
کیمیاگری	kīmiyāgarī
کیمیائی	kīmiyā’ī
کین	kain
کین	kīn
کینال	kīnāl
کینده	kaiyanda
کینور	kīnwar
کینونة	kainūnat
کینه	kīna
کیو	kayū
کیوان	kaiwān
کیوانی	kaiwānī
کیود	kayūd
کیوره	kiyūra
کیوس	kayos
کیوغ	kayūg̱ẖ
کیول	kaiyūl
کیومرت	kayūmart
کیون	kuyūn
کیوه	kaiwa
کیه	kiya
کیهج	kaihaj
کیهوئیدن	kīhū’īdan
کیهه	kaiha
کئی	ka’ī
کییه	kīya
گ	g
گاباره	gābāra
گاخواره	gāḵẖwāra
گادن	gādan
گاده	gāda
گاذر	gāẕur
گار	gār
گارنده	gāranda
گاری	gārī
گاز	gāz
گازر	gāzur
گازرک	gāzurak
گازرون	gāzirūn
گازری	gāzurī
گازه	gāza
گازی	gāzī
گاژ	gāzh
گاشاک	gāshāk
گاشتن	gāshtan
گاف	gāf
گاگا	gāgā
گال	gāl
گالبنگ	gāl-bang
گاله	gāla
گلیا	gāliyā
گالیار	gāliyār
گالیبولی	gālībūlī
گلیچه	gālīcha
گلیه	gāliya
گام	gām
گاموس	gāmūs
گامیدن	gāmīdan
گامیش	gāmesh
گان	gān
گانجه	gānja
گانداده	gān-dāda
گانگاه	gān-gāh
گانور	gānūr
گانه	gāna
گانی	gānī
گاواره	gāwāra
گاوبان	gāvbān
گاود	gāwid
گاودی	gāvdī
گاورزه	gāwarza
گاورس	gāwars
گاوزن	gāvzan
گاوشید	gāvshed
گاوک	gāwak
گاوکی	gāwakī
گاوو	gāvū
گاوه	gāwa
گاوهیدن	gāwahīdan
گاوی	gāwe
گاویزن	gāwīzan
گاویش	gāwīsh
گاه	gāh
گاهنگان	gāhangān
گاهو	gāhū
گاهواره	gāhwāra
گاهی	gāhe
گاهیدن	gāhīdan
گاهین	gāhīn
گایان	gāyān
گایستن	gāyistan
گایه	gāya
گائیدن	gā’īdan
گائیده	gā’īda
گب	gab
گباره	gubāra
گببمن	gabibmin
گبر	gabr
گبرکی	gabrakī
گبرگی	gabragī
گبرونت	gabrūnat
گبری	gabrī
گبز	gabz
گبست	gabast
گبنا	gabnā
گبه	gabba
گبها	gabhā
گپ	gap
گپتن	guptan
گت	gut
گترم	gutrum
گته	guta
گج	gaj
گجیل	gajīl
گچ	gach
گچری	gachrī
گچک	gichak
گچکاری	gach-kārī
گچن	gachan
گچی	gachī
گد	gad
گدا	gadā
گداختن	gudāḵẖtan
گداخته	gudāḵẖta
گداد	gudād
گداره	gudāra
گداز	gudāz
گدازان	gudāzān
گدازانیدن	gudāzānīdan
گدازش	gudāzish
گدازشگر	gudāzishgar
گدازنده	gudāzanda
گدازیدن	gudāzīdan
گداش	gudāsh
گداگری	gadāgarī
گدای	gadāy
گدایاد	gadāyād
گدایه	gadāya
گدائی	gadā’ī
گدر	gadr
گدست	gidast
گدک	gadak
گدمن	gadmin
گده	gada
گدیور	gadīwar
گدیه	gidya
گذار	guẕār
گذارا	guẕārā
گذارانیدن	guẕārānīdan
گذاردن	guẕārdan
گذارش	guẕārish
گذارنده	guẕāranda
گذاره	guẕāra
گذاری	guẕāri
گذاریدن	guẕārīdan
گذاشت	guẕāsht
گذاشتن	guẕāshtan
گذاشتنی	guẕāshtanī
گذاشته	guẕāshta
گذاف	guẕāf
گذر	guẕar
گذرا	guẕarā
گذرآب	guẕar-āb
گذران	guẕarān
گذراندن	guẕarāndan
گذربان	guẕarbān
گذرش	guẕarish
گذری	guẕarī
گذریدن	guẕarīdan
گذشت	guẕasht
گذشتگان	guẕashtagān
گذشتن	guẕashtan
گذشته	guẕashta
گر	gar
گرا	garrā
گراد	girād
گرارون	garārūn
گراز	gurāz
گرازان	gurāzān
گرازانیدن	gurāzānīdan
گرازنده	gurāzanda
گرازه	gurāza
گرازیدن	gurāzīdan
گراژیدن	guzāzhīdan
گراس	garās
گراسیدن	girāsīdan
گراشیدن	garāshīdan
گراف	grāf
گرامش	girāmish
گرامیدن	girāmīdan
گران	girān
گرانجان	girān-jān
گرانجانی	girān-jānī
گرانخوار	girān-ḵẖẉār
گراندن	girāndan
گرانمایگی	girān-māyagī
گرانی	girānī
گرانیدن	girānīdan
گرانیده	girānīda
گراوس	garāwus
گراه	girāh
گراهیدن	girāhīdan
گرای	garāy
گرای	garrāy
گرائیدن	girā’īdan
گرباک	gurbāk
گربز	gurbuz
گربزی	gurbuzī
گربگو	gurbagū
گربه	gurba
گرپا	gurpā
گرج	gurj
گرجستان	gurjistān
گرجی	gurjī
گرچ	girach
گرچند	garchand
گرچه	garchi
گرختن	guriḵẖtan
گرد	gard
گردا	gardā
گرداباد	girdābād
گردابش	girdābish
گرداس	gurdās
گرداش	gurdāsh
گرداگرد	gard-ā-gard
گردان	gardān
گرداناد	gardānād
گرداندن	gardāndan
گردانک	gardānak
گردانه	gardāna
گردانی	gardānī
گردانیا	gardāniyā
گردانیدگی	gardānīdagī
گردانیدن	gardānīdan
گردانیده	gardānīda
گردانیه	gardāniya
گرداوا	girdāwā
گرداوژند	gurdāvzhand
گردبان	gardbān
گردبر	girdbur
گردر	gardar
کردش	gardish
گردشنده	girdshanda
گردک	girdak
گردگان	girdgān
گردگی	girdagī
گردمانه	girdmāna
گردن	gardan
گردنا	gardanā
گردناج	gardanāj
گردناک	gardnāk
گردنامه	gird-nāma
گردنان	gardanān
گردنای	gardnāy
گردندگی	gardandagī
گردنکش	gardan-kash
گردنکشی	gardan-kashī
گردنگ	gardang
گردنگل	gardangal
گردنه	gardana
گردنها	gardanhā
گردنی	gardanī
گردو	girdū
گردوار	girdwār
گردواری	girdwārī
گردون	gardūn
گردونچه	gardūncha
گردونه	girdwand
گردونه	gardūna
گرده	garda
گردی	gardī
گردیدن	gardīdan
گردیده	gardīda
گرز	gurz
گرزدمن	garazdamin
گرزدن	gurazdan
گرزش	garzish
گرزم	gurazm
گرزن	garzan
گرزه	garza
گرزیدن	gurazīdan
گرزین	girzīn
گرس	gurs
گرست	garast
گرستن	giristan
گرستودن	garastūdan
گرستون	garastūn
گرسنگی	gursnagī
گرسیان	garsiyān
گرسیوز	garsewaz
گرش	girish
گرشاسب	garshāsb
گرشاسف	garshāsf
گرشسپ	garshasp
گرشمه	girishma
گرفت	girift
گرفتار	giriftār
گرفتاری	giriftārī
گرفتگاه	girift-gāh
گرفتگی	giriftagī
گرفتم	giriftam
گرفتن	giriftan
گرفتنی	giriftanī
گرفته	girifta
گرگ	garg
گرگ	girig
گرگابی	gurgābī
گرگان	gurgān
گرگانج	gurgānj
گرگانی	gurgānī
گرکاو	gurgāv
گرگج	gargaj
گرگر	gargar
گرگن	gargan
گرگنج	garganj
گرگوی	gargoy
گرگی	gurgī
گرگیج	girgīj
گرگین	gargīn
گرگینه	gurgīna
گرم	garm
گرما	garmā
گرمابان	garmābān
گرمابدار	garmāb-dār
گرمابه	garmāba
گرمابی	garmābī
گرماگرم	garm-ā-garm
گرماله	garmāla
گرماوه	garmāwa
گرمائیل	girmā’īl
گرمخانه	garm-ḵẖāna
گرمخیز	garm-ḵẖez
گرمدان	garmdān
گرمران	garm-rān
گرمسیر	garm-ser
گرمش	garmish
گرمک	garmak
گرمگاه	garm-gāh
گرمند	garmand
گرموش	garmosh
گرمه	garma
گرمی	garmī
گرمیت	garmīyat
گرمیخ	gur-meḵẖ
گرمیدانه	garmī-dāna
گرمیدن	garmīdan
گرنج	gurinj
گرنجار	gurinjār
گرنده	gurinda
گرنگ	garang
گرنه	garna
گروانیدن	girwānīdan
گروچه	garūcha
گرور	girwar
گروزه	gurūza
گروس	gurūs
گروغ	gurog̱ẖ
گروگان	giraugān
گروگر	garūgar
گروند	girawand
گروه	guroh
گروهاگروه	guroh-ā-guroh
گروهه	giroha
گروی	girawī
گرویدگی	girawīdagī
گرویدن	girawīdan
گرویده	girawīda
گره	gara
گرهچه	girihcha
گرهک	girihak
گرهکشا	girih-kushā
گری	garī
گریا	giryā
گریال	garyāl
گریان	giryān
گریانی	giryānī
گریانیدن	giryānīdan
گریب	girīb
گریبان	girībān
گربانی	girībānī
گربچ	gurīch
گریختن	gureḵẖtan
گریخته	gureḵẖta
گرید	girīd
گریز	gurez
گریزان	gurezān
گریزاندن	gurezāndan
گریزانیدن	gurezānīdan
گریزنده	gurezanda
گریزی	gurezī
گریزیدن	gurezīdan
گریس	girīs
گریستن	girīstan
گریسنگ	garīsang
گریسه	girīsa
گریسیدن	girīsīdan
گریش	garesh
گریغ	gurīg̱ẖ
گریفتن	gureftan
گریگاه	girī-gāh
گرینده	giryanda
گریو	girīv
گریواره	girīwāra
گریوازه	girewāza
گریوان	girīwān
گریودوم	garayūdūm
گریون	garīwan
گریه	girya
گرئیدن	giri’īdan
گز	gaz
گزا	gazā
گزار	guzār
گزارا	guzārā
گزاردن	guzārdan
گزارده	guzārda
گزارش	guzārish
گزارشگری	guzārishgarī
گزارشن	guzārishn
گزارنده	guzāranda
گزاره	gazāra
گزاریدن	guzārīdan
گزاز	guzāz
گزاستن	guzāstan
گزاشتن	guzāshtan
گزافرنگان	gazāf-rangān
گزافه	gizāfa
گزان	gazān
گزاندازی	gaz-andāzī
گزانیدن	gazānīdan
گزاونگان	gazāwangān
گزاوه	gazāwa
گزای	gazāy
گزایان	gazāyān
گزایستن	guzāyistan
گزاینده	guzāyanda
گزائیدن	gazā’īdan
گزد	guzd
گزر	gazar
گزران	guzarān
گزرد	guzard
گزردن	guzardan
گزره	gazura
گزک	gazak
گزلک	gizlik
گزم	gazm
گزما	gazmā
گزمازک	gazmāzak
گزمه	gazma
گزنبو	gazaṃbū
گزند	gazand
گزندگی	guzandagī
گزنده	gazanda
گزنگبین	gazangubīn
گزنند	gaznand
گزنه	gazna
گزنی	gaznai
گزوان	gazawān
گزود	guzūd
گزی	gazī
گزید	gazīd
گزیدگر	gazīdgar
گزیدگی	gazīdagī
گزیدن	gazīdan
گزیدنی	gazīdanī
گزیده	gazīda
گزیره	guzīra
گزین	gazīn
گزینش	guzīnish
گزیننده	guzīnanda
گزینه	gazīna
گزینی	guzīnī
گزیو	gizīv
گزیه	gizya
گژاژ	guzhāzh
گژدهم	gazhdaham
گژف	gazhf
گژم	guzhm
گژو	gazhū
گژونی	guzhūnī
گژه	gazha
گسار	gusār
گساردن	gusārdan
گشارده	gusārda
گسارندن	gusārandan
گساریدن	gusārīdan
گسانیدن	gusānīdan
گست	gast
گستاخ	gustāḵẖ
گشتاخانه	gustāḵẖāna
گستاخی	gustāḵẖī
گستر	gustar
گستراندن	gustarāndan
گسترانیده	gustarānīda
گستردن	gustardan
گستردنی	gustardanī
گسترده	gustarda
گسترش	gustarish
گستری	gustarī
گستریدن	gustarīdan
گستوان	gustuwān
گسته	gasta
گستهم	gustaham
گستی	gastī
کسختن	gusiḵẖtan
گسستگی	gusistagī
گسل	gusil
گسلانیدن	gusilānīdan
گسله	gusila
گسلیدن	gusilīdan
گسن	gusn
گسنامار	gus-nāmār
گسنده	gusanda
گسنگی	gusnagī
گسنه	gusna
گسنی	gisnī
گسی	gusī
گسیختن	gusīḵẖtan
گسیخته	gusīḵẖta
گسیل	gusīl
گسیلا	gusīlā
گش	gash
گشا	gushā
گشاد	gushād
گشادگی	gushādagī
گشادن	gushādan
گشاده	gushāda
گشادی	gushadī
گشاسب	gushāsb
گشاک	gushāk
گشایانیدن	gushāyānīdan
گشاینده	gashāyanda
گشب	gushb
گشت	gasht
گشتا	gushtā
گشتاشپ	gushtāsp
گشتاسپی	gushtāspī
گشتسب	gushtasb
گشتک	gashtak
گشتگی	gashtagī
گشتن	gashtan
گشته	gashta
گستی	gashtī
گشتیا	gashtiyā
گشسب	gashasb
گشسبی	gashasbī
گشف	gashf
گشنبز	gushn-buz
گشنک	gashanak
گشنه	gushna
گشنی	gushnī
گشنیز	gashnīz
گشود	gushūd
گشودن	gushūdan
گطا	gat̤ā
گفت	guft
گفتا	guftā
گفتار	guftār
گفتاریدن	guftārīdan
گفتان	guftān
گفتگو	guftgū
گفتن	guftan
گفتنی	guftanī
گفته	gufta
گفتی	guftī
گل	gil
گلاب	gilāb
گلابدان	gulābdān
گلابه	gil-āba
گلابی	gulābī
گلاج	gulāj
گلاک	gulāk
گلاگونه	gulāgūna
گلاگین	gul-āgīn
گلال	gulāl
گلاله	gulāla
گلان	gulān
گلاندن	gulāndan
گلانیدن	gulānīdan
گلاوه	gilāwa
گلاه	galāh
گلبار	gulbār
گلبام	gulbām
گلبانگ	gulbāng
گلبت	galbat
گلبدن	gul-badan
گلبرگ	gul-barg
گلبرگه	gulbargah
گلبشکر	gul-ba-shakar
گلبن	gul-bun
گلبنگ	gulbang
گلپایگان	gulpāyagān
گلپرست	gul-parast
گلتراش	gul-tarāsh
گلتنگ	giltang
گلچه	galcha
گلخ	galḵẖ
گلخار	gul-ḵẖār
گلخن	gul-ḵẖan
کلخنی	gul-ḵẖanī
گلخوچه	gulḵẖocha
گلدار	gil-dār
گلدان	guldān
گلدرخت	gul-diraḵẖt
گلدسته	gul-dasta
گلرخ	gul-ruḵẖ
گلرعنا	gul-ra‘nā
گلروی	gul-rūy
گلریز	gul-rez
گلزار	gilzār
گلست	galast
گلستو	gulistū
گلسرخ	gul-surḵẖ
گلسون	gulsūn
گلشاه	gil-shāh
گلشکر	gul-shakar
گلشن	gulshan
گلشو	gilshū
گلشه	gil-shah
گلشهر	gulshahr
گلعذار	gul-‘iẕār
گلغچه	gul-g̱ẖicha
گلغر	gilg̱ẖar
گلغنچه	gul-g̱ẖincha
گلغنده	gulg̱ẖanda
گلغونده	gulg̱ẖūnda
گلغونه	gulg̱ẖūna
گلغیچه	gulg̱ẖīcha
گلف	gulaf
گلفام	gul-fām
گلفشان	gul-fishān
گلفشانی	gul-fishānī
گلفهشنگ	gulfahshang
گلقند	gul-qand
گلک	gulak
گلکار	gil-kār
گلکاری	gil-kārī
گلکامه	gul-kāma
گلکج	gulkaj
گلکنده	gulkunda
گلکوی	gil-kūy
گلکیش	gul-kesh
گلگجه	gul-gaja
گلگشت	gul-gasht
گلگورستان	gul-goristān
گلگون	gul-gūn
گلگوند	gul-gūna
گلگیر	gul-gīr
گلمر	gulmar
گلموژ	galmūzh
گلموش	gulamūsh
گلمیخ	gul-meḵẖ
گلنار	gulnār
گلناری	gulnārī
گلناک	gilnāk
گلنده	gulanda
گلنسرین	gul-nasrīn
گلنگبین	gulangubīn
گلنما	gul-namā
گلوبسته	gulū-basta
گلوچ	gulūch
گلودن	gulūdan
گلوز	galūz
گلوله	gulūla
گلوند	galwand
گلونده	galwanda
گلوه	gulwa
گلهری	galahrī
گلهون	gilhūn
گلی	gilī
گلیچه	gulīcha
گلیگان	gulīgān
گلیگر	gilīgar.
گلیم	gilīm
گلین	gilīn
گلیون	galyūn
گم	gum
گمار	gumār
گمارا	gumārā
گماریدن	gumārīdan
گماشتگی	gumāshtagī
گماشتن	gumāshtan
گماشته	gumāshta
گماشه	gumāsha
گمان	gumān
گمانه	gumāna
گمانی	gumānī
گمانیدن	gumānīdan
گمرا	gamrā
گمراه	gum-rāh
گمراهی	gum-rāhī
گمرک	gumruk
گمره	gum-rah
گمست	gamast
گمنام	gum-nām
گمه	gima
گمیز	gimīz
گمیزیدن	gimīzīdan
گمیژه	gimīzha
گن	gin
گناه	gunāh
گناهان	gunāhān
گناهگار	gunāhgār
گناهگاری	gunāhgārī
گنبد	guṃbad
گنبده	guṃbada
گنبدی	guṃbadī
گنبذ	guṃbāẕ
گنج	ganj
گنجا	gunjā
گنجار	gunjār
گنجاره	ganjāra
گنجانیدن	gunjānīdan
گنجایش	gunjāyish
گننجایشی	gunjāyishī
گنجایه	gunjāya
گنجائی	gunjā’ī
گنجبار	ganj-bār
گنجدار	ganj-dār
گنجر	ganjar
گنجره	ganjara
گنجشک	gunjishk
گنجفه	ganjifa
گنجگاه	ganj-gāh
گنجلنج	gunjulunj
گنخویر	ganjwer
گنجه	ganja
گنجیاب	ganj-yāb
گنجیدن	gunjīdan
گنجیده	gunjīda
گنجیفه	ganjīfa
گنجینه	ganjīna
گند	gand
گندا	gandā
گنداب	gandāb
گندانه	gandāna
گندانیدن	gandānīdan
گندای	gandāy
گندژ	gandizh
گندش	gandish
گندک	gandak
گندگی	gandagī
گندلاش	gandalāsh
گندم	gandum
گندمک	gandumak
گندمه	gandama
گندمی	gandumī
گندن	gandan
گندنا	gandanā
گندو	gandū
گندواله	gandwāla
گندور	gandūr
گنده	ganda
گندیدگی	gandīdagī
گندیدن	gandīdan
گندیده	gandīda
گنر	ganar
گنگ	gang
گنگار	gungār
گنگل	gangal
گنگلاجی	gunglājī
گنگنه	gingina
گنگی	gungī
گنوار	ganwār
گنور	ganūr
گنوره	gunūra
گنه	gunah
گنهگار	gunahgār
گنهگاری	ganahgārī
گنیز	gunīz
گو	gav
گوا	guwā
گواب	gawāb
گواپر	gawāpar
گواچو	guwāchū
گوار	gawār
گوارا	guwārā
گواران	guwārān
گوارانیدن	guwārānīdan
گوارائی	gumārā’ī
گوارش	guwārish
گوارندگی	guwārandagī
گوارنده	guwāranda
گوارون	guwārūn
گواره	gawāra
گواریدن	guwārīdan
گواز	gawāz
گوازیدن	guwāzīdan
گواژه	gawāzha
گواژیدن	gawāzhīdan
گواشتن	guwāshtan
گواشمه	gawāshma
گواشیر	gawāshīr
گواک	guwāk
گوال	guwāl
گوالنده	guwālanda
گوالیار	guwāliyār
کوالیدگی	guwālīdagī
گوالیدن	guwālīdan
گوان	gawān
گوانجی	gawānjī
گوانگل	gū-angul
گواه	guwāh
گواهی	guwāhī
گوائی	guwā’ī
گوبان	gobān
گوبشا	gobashā
گوبلن	goblin
گوبیا	gobiyā
گوپال	gūpāl
گوپان	gopān
گوپیازه	gūpiyāza
گوت	gaut
گوچ	gawach
گوچه	gaucha
گوچی	gauchī
گوداب	gūdāb
گودال	gaudāl
گودر	gaudar
گودرز	gūdarz
گودره	gaudara
گوده	gūda
گودی	godī
گوذاب	gūẕāb
گور	gaur
گوراب	gorāb
گورابه	gorāba
گوران	gaurān
گورب	gorab
گوربان	gorbān
گورجستان	gūrjistān
گورجی	gūrjī
گورد	gaward
گوردین	gordīn
گورس	gūrs
گورستان	goristān
گورک	gūrk
گورگا	gaurugā
گورگانی	gūrgānī
گورگور	gor-gor
گورنش	gūranish
گورنه	gūrna
گورنین	gawarnīn
گوره	gaura
گوری	gorī
گوریل	gorīl
گوز	gauz
گوز	gūz
گوزآب	gauz-āb
گوزاز	gūzāz
گوزبان	gozbān
گوزد	gauzad
گوزده	gūzada
گوزستان	gauzistān
گوزغه	gauzag̱ẖa
گوزک	gūzak
گوزگانی	gūzgānī
گوزن	gawazn
گوزنج	gau-zanaḵẖ
گوزنه	gūzana
گوزه	goza
گوزهر	gawizˌhar
گوزی	gūzī
گوزیدن	gūzīdan
گوزینه	gauzīna
گوژاب	gozhāb
گوژده	gūzhada
گوژگانی	gūzhgānī
گوژه	gozha
گوسپند	gospand
گوسفند	gosfand
گوش	gosh
گوشاسب	gūshāsb
گوشاب	goshāb
گوشان	goshān
گوشانه	goshāna
گوشت	gosht
گوشتاب	gosh-tāb
گوشتابه	gosht-āba
گوشتاسپ	gūshtāsp
گوشتکوب	gosht-kob
گوشتمند	goshtmand
گوشتین	goshtīn
گوشجات	goshajāt
گوشچی	goshchī
گوشدار	gosh-dār
گوشداری	gosh-dārī
گوشدریده	gosh-darīda
گوشزد	gosh-zad
گوشک	goshak
گوشمال	gosh-māl
گوشماهی	gosh-māhī
گوشوار	goshwār
گوشه	gosha
گوشی	goshī
گوشیار	goshyār
گوشیدن	goshīdan
گوف	gūf
گوگ	gog
گوگار	gūgār
گوگردانک	gū-gardānak
گوگه	goga
گول	gaul
گولاج	golāj
گولاد	gūlād
گولاک	gūlāk
گولان	gaulān
گولانج	golānj
گولبند	gol-band
گولحاج	gol-ḥāj
گولخ	golaḵẖ
گولر	gūlar
گولغنچه	gūlg̱ẖuncha
گولک	golak
گولنداز	golandāz
گولندازی	golandāzī
گوله	gola
گولی	golī
گولیدن	gūlīdan
گوم	gom
گوما	gūmā
گومتی	gūmtī
گومچه	gūmcha
گومست	gaumist
گومش	gūmish
گومشون	gūmashūn
گومن	gūman
گومه	goma
گون	gawan
گونا	gūnā
گوناب	gūnāb
گوناگون	gūn-ā-gūn
گوناگونی	gūnāgūnī
گونجی	guwinjī
گونسته	gūnasta
گونند	gūnand
گونه	gūna
گونهان	gonhān
گونیا	gūnyā
گوه	gūh
گوهدان	gūhdān
گوهران	gauharān
گوهراندوز	gauhar-andoz
گوهرستان	gauharistān
گوهرکش	gauhar-kash
گوهرگر	gauhargar
گوهری	gauharī
گوهریدن	gauharīdan
گوهین	gūhīn
گویاک	goyāk
گویان	goyān
گویائی	goyā’ī
گویر	gawer
گویز	gawīz
گویس	gawīs
گویستن	gawestan
گویسته	gawesta
گویسه	gawīsa
گویش	gawīsh
گویک	gūyak
گویندگان	goyandagān
گویندگی	goyandagī
گوینده	goyanda
گویه	gūya
گویی	goyī
گه	gah
گهان	gihān
گهبار	gahbār
گهر	gahar
گهربفت	guhar-baft
گهرها	guhar-hā
گهری	guharī
گهری	g̱ẖarī
گهزن	gahzan
گهله	gahla
گهن	guhn
گهنبار	gahaṃbār.
گهوارگی	gahwāragī
گهواره	gahwāra
گهولی	gahūlī
گهولیدن	gahūlīdan
گهی	gahe
گی	gai
گیا	giyā
گیاخن	gayāḵẖun
گیارنگ	giyārang
گیازار	giyāzār
گیاغ	giyāg̱ẖ
گیاه	gīyāh
گیاهان	giyāhān
گیبر	gaibur
گیپا	gīpā
گیپائی	gīpā’ī
گیت	gīt
گیتی	gītī
گیثی	gīs̤ī
گیج	gīj
گیجیده	gījīda
گید	gīd
گیدی	gīdī
گیر	gīr
گیرا	gīrā
گیراندن	gīrāndan
گیرای	gīrāy
گیرائی	gīrā’ī
گیرخ	gīraḵẖ
گیرش	gīrish
گیرفتن	gīriftan
گیرم	gīram
گیرنده	gīranda
گیرنگ	gīrang
گیروج	gīrūj
گیروی	gīrūy
گیره	gīra
گیری	gīrī
گیریان	gīryān
گیز	gīz
گیسوان	gesuwān
گیسینه	gesīna
گیش	gesh
گیلاس	gīlās
گیلاسی	gīlāsī
گیلان	gīlān
گیلانات	gīlānāt
گیلانی	gīlānī
گیلدارو	gīl-dārū
گیلک	gelak
گیلو	gīlū
گیله	gīla
گیلی	gelī
گیمیا	gīmyā
گین	gīn
گینه	gīna
گیو	gev
گیور	gīwar
گیوگان	gevgān
گیوم	giyom
گیومرت	gayūmart
گیوه	gewa
گیه	giyah
گیها	giyahā
گیهان	gaihān
گیهه	gīha
ل	l
ل	la
لا	lā
لاب	lāb
لابة	lābat
لابث	lābis̤
لابدی	lā-buddī
لابس	lābis
لابن	lābin
لابراتوار	lābrātwār
لابه	lāba
لابیدن	lābīdan
لات	lāt
لاتب	lātib
لاتعد	lā-tu‘add
لاتو	lātū
لاثم	lās̤im
لاج	lāj
لاجوق	lājūq
لاچ	lāch
لاچی	lāchī
لاچین	lāchīn
لاحد	lāḥid
لاحق	lāḥiq
لاحم	lāḥim
لاخ	lāḵẖ
لاخراج	lā-ḵẖarāj
لاخه	lāḵẖa
لاخیز	lāḵẖez
لاد	lād
لادغ	lādig̱ẖ
لادم	lādim
لادن	lādan
لادنه	lādina
لادوا	lā-dawā
لاده	lāda
لاذة	lāẕat
لاذقیة	lāẕiqīyat
لار	lār
لارجان	lārjān
لارده	lārda
لارنگ	lārang
لارو	lārū
لاروده	lārūda
لاری	lārī
لاریبی	lā-raibī
لازب	lāzib
لازبان	lā-zabān
لازق	lāziq
لازم	lāzim
لازمه	lāzima
لازمی	lāzimī
لازوال	lā-zawāl
لازوردی	lāzuwardī
لاژ	lāzh
لاژورد	lāzhuward
لاژه	lāzha
لاس	lās
لاسخن	lā-suḵẖun
لاسع	lāsi‘
لاسکوی	lāsakwī
لاش	lāsh
لاشریک	lā-sharīk
لاشه	lāsha
لاشیدن	lāshīdan
لاصق	lāṣiq
لاطن	lāt̤in
لاعب	lā‘ib
لاعلاج	lā-‘ilāj
لاعلاجی	lā-‘ilājī
لاعن	lā‘in
لاغ	lāg̱ẖ
لاغر	lāg̱ẖar
لاغری	lāg̱ẖarī
لاغیة	lāg̱ẖiyat
لاغیثه	lāg̱ẖīs̤a
لاغیدن	lāg̱ẖīdan
لاغینه	lāg̱ẖīna
لاف	lāf
لافزن	lāf-zan
لافظة	lāfiz̤at
لافگاه	lāf-gāh
لافی	lāfī
لافیدن	lāfīdan
لافیس	lāfīs
لاقح	lāqiḥ
لاقس	lāqis
لاقیس	lāqīs
لاک	lāk
لاکچه	lākcha
لاکن	lākan
لاکن	lākin
لال	la’āl
لال	lāl
لالا	lālā
لالال	lāla‘‘āl
لالان	lālān
لالس	lālas
لالک	lālak
لالنگ	lālang
لاله	lāla
لالئ	la’āli’
لالی	lālī
لام	lām
لام	la’m
لاما	lāmā
لامان	lāmān
لامانی	lāmānī
لامپ	lāmp
لامة	la’āmat
لامچه	lāmcha
لامحاله	lā-maḥāla
لامخ	lāmiḵẖ
لامذهب	lā-maẕhab
لامس	lāmis
لامشگر	lāmishgar
لامع	lāmi‘
لامک	lāmak
لامکان	lā-makān
لاموت	lā-maut
لامه	lāma
لامی	lāmī
لامیة	lāmīyat
لان	lān
لاندن	lāndan
لانس	lānis
لانه	lāna
لانهایت	lā-nihāyat
لانیدن	lānīdan
لانیس	lānīs
لاو	lāu
لاوار	lāwār
لاوارث	lā-wāris̤
لاوذ	lāwaẕ
لاورشیر	lāwarshīr
لاوک	lāwuk
لاوه	lāwa
لاوی	lāwī
لاویدن	lāwīdan
لاه	lāh
لاهوت	lāhūt
لاهوتی	lāhūtī
لاهور	lāhor
لاهوره	lāhūra
لاهی	lāhī
لاهیجان	lāhījān
لای	lāy
لائح	lā’iḥ
لایحصیٰ	lā-yuḥṣá
لایحل	la-yuḥall
لایستان	lāyistān
لائط	lā’it̤
لایعد	lā-yu‘add
لایعقل	lā-ya‘qil
لائق	lā’iq
لائقانه	lā’iqāna
لائقمند	lā’iqmand
لائقه	lā’iqa
لائقی	lā’iqī
لائم	lā’im
لایموت	lā-yamūt
لاین	lāyin
لاینده	lāyanda
لاینصرف	lā-yanṣarif
لایه	lāya
لائی	lā’ī
لاییدن	lāyīdan
لب	lab
لب	labb
لباٴ	liba’
لباب	labāb
لباث	labās̤
لباچه	labācha
لباد	labād
لباد	labbād
لباده	labāda
لباس	libās
لباسی	labāsī
لباش	labāsh
لباقة	labāqat
لبالب	lab-ā-lab
لبان	labān
لبب	labab
لبة	labbat
لبث	labs̤
لبخند	lab-ḵẖand
لبد	labd
لبریز	lab-rez
لبز	labz
لبس	labs
لبسان	labsān
لبسة	libsat
لبق	labq
لبک	labk
لبلاب	lablāb
لبلب	lablab
لبلبو	lablabū
لبلوس	lab-los
لبن	labn
لبنان	lubnān
لبنج	labanj
لبنگ	labang
لبنه	labna
لینی	labanī
لبوب	lubūb
لبوس	labūs
لبون	labūn
لبوه	labwa
لبه	laba
لبی	labī
لبیاب	labyāb
لبیب	labīb
لبیبة	labībat
لبید	labīd
لبیدن	labīdan
لبیدی	labīdī
لبیذیون	labīẕiyūn
لبیش	labīsh
لبین	labīn
لبینا	labīnā
لپ	lap
لپاچه	lapācha
لپان	lipān
لپچور	lapchūr
لپه	lappa
لت	lat
لت	latt
لتالت	lat-ā-lat
لتب	latb
لتح	lataḥ
لتحان	latḥān
لتر	latar
لتره	latra
لتقه	lutqa
لتک	latak
لتکه	lutka
لتنبار	lataṃbār
لتوب	lutūb
لته	latta
لتین	latīn
لثات	lis̤āt
لثام	lis̤ām
لثغ	las̤g̱ẖ
لثغة	lus̤g̱ẖat
لثق	las̤aq
لثم	las̤m
لج	laj
لج	lujj
لجاج	lajāj
لجاجة	lajājat
لجام	lijām
لجب	lajab
لجة	lajjat
لجز	lajiz
لجف	lajf
لجلاج	lajlāj
لجلج	lajlaj
لجلجة	lajlajat
لجلجه	lajlaja
لجم	lajm
لجوج	lajūj
لجون	lajūn
لجه	lujja
لجی	lajī
لجین	lajīn
لچ	lach
لچک	lachak
لچوچ	luchūch
لچه	lucha
لحاس	laḥḥas
لحاص	laḥāṣ
لجاظ	laḥāz̤
لحاف	liḥāf
لحاق	laḥāq
لحام	liḥām
لحبتان	luḥbatān
لحج	laḥj
لحد	laḥd
لحز	laḥz
لحس	laḥs
لحظ	laḥz̤
لحظی	laḥz̤e
لحق	laḥq
لحقه	laḥaqa
لحک	laḥk
لحم	laḥm
لحمة	laḥmat
لحن	laḥn
لحو	laḥw
لحوق	luḥūq
لحوم	luḥūm
لحیانی	liḥyānī
لحیة	liḥyat
لحیص	laḥīṣ
لحیم	laḥīm
لخ	luḵẖ
لخا	laḵẖā
لخاف	liḵẖāf
لخت	laḵẖt
لختان	laḵẖtān
لخته	laḵẖta
لختی	laḵẖte
لختینه	laḵẖtīna
لختیها	laḵẖte-hā
لخج	laḵẖaj
لخچه	laḵẖchah
لخز	laḵẖz
لخشان	laḵẖshān
لخشش	laḵẖshish
لخشک	laḵẖshak
لخشه	laḵẖsha
لخشیدن	laḵẖshīdan
لحص	laḵẖṣ
لخف	laḵẖf
لخفة	laḵẖfat
لخلخ	laḵẖlaḵẖ
لخلخه	laḵẖlaḵẖa
لخم	laḵẖm
لخن	laḵẖn
لخنیس	laḵẖnīs
لد	ladd
لدام	lidām
لدد	ladad
لدروه	ladrūh
لدم	ladm
لدن	ladn
لدنی	ladunī
لدود	ladūd
لدید	ladīd
لدیس	ladīs
لدیغ	ladīg̱ẖ
لدیم	ladīm
لذات	laẕẕāt
لذاذ	laẕāẕ
لذائذ	laẕā’iẕ
لذة	laẕẕat
لذع	laẕẕat-yāb
لذیذ	laẕ‘
لر	laẕīẕ
لر	lar
لرد	lard
لرز	larz
لرزان	larzān
لرزانا	larzānā
لرزانیدن	larzānīdan
لرزش	larzish
لرزه	larza
لرزی	larzī
لرزیدن	larzīdan
لرس	lars
لرستان	luristān
لرش	larsh
لرک	lurk
لرلر	larlar
لری	larrī
لز	lazz
لزام	lazām
لزج	lazaj
لزگی	lazgī
لزگیها	lazgī-hā
لزم	lazm
لزن	lazn
لزوب	luzūb
لزوجة	luzūjat
لزوق	lazūq
لزوم	luzūm
لزیچه	lazīcha
لزیر	lazīr
لژ	luzh
لژم	lazham
لژن	lazhan
لس	lass
لساس	lusās
لساع	lassā‘
لسان	lisān
لساناً	lisān-an
لسانی	lisānī
لسانیة	lassāniyat
لسب	lasb
لسبت	lasbat
لست	last
لست	lastu
لسع	las‘
لسعة	las‘at
لسن	lasn
لسوره	lasora
لسوق	lusūq
لسیع	lasī‘
لسیق	lasīq
لش	lush
لشتن	lashtan
لشک	lashk
لشکر	lashkar
لشکرستان	lashkaristān
لشکری	lashkarī
لشکه	lashka
لص	laṣṣ
لصاف	laṣāf
لصب	liṣb
لصص	laṣaṣ
لصف	laṣf
لصق	liṣq
لصقی	liṣqī
لصوصة	luṣūṣat
لصوق	luṣūq
لضلاض	laẓlāẓ
لط	lat̤t̤
لطافة	lat̤āfat
لطافتگری	lat̤āfatgarī
لطام	lit̤ām
لطائف	lat̤ā’if
لطائم	lat̤ā’im
لطح	lat̤ḥ
لطخ	lat̤ḵẖ
لطط	lat̤at̤
لطع	lat̤‘
لطف	lat̤f
لطفی	lut̤fī
لطم	lat̤m
لطوخ	lat̤ūḵẖ
لطیف	lat̤īf
لطیم	lat̤īm
لطیمة	lat̤īmat
لظیٰ	laz̤á
لعاب	li‘āb
لعابی	lu‘ābī
لعاق	lu‘āq
لعان	li‘ān
لعب	la‘b
لعبة	la‘bat
لعبتان	lu‘batān
لعبتباز	lu‘bat-bāz
لعبتبازی	lu‘bat-bāzī
لعبگر	la‘bgar
لعج	la‘j
لعس	la‘s
لعط	la‘t̤
لعق	la‘q
لعل	la‘l
لعلستان	la‘listān
لعلع	la‘la‘
لعلعة	la‘la‘at
لعلگر	la‘lgar
لعله	la‘la
لعلی	la‘lī
لعن	la‘n
لعنة	la‘nat
لعوق	la‘waq
لعین	la‘īn
لغ	lag̱ẖ
لغات	lug̱ẖāt
لغاط	lig̱ẖāt̤
لغام	lag̱ẖām
لغام	lug̱ẖām
لغایت	li-g̱ẖāyat
لغب	lag̱ẖb
لغة	lug̱ẖat
لغثون	lug̱ẖs̤ūn
لغد	lag̱ẖd
لغدة	lug̱ẖdat
لغز	lag̱ẖz
لغزان	lag̱ẖzān
لغزانی	lag̱ẖzānī
لغزانیدن	lag̱ẖzānīdan
لغزش	lag̱ẖzish
لغزناک	lag̱ẖznāk
لغزیدن	lag̱ẖzīdan
لغسر	lag̱ẖsar
لغط	lag̱ẖt̤
لغم	lag̱ẖm
لغم	lag̱ẖam
لغو	lag̱ẖw
لغوب	lag̱ẖūb
لغونه	lag̱ẖūna
لغوی	lag̱ẖwe
لف	laff
لفاح	luffāḥ
لفاظ	laffāz̤
لفاظة	lufāz̤at
لفاظی	laffāzī
لفاع	lifā‘
لفت	laft
لفتره	laftara
لفج	lafj
لفجان	lafjān
لفچ	lafch
لفچه	lafcha
لفح	lafḥ
لفظ	lafz̤
لفظاً	lafz̤-an
لفظة	lafz̤at
لفظی	lafz̤ī
لفع	laf‘
لفق	lafq
لفگر	lafgar
لفوح	lafūḥ
لفیظ	lafīẕ
لفیف	lafīf
لق	laq
لق	laqq
لقاء	liqā‘
لقات	laqāt
لقاح	laqāḥ
لقاط	laqāt̤
لقاطة	luqāt̤at
لقاعة	luqqā‘at
لقب	laqab
لقحة	liqḥat
لقس	laqs
لقط	laqt̤
لقع	laq‘
لقف	laqf
لقلاق	laqlāq
لقلق	laqlaq
لقم	laqm
لقمانی	luqmānī
لقن	laqn
لقو	laqw
لقوح	laqūḥ
لقوم	luqūm
لقوماش	laqūmāsh
لقیط	laqīt̤
لقیطة	laqīt̤at
لک	lak
لک	lakk
لکا	lakā
لکات	lakāt
لکاته	lakāta
لکام	lukām
لکام	lakkām
لکامه	lakāma
لکانه	lakāna
لکائی	lakā’ī
لکد	lakd
لکد	lakad
لکز	lakz
لکزن	lakzan
لکع	lak‘
لکک	likak
لکل	likal
لکلک	laklak
لکلکه	laklaka
لکم	lakm
لکن	lakan
لٰکن	lākin
لکنة	luknat
لکنتی	luknatī
لکهن	lak-han
لکین	lukīn
لگ	lag
لگام	ligām
لگلگ	laglag
لگله	lagala
لگن	lagan
لگنچه	lagancha
لگور	lagūr
لله	lala
لله	li-llāh
لم	lam
لما	lamā
لما	la-mā
لماج	lamāj
لماح	lammāḥ
لماز	lammāz
لماظ	lamāz̤
لماع	lammā
لماق	lamāq
لمالم	lam-ā-lam
لمة	lammat
لمتر	lamtur
لمج	lamj
لمح	lamḥ
لمحان	lamaḥān
لمز	lamz
لمزة	lamzat
لمس	lams
لمسک	limisk
لمطر	lamt̤ur
لمظ	lamz̤
لمع	lam‘
لمعات	lama‘āt
لمغان	lamg̱ẖān
لمق	lamq
لمک	lamak
لمم	lamam
لمن	liman
لمنو	lamno
لموس	lamūs
لن	lan
لنبان	laṃbān
لنبک	laṃbak
لنبوس	luṃbos
لنبه	laṃba
لنپا	laṃpā
لنتر	lantar
لنترانی	lantarānī
لنتی	lintī
لنجا	lanjā
لنجان	linjān
لنجه	lanja
لنحیدن	lanjīdan
لند	land
لندا	lundā
لندش	lundish
لندره	landra
لندی	lindī
لندیدن	lundīdan
لنطی	lant̤ī
لنفسه	li-nafsi-hi
لنکران	lankurān
لنز	linz
لنگ	lang
لنگاک	langāk
لنگان	langān
لنگانه	langāna
لنگر	langar
لنگران	langurān
لنگری	langarī
لنگن	langan
لنگوته	lungota
لنگه	langa
لنگی	langī
لنگیدن	langīdan
لو	lav
لواء	liwā’
لواب	luwāb
لواحة	lauwāḥat
لواحظ	lawāḥiz̤
لواحق	lawāḥiq
لواذ	liwāẕ
لواره	lawāra
لواز	lauwāz
لوازم	lawāzim
لواس	lawās
لواش	lawāsh
لواشه	lawāsha
لواط	lauwāt̤
لواطة	liwāt̤at
لواف	lauwāf
لواق	lawāq
لواقح	lawāqiḥ
لوالب	lawālib
لوالو	law-ā-lav
لوام	lauwām
لوامع	lawāmi‘
لواوین	lawāwīn
لوای	liwāy
لوایة	liwāyat
لوائح	liwā’iḥ
لوائم	lawā’im
لوب	laub
لوبا	lūbā
لوبان	lobān
لوبره	lobara
لوبشه	lūbasha
لوبی	lūbī
لوبیا	lūbiyā
لوپ	lūp
لوت	laut
لوت	lot
لوتر	lotar
لوتکه	lūtaka
لوث	laus̤
لوج	loj
لوجیا	lujiyā
لوچ	loch
لوح	lauḥ
لوخ	lūḵẖ
لوخن	loḵẖan
لوده	lauda
لوده	loda
لوذ	lauẕ
لوذع	lauẕa‘
لور	lor
لورا	lorā
لورادر	lorādar
لورستان	loristān
لورک	lorak
لوره	lora
لوری	lorī
لوز	lauz
لوزات	lauzāt
لوزة	lauzat
لوزتان	lauzatān
لوزن	lozan
لوزینج	lauzīnaj
لوژ	lozh
لوس	laus
لوس	los
لوسانه	losāna
لوسیدن	losīdan
لوش	laush
لوشا	loshā
لوشابه	loshāba
لوشاره	loshāra
لوشان	lūshān
لوشانه	loshāna
لوشن	loshan
لوشناک	loshnāk
لوص	lauṣ
لوصة	lauṣat
لوط	laut̤
لوطوس	lut̤ūs
لوطی	lūt̤ī
لوع	lau‘
لوعة	lau‘at
لوغ	lūg̱ẖ
لوغانیدن	lūg̱ẖānīdan
لوغیدن	lūg̱ẖīdan
لوف	lūf
لوفا	lūfā
لوفردیس	lūfardīs
لوقا	lūqā
لوقابین	lūqābīn
لوقة	lauqat
لوقس	lūqis
لوقیون	lūqīyūn
لوک	lauk
لوک	lok
لوکر	lūkar
لوکسامبورغ	lūksāmbūrg̱ẖ
کوکشور	lokishwar
لوکوموتیو	lokomotīv
لوکه	lūka
لوکیدن	lūkīdan
لول	lol
لولا	laulā
لولانچ	lūlānch
لولانک	lūlānak
لولب	laulab
لولبی	laulabī
لولر	laular
لولو	lau-lau
لولوبار	lūlū-bār
لولؤی	lūlu’ī
لوله	lola
لولی	lolī
لولیخانه	lolī-ḵẖāna
لولین	lūlīn
لوم	laum
لومة	laumat
لون	laun
لوند	lawand
لوندره	londra
لونه	launa
لؤوس	la’ūs
لوویا	lūwiyā
لوه	lawa
لوهر	lauhur
لوهنین	lohanīn
لویزه	lawīza
لویش	lawesh
له	lah
له	la-hu
لها	la-hā
لهاب	lihāb
لهاة	lahāt
لهاث	luhās̤
لهار	luhār
لهازم	lahāzim
لهاشم	lahāshum
لهاق	lahāq
لهاک	lahhāk
لهب	lahb
لهبان	lahbān
لهبله	lahbala
لهث	lahs̤
لهج	lahaj
لهد	lahd
لهدا	li-hāẕā
لهر	lahar
لهراسپ	luhrāsp
لهز	lahz
لهزمة	lihzimat
لهس	lahs
لهستان	lahistān
لهف	lahf
لهفتان	luhfatān
لهلهان	lahlahān
لهم	lahm
لهنج	lahanj
لهنه	lahna
لهو	lahw
لهوم	lahūm
لهوی	lahwī
لهی	lihī
لهید	lahīd
لهیف	lahīf
لهیم	lahīm
لی	lai
لی	lī
لی	laiy
لیاذ	liyāẕ
لیاذة	liyāẕat
لیاس	liyās
لیاقة	liyāqat
لیالی	layālī
لیام	liyām
لیان	layān
لیپا	lipā
لیت	lait
لیتک	letak
لیتکان	letakān
لیث	lais̤
لیثرغس	līs̤arg̱ẖus
لیچار	lechār
لیچور	laichūr
لیذیون	līẕiyūn
لیر	ler
لیرد	lerd
لیز	līz
لیزم	lezam
لیزه	līza
لیزیدن	līzīdan
لیس	līs
لیس	laisa
لیسپنه	lespana
لیسش	līsish
لیسیدن	līsīdan
لیسیدنی	līsīdanī
لیط	lait̤
لیع	lai‘
لیغ	leg̱ẖ
لیف	laif
لیف	līf
لیفة	līfat
لیق	laiq
لیقة	laiqat
لیک	lek
لیکک	līkak
لیکن	lekin
لیل	lail
لیلا	līlā
لیلاً	lailan
لئلا	li’allā
لیلاة	lailat
لیلاج	līlāj
لیلج	līlaj
لیلو	līlū
لیلوپر	līlūpar
لیلیٰ	lailá
لیلی	lailī
لیلیا	lailiyā
لیم	līm
لیمو	līmū
لیمون	laimūn
لیمونا	līmūnā
لیمونی	līmūnī
لیمونین	līmūnīn
لیموئی	līmū’ī
لین	lain
لینة	lainat
لینج	līnaj
لینی	līnī
لیو	lev
لیوان	līwān
لیوث	luyūs̤
لیوک	līwak
لیولنک	levlank
لیون	liyūn
لیوه	līwa
لیه	laih
لئیم	la’īm
لئیمان	la’īmān
لییدن	layedan
م	m
ما	mā
ماٴابر	ma’ābir
ماٴی	ma’ī
ماب	ma’āb
مابون	mābūn
مابی	ma’ābī
مابیل	mābīl
مات	māt
ماتح	mātih
ماتع	māti‘
ماتم	mātam
ماتمکده	mātam-kada
ماتمی	mātamī
ماتورنگ	mātūrang
ماٴتیٰ	ma’tá
مآثر	ma’ās̤ir
ماثل	mās̤il
ماٴثم	ma’s̤am
ماٴثمة	ma’s̤amat
ماٴثوم	ma’s̤ūm
ماج	māj
ماٴج	ma’j
ماج	mājj
ماجد	mājid
ماجده	mājida
ماجرا	mā-jarā
ماجریات	mā-jarayāt
ماجن	mājin
ماجو	mājū
ماٴجور	ma’jūr
ماچ	māch
ماچان	māchān
ماچخ	māchiḵẖ
ماچوچه	māchūcha
ماچیدن	māchīdan
ماچین	māchīn
ماحض	māḥiẓ
ماحی	māḥī
ماخ	māḵẖ
ماخاریون	māḵẖāriyān
ماخان	māḵẖān
ماخچی	māḵẖchī
مآخذ	ma’āḵẖiz
ماٴخذ	ma’ḵẖaẕ
ماخرة	māḵẖirat
ماخن	māḵẖan
ماٴخوذ	ma’ḵẖūẕ
ماخوذی	māḵẖūẕī
ماخور	māḵẖūr
ماخولیا	māḵẖoliyā
مآخیر	ma’āḵẖīr
ماد	mād
ماٴد	ma’d
مادب	ma’ādib
مادح	mādiḥ
مادر	mādar
مادر	mādir
مادرندر	mādarandar
مادره	mādira
مادری	mādarī
مادگی	mādagī
مادلن	mādlin
ماده	māda
ماده	mādih
مادگان	mādagān
مادی	māddī
مادیات	māddīyāt
مادیان	mādiyān
مادیة	māddīyat
مادین	mādīn
ماذر	māẕar
ماذریون	māẕariyūn
ماٴذون	ma’ẕūn
مار	mār
ماٴر	ma’r
مارا	mā-rā
ماراب	mārāb
ماران	mārān
ماٴرب	ma’rab
ماربین	mārbīn
مارپلاس	mār-palās
مارتن	mār-tan
مارثون	mārs̤ūn
مارج	mārij
مارد	mārid
ماردین	māridīn
مارسان	mārisān
مارستان	māristān
مارش	mārash
مارض	māriẓ
مارفش	mārfash
مارق	māriq
مارقة	māriqat
مارقشیثا	mārqashīs̤ā
مارگرزه	mār-garza
مارگزیده	mār-gazīda
مارن	mārn
مارن	mārin
مارناک	mārnāk
مارندر	mārandar
مارنه	mārina
مارو	mārū
ماروت	mārūt
ماٴروش	ma’rūsh
ماروغ	mārūg̱ẖ
ماورک	ma’rūk
مارون	mārūn
ماره	māra
ماری	mārī
ماریانه	māriyāna
ماریره	mārīra
ماریکله	mārīkala
ماز	māz
مازار	māzār
مازج	māzij
مازح	māziḥ
مازر	ma’āzir
مازریون	māzaryūn
مازل	māzil
مازن	māzan
مازن	māzin
مازند	māzand
مازنین	māznīn
مازو	māzū
مازون	māzūn
مازه	māza
مازیاره	māziyāra
مازینه	māzīna
ماژ	māzh
ماژدر	māzhdar
ماژدیستان	māzhdīstān
ماژنتا	māzhantā
ماس	mās
ماٴس	ma’s
ماسای	māsāy
ماست	māst
ماستابه	māstāba
ماستو	māstū
ماسح	māsiḥ
ماسحة	māsiḥat
ماٴسدة	ma’sadat
ماسط	māsit̤
ماسک	māsīk
ماٴسو	ma’sūw
ماسوچه	māsūcha
ماسور	māsūr
ماٴسوره	māsūra
ماسی	māsī
ماسیدن	māsīdan
ماش	māsh
ماشاد	māshād
ماشرا	māsharā
ماشرز	māsharz
ماشطة	māshit̤at
ماشقه	māshiqa
ماشو	māshū
ماشوب	māshūb
ماشور	māshūr
ماشوره	māshora
ماشوه	māshūh
ماشه	māsha
ماشی	māshī
ماشیا	māshiyā
ماشیة	māshiyat
ماشین	māshīn
ماشیوه	māshewah
ماص	māṣ
ماص	māṣṣ
ماصدق	mā-s̤adaq
ماصع	māṣi‘
ماضر	māẓir
ماضغه	māz̤ig̱ẖa
ماضوی	māẓawī
ماضی	māẓī
ماطر	māt̤ir
ماطونیون	mātūniyūn
ماعز	mā‘iz
ماعون	mā‘ūn
ماغ	māg̱ẖ
ماغچی	māg̱ẖchī
ماغون	māg̱ẖūn
مافات	mā-fāt
مافه	māfa
ماقت	māqit
ماقط	māqit̤
ماقوت	māqūt
ماقی	māqī
ماکان	mākān
ماکانی	mākānī
ماکر	mākir
ماکسین	mākisīn
مآکل	ma’ākil
ماکو	mākū
ماکول	mākūl
ماٴکول	ma’kūl
ماٴکولات	ma’kūlāt
ماکیان	mākiyān
مآل	ma’āl
مال	māl
مالاغان	mālāg̱ẖān
مالای	mālāy
مالبخش	māl-baḵẖsh
مالپرست	māl-parast
مالته	mālta
مالچ	mālich
مالح	māliḥ
مالخانه	māl-ḵẖāna
مالخولیا	māliḵẖoliyā
مالداده	māl-dāda
مالدار	māl-dār
مالداری	māl-dārī
مالدیهم	mā-ladai-him
مالزم	mā-lazim
مالس	mālus
مالش	mālish
مالشگر	mālishgar
ماطة	mālit̤at
ماٴلف	ma‘laf
مالقة	mālaqat
مالک	mālik
مالکن	mālikān
مالکانه	mālkāna
مالکی	mālikī
مالکیة	mālikīyat
مالگانه	mālgāna
مالمک	mālamk
مالمکا	mālamkā
مالمیز	mālmīz
مالنخ	mālinḵẖ
مالندگی	mālandagī
مالوالی	mālwālī
مالوس	mālūs
ماٴلوف	ma’lūf
مالوفه	ma’lūfa
مالول	mālol
ماٴلوم	ma’lūm
مالوه	mālwa
ماله	māla
مالی	mālī
مالی	ma’ālī
مالیا	māliyā
مالیاتی	māliyātī
مالیخ	mālīḵẖ
مالیدن	mālīdan
مالیده	mālīda
مالیز	mālīz
مالیطرنا	mālīt̤arnā
مام	mām
ماما	māmā
ماماچه	māmācha
مامائی	māmā’ī
مامک	māmak
ماٴمل	ma’mal
ماٴمن	ma’man
ماٴمور	ma’mūr
ماٴموریة	ma’mūrīyat
مامورین	ma’mūrīn
ماٴمول	ma’mūl
ماٴموم	ma’mūm
مامون	māmūn
ماٴمون	ma’mūn
مامونیه	māmūnīya
مامهستان	māmahistān
مامی	māmī
مامیثا	māmīsā
مامید	māmīd
مامیران	māmīrān
مان	mān
ماٴن	ma’n
مانا	mānā
ماناف	mānāf
مانافی	mānāfī
ماٴنة	ma’nat
مانح	māniḥ
ماندریل	māndrīl
ماندگی	māndagī
ماندن	māndan
مانده	mānda
مانستار	mānistār
مانستن	mānistan
مانسته	mānista
مانع	māni‘
مانعات	māni‘āt
مانعیة	māni‘īyat
مانک	mānk
مانمن	mānmin
مانند	mānand
ماننداب	mānandāb
مانندگی	mānandagī
ماننده	mānanda
مانو	mānū
مانورک	mānūrak
مانوس	mānūs
مانوسار	mānūsār
مانوش	mānūsh
مانوف	mānūf
مانوک	mānūk
مانوی	mānawī
مانه	māna
مانی	mānī
مانید	mānīd
مانیدن	mānīdan
مانیده	mānīda
مانیستار	mānīstār
ماٴو	ma’w
ماوب	ma’āwib
ماور	māwar
ماوف	mā’ūf
ماوقه	mā-waqa‘a
ماوی	māwī
ماه	māh
ماها	mā-hā
ماهار	māhār
ماهاما	māhāmā
ماهان	māhān
ماهانه	māhāna
ماهانی	māhānī
ماهتاب	māh-tāb
ماهتابی	māh-tābī
ماهج	māhij
ماهچه	māhcha
ماهد	māhid
ماهر	māhir
ماهرو	māh-rū
ماهروزه	māh-roza
ماهگانه	māh-gāna
ماهلو	māhilū
ماهلوج	māhlūj
ماهن	māhin
ماهناک	māhnāk
ماهو	māhū
ماهواری	māhwārī
ماهوبدانه	māhūbdāna
ماهوبه	māhūba
ماهوت	māhūt
ماهودانه	māhūdāna
ماهور	māhūr
ماهوش	māh-wash
ماٰهول	ma’hūl
ماهول	māhūl
ماهویه	māhūya
ماهه	māha
ماهی	māhe
ماهیابه	māhiyāba
ماهیات	māhiyāt
ماهیار	māhyār
ماهیان	māhiyān
ماهیانه	māhiyāna
ماهیاوه	māhiyāwa
ماهیچه	māhīcha
ماهیچین	māhī-chīn
ماهیز	māhīz
ماهیزاد	māhī-zād
ماهینه	māhīna
مای	māy
ماٴی	ma’y
مایان	māyān
مائة	mī’at
مائت	mā’it
مایتحلل	mā-yataḥallal
مایحتاج	mā-yaḥtāj
مایخوش	māy-ḵẖẉush
مائر	mā’ir
مائس	mā’is
مائع	mā’i‘
مائعات	mā’i‘āt
مائعة	mā’i‘at
مائل	mā’il
مائلتر	mā’iltar
مائن	mā’in
مایندر	māyandar
ماٴیوس	ma’yūs
مایوسی	māyūsī
مایوف	ma’yūf
مایاٴول	mā-ya’ūl
مایون	māyūn
مایه	māya
مائی	mā’ī
مائی	mā’īy
مبا	mubā
مباءة	mabā’at
مباح	mubāḥ
مباحات	mubāḥāt
مباحتة	mubāḥatat
مباحث	mabāḥis̤
مباحثة	mubāḥas̤at
مباحیة	mabāḥīyat
مباخر	mabāḵẖir
مباد	mabād
مبادر	mubādir
مبادرة	mubādarat
مبادی	mabādī
مباذرة	mubāẕarat
مباذل	mabāẕil
مباراة	mubārāt
مبارز	mabāriz
مبارزة	mubārazat
مبارک	mabārik
مبارکة	mubārakat
مبارکی	mubārakī
مبارم	mabārim
مباسلة	mubāsat̤at
مباسلة	mubāsalat
مباسم	mabāsim
مباش	mabāsh
مباشر	mubāshir
مباشرة	mubāsharat
مباضعة	mubāẓa‘at
مباع	mubā‘
مباعدة	mubā‘adat
مباغاة	mubāg̱ẖāt
مباغتة	mubāg̱ẖatat
مباغی	mabāg̱ẖī
مباف	mubāf
مباکرة	mubākarat
مبال	mabāl
مبلاة	mubālāt
مبالغ	mabālig̱ẖ
مبانت	mabānit
مبانی	mabānī
مباهاة	mubāhāt
مباهان	mubāhān
مباهجة	mubāhajat
مباهلة	mubāhalat
مباهی	mubāhī
مبایعة	mubāya‘at
مباینة	mubāyanat
مبت	mubitt
مبتدع	mubtada‘
مبتدی	mubtadī
مبتذل	mubtaẕal
مبتر	mubattar
مبتسم	mubtasim
مبتشر	mubtashir
متتغا	mubtag̱ẖā
مبتغیات	mubtag̱ẖayāt
مبتلا	mubtalā
مبتلیٰ	mubtalá
مبتوته	mabtūtat
مبتهج	mubtahij
مبثوث	mabs̤ūs̤
مبثوثات	mabs̤ūs̤āt
مبثوثة	mabs̤ūs̤at
مبحث	mabḥas̤
مبحر	mubḥar
مبخر	mubaḵẖḵẖar
مبخرة	mabḵẖarat
مبخل	mubaḵẖḵẖal
مبدع	mabda‘
مبدعات	mabda‘āt
مبدل	mubdal
مبدل	mubaddal
مبده	mibdah
مبدئ	mubdi’
مبذر	mubaẕẕir
مبذری	mubaẕẕirī
مبذرین	mubaẕẕirīn
مبذل	mibẕal
مبذول	mabẕūl
مبر	ma-bar
مبر	mubirr
مبرا	mabrā
مبراة	mibrāt
مبرات	mabarrāt
مبرة	mabarrat
مبرح	mubarriḥ
مبرحه	mabraḥa
مبرد	mabrad
مبردة	mabradat
مبرز	mabraz
مبرطش	mubart̤ish
مبرقش	mubarqash
مبرقع	mubarqa‘
مبرک	mabrak
مبرم	mibram
مبرود	mabrūd
مبرور	mabrūr
مبروز	mabrūz
مبروص	mabrūṣ
مبرهن	mubarhan
مبسام	mibsām
مبسط	mabsat̤
مبسم	mabsam
مبسور	mabsūr
میسوط	mabsūt̤
مبشر	mubshar
مبشرات	mubashshirāt
مبشل	mabshal
مبشوش	mabshūsh
مبشول	mabshūl
مبصر	mabṣar
مبصرة	mabṣarat
مبصری	mubṣirī
مبضع	mibẓa‘
مبطان	mibt̤ān
مبطون	mabt̤ūn
مبطئ	mubt̤i’
مبعد	mib‘ad
مبعوث	mab‘ūs̤
مبغض	mubg̱ẖaẓ
مبغوض	mabg̱ẖūẓ
مبغی	mabg̱ẖī
مبقم	mubaqqam
مبکار	mibkār
مبکر	mubkir
مبکی	mubkī
مبل	mubl
مبلج	mublij
مبلد	muballad
مبلط	muballat̤
مبلع	mabla‘
مبلغ	mablag̱ẖ
مبلغی	mablag̱ẖe
مبلل	muballil
مبلوع	mablū‘
مبلوغ	mablūg̱ẖ
مبلول	mablūl
مبلی	mublī
مبنج	mubannaj
مبندق	mubandiq
مبول	mibwal
مبولة	mabwalat
مبهت	mubahhit
مبهم	mubham
مبهن	mabhan
مبهوت	mabhūt
مبهی	mubahhī
مبهیات	mubahkiyāt
مبیت	mabīt
مبیح	mubīḥ
مبید	mubīd
مبیژه	mabīzha
مبیضه	mubaiyiẓa
مبیطر	mubait̤ir
مبیع	mabī‘
مبیعی	mubī‘ī
مبین	mubīn
مبیناد	mabīnād
مپریش	mapresh
مت	mat
متاب	matāb
متابة	matābat
متابد	muta’abbid
متابع	mutābi‘
متابعة	mutāba‘at
متابلة	mutābalat
متاٴبی	muta’abbī
متاٴتی	muta’attī
متاٴثر	muta’as̤s̤ir
متاجر	matājir
متاجرة	mutājarat
متاح	mutāḥ
متاٴحد	muta’aḥḥid
متاٴخر	muta’aḵẖḵẖir
متاٴخرین	muta’aḵẖḵẖirīn
متآخی	muta’āḵẖī
متاٴدی	muta’addī
متاٴذن	muta’aẕẕin
متاٴذی	muta’aẕẕī
متاربة	mutārabat
متاٴرض	muta’arriẓ
متاره	matāra
متاٴزر	muta’azzar
متاسد	muta‘assid
متاٴسف	muta’assif
متاٴسفانه	muta’assifāna
متآسی	muta’āsī
متاٴسی	muta’assī
متاع	matā‘
متاعب	matā‘ib
متاٴکد	muta‘akkad
متالاة	mutālāt
متاٴلف	muta’allif
متاٴلم	muta’allim
متالیات	mutāliyāt
متام	matāma
متاٴمر	muta’ammir
متاٴمل	muta’ammil
متاٴمن	muta’ammin
متانة	matānat
متاٴنس	muta’annis
مناٴنی	muta’annī
متاٴول	muta’auwil
متاٴوه	muta’auwik
متاٴهل	muta’ahhil
متاٴهه	muta’ahhih
متاٴید	muta’aiyid
متبادر	mutabādir
متبادل	mutabādil
متبادله	mutabādila
متبادی	mutabādī
متبار	mutabārr
متبارز	mutabāriz
متبارک	mutabārik
متباری	mutabārī
متباسق	matabāsiq
متباشر	mutabāshir
متباعد	mutabā‘id
متباغض	mutabāg̱ẖiẓ
متباغی	mutabāg̱ẖī
متباکی	mutabākī
متبایع	mutabāyi‘
متباین	mutabāyin
متبتل	mutabattil
متبحر	mutabaḥḥir
متبختر	mutabaḵẖtir
متبخر	mutabaḵẖḵẖir
متبدع	mutabaddi‘
متبدل	mutabaddil
متبدی	mutabaddī
متبذل	mutabaẕẕil
متبر	mutabbar
متبرر	mutabarrar
متبرک	mutabarrak
متبریٰ	mutabarrá
متبسط	mutabassit̤
متبسم	mutabassim
متبصر	mutabaṣṣir
متبطیل	mutabat̤t̤il
متبطن	mutabat̤t̤in
متبع	mutbi‘
متبعل	mutaba‘‘il
متبقل	mutabaqqil
متبل	mutbal
متبلل	mutabillil
متبله	mutaballih
متبن	matban
متبنة	matbanat
متبنگی	mutabannagī
متبنیٰ	mutabanná
متبور	matbūr
متبوع	matbū‘
متبوّع	mutabauwi‘
متبول	mutabauwil
متبهج	mutabahhij
متبهم	mutabahhim
متبین	mutabaiyin
متتابع	mutatābi‘
متتالی	mutatālī
متتبع	mutatabbi‘
متتلی	mutatallī
متتمم	mutatammim
متتوج	mutatauwij
متتیٰ	mattá
متثاقل	mutas̤āqil
متثبت	mutas̤abbit
منثقب	mutas̤aqqib
متثلم	mutas̤allim
متثنی	mutas̤annī
متثوب	mutas̤auwib
متجادل	mutajādil
متجاذب	mutajāẕib
متجاری	mutajārī
متجاسر	mutajāsir
متجالس	mutajālis
متجانب	mutajānib
متجانس	mutajānis
متجانف	mutajānif
متجانن	mutajānin
متجاوب	mutajāwib
متجاور	mutajāwir
متجاورات	mutajāwirāt
متجاوز	mutajāwiz
متجاوزاً	mutajāwiz-an
متجاول	mutajāwil
متجاهد	mutajāhid
متجاهل	mutajāhil
متجدد	mutajaddid
متجر	matjar
متجرة	matjarat
متجرد	mutajarrad
متجرم	mutajarrim
متجسد	mutajassid
متجسس	mutajassis
متجسم	mutajassim
متجلد	mutajallid
متجلل	mutajallal
متجلی	mutajallī
متجمد	mutajammad
متجمع	mutajammi‘
متجنب	mutajannib
متجنن	mutajannin
متجنی	mutajannī
متجوز	mutajauwiz
متجوع	mutajauwi‘
متجوف	mutajauwif
متجهز	mutajahhiz
متح	matḥ
متحاجی	mutaḥājī
متحادث	mutaḥādis̤
متحارب	mataḥārib
متحاسب	mutaḥāsib
متحاسد	mutaḥāsid
متحاقر	mutaḥāqir
متحاکم	mutaḥākim
متحالف	mutaḥālif
متحامق	mutaḥāmiq
متحامل	mutaḥāmal
متحاور	mutaḥāwir
متحبب	mutaḥabbib
متحجر	mutaḥajjir
متحد	muttaḥid
متحدث	mutaḥaddis̤
متحذق	mutaḥaẕẕiq
متحرفه	mutaḥarrifa
متحرق	mutaḥarriq
متحرک	mutaḥarrik
محرم	mutaḥarrim
متحزن	mutaḥazzin
متحسر	mutaḥassir
متحشم	mutaḥashshim
متحصل	mutaḥaṣṣil
متحصلات	mutaḥaṣṣilāt
متحصن	mutaḥaṣṣin
متحصنة	mutaḥassinat
متحف	mutḥaf
متحفظ	mutaḥaffiz̤
متحفل	mutaḥaffil
متحقق	mutaḥaqqaq
متحکم	mutaḥakkim
متحلق	mutaḥalliq
متحلل	mutaḥallil
متحلم	mutaḥallim
متحلیٰ	mutaḥallá
متحمد	mutaḥammid
متحمر	mutaḥammir
متحمل	mutaḥammil
متحنف	mutaḥannif
متحنی	mutaḥannī
متحیر	mutaḥaiyir
متخادع	mutaḵẖādi‘
متخارج	mutaḵẖārij
متخاشی	mutaḵẖāshī
متخاصم	mutaḵẖāṣim
متخاصمین	mutaḵẖāṣimain
متخاطر	mutaḵẖāt̤ir
متخاطئ	mutaḵẖāt̤i‘
متخافف	mutaḵẖāfif
متخالف	mutaḵẖālif
متخبر	mutaḵẖabbir
متختم	mutaḵẖattim
متخذ	muttaḵẖaẕ
متخرق	mutaḵẖarriq
متخرقة	mutaḵẖarriqat
متخرم	mutaḵẖarrim
متخشع	mutaḵẖashshi‘
متخشن	mutaḵẖashshin
متخشی	mutaḵẖashshī
متخصص	mutaḵẖaṣṣis
متخضع	mutaḵẖaẓẓi‘
متخطف	mutaḵẖat̤t̤if
متخطی	mutaḵẖat̤t̤ī
متخفف	mutaḵẖaffif
متخلص	mutaḵẖalliṣ
متخلف	mutaḵẖallif
متخلق	mutaḵẖalliq
متخلل	mutaḵẖallil
متخلی	mutaḵẖallī
متخم	mutḵẖim
متخمة	matḵẖamat
متخمر	mutaḵẖammir
متخوف	mutaḵẖauwif
متخیل	mutaḵẖaiyil
متخیم	mutaḵẖaiyim
متداٴ	muttada’
متدابر	mutadābir
متداخل	mutadāḵẖil
متدارس	mutadāris
متدارک	mutadārik
متداعی	mut̤adā‘ī
متدافع	mutadāfi‘
متدانی	mutadānī
متداول	mutadāwil
متداوم	mutadāwim
متداومة	mutadāwamat
متداوی	mutadāwī
متداین	mutadāyin
متدبر	mutadabbir
متدثر	mutadas̤s̤ir
متدخل	mutadaḵẖḵẖil
متدخن	mutadaḵẖḵẖin
متدرج	mutadarrij
متدرع	mutadarri‘
متدرعة	mutadarri‘at
متدعی	mutada‘‘i
متدفن	mutadaffin
متدمر	mutadammir
متدمع	mutadammi‘
متدنس	mutadannis
متدنی	mutadanni’
متدهقن	mutadahqin
متدهن	mutadahhin
متدی	muttadī
متدین	mutadaiyin
متذاکر	mutaẕākir
متذامم	mutaẕāmim
متذکر	mutaẕakkir
متذکره	mutaẕakkira
متذلل	mutaẕallil
متذمم	mutaẕammim
متذیل	mutaẕaiyil
متر	matr
مترا	matrā
متراجع	mutarāji‘
متراجم	mutarājim
مترادف	mutarādif
متراسل	mutarāsil
متراضی	mutarāẓī
مترافع	mutarāfi‘
مترافق	mutarāfiq
متراک	matrāk
متراکب	mutarākib
متراکم	mutarākim
مترامی	mutarāmī
متراهن	mutarāhin
متربب	mutarabbib
متربة	matrabat
متربع	mutarabba‘
مترتب	mutarattib
مترتل	mutarattil
مترجح	mutarajjiḥ
مترجز	mutarajjiz
مترجف	mutarajjif
مترجل	mutarajjil
مترجم	mutarjam
مترجمیة	mutarjimīyat
مترجمین	mutarjimīn
مترجی	mutarajjī
مترحل	mutaraḥḥil
مترحم	mutaraḥḥim
مترخص	mutaraḵẖḵẖiṣ
متردد	mutaraddid
متردیة	mutaraddiyat
مترز	matrîz
مترس	mutarris
مترسب	mutarassib
مترسة	mitrasat
مترسل	mutarassil
مترسم	mutarassim
مترش	matrash
مترصد	mutaraṣṣid
مترضی	mutaraẓẓī
مترعرع	mutara‘ri‘
مترغب	mutarag̱ẖg̱ẖib
مترف	mutraf
مترقب	mutaraqqab
مترقص	mutaraqqiṣ
مترقق	mutaraqqiq
ممترقی	mutaraqqī
مترکب	mutarakkab
مترکن	mutarakkin
مترمل	mutarammil
مترنم	mutarannim
مترنن	mutarannin
متروک	matrūk
متروکات	matrūkāt
متروکه	matrūka
مترهب	mutarahhib
متزاحم	mutazāḥim
متزاور	mutazāwir
متزاید	mutazāyid
متزایل	mutazāyil
متزرر	mutazarrir
متزلزل	mutazalzal
متزلق	mutazalliq
مترمل	mutazammil
متزندق	mutazandiq
متزنر	mutazannir
متزوج	mutazauwij
متزود	mutazauwid
متزهد	mutazahhid
متزید	mutazaiyid
متزین	mutazaiyin
متسائل	mutasā’il
متسابق	mutasābiq
متسارع	mutasāri‘
متساقط	mutasāqit̤
متساقی	mutasāqī
متساکر	mutasākir.
متسالم	mutasālim
متسامح	mutasāmiḥ
متسامع	mutasāmi‘
متساوی	mutasāwī
متساهل	mutasāhil
متساهم	mutasāhim
متسحر	mutasaḥḥir
متسخر	mutasaḵẖḵẖir
متسخط	mutasaḵẖḵẖit̤
متسربل	mutasarbil
متسرر	mutasarrir
متسرع	mutasarri‘
متسرول	mutasarwil
متسع	mutsi‘
متسفر	mutasaffir
متسقط	mutasaqqit̤
متسقف	mutasaqqif
متسقی	mutasaqqī
متسکن	mutasakkin
متسلح	mutasalliḥ
متسلس	mutasallis
متسلسل	mutasalsil
متسلط	mutasallit̤
متسلف	mutasallif
متسلل	mutasallil
متسلم	mutasallam
متسلی	mutasallī
متسمح	mutasammi‘
متسمک	mutasammik
متسمن	mutasammin
متسمی	mutasammī
متسنی	mutasannī
متسوق	mutasauwiq
متسوک	mutasauwik
متسوی	mutasauwī
متسهل	mutasahhil
متشابک	mutashābik
متشابه	mutashābih
متشابهات	mutashābihāt
متشابهة	mutashābahat
متشاتم	mutashātim
متشارک	mutashārik
متشاعر	mutashā‘ir
متشاغل	mutashāg̱ẖil
متشاکل	mutashākil
متشاکی	mutashākī
متشاور	mutashāwir
متشبک	mutashabbik
متشبه	mutashabbih
متشتی	mutashattī
متشجع	mutashajji‘
متشخص	mutashaḵẖḵẖaṣ
متشدد	mutashaddid
متشرب	mutasharrib
متشرع	mutasharri‘
متشرف	mutasharrif
متشرک	mutasharrik
متشعب	mutasha‘‘ib
متشعل	mutasha‘‘il
متشفع	mutashaffi‘
متشکر	mutashakkir
متشکک	mutashakkik
متشکل	mutashakkal
متشکی	mutashakkī
متشمس	mutashammis
متشمل	mutashammil
متشمم	mutashammim
متشنج	mutashannij
متشنن	mutashannin
متشوش	mutashauwish
متشوق	mutashauwiq
متشوک	mutashauwik
متشهد	mutashahhid
متشهیٰ	mutashahhá
متشیخ	mutashaiyiḵẖ
متشید	matashaiyid
متشیطن	mutashait̤in
متشیع	mutashaiyi‘
متصابی	mutaṣābī
متصادف	mutaṣādif
متصادق	mutaṣādiq
متصادم	mutaṣādim
متصارم	mutaṣārim
متصاعب	mutaṣā‘ib
متصاعد	mutaṣā‘id
متصاغر	mutaṣāg̱ẖir
متصافق	mutaṣāfiq
متصافی	mutas̤āfī
متصاقب	mutasāqīb
متصالح	mutaṣāliḥ
متصبر	mutaṣabbir
متصبی	mutaṣabbī
متصحف	mutaṣaḥḥif
متصدر	mutaṣaddir
متصدع	mutaṣaddi‘
متصدق	mutaṣaddiq
متصدی	mutāṣaddī
متصرخ	mutasarriḵẖ
متصرف	mutaṣarraf
متصرفات	mutaṣarrafāt
متصرم	mutaṣarrim
متصعد	mutasa‘‘id
متصعلک	mutaṣa‘lik
متصف	muttaṣif
متصل	muttaṣil
متصلاً	muttasil-an
متصلة	muttaṣilat
متصلی	mutaṣallī
متصنع	mutaṣanni‘
متصور	mutaṣauwar
متصوف	mutaṣauwif
متصید	mutaṣaiyid
متصیف	mutaṣaiyif
متضاحک	mutaẓāḥik
متضاد	mutaẓādd
متضار	mutaẓārr
متضارب	mutaẓārib
متضاعف	mutaẓā‘if
متضاغن	mutaẓāg̱ẖin
متضایق	mutaẓāyiq
متضبط	mutaẓabbit̤
متضجر	mutaẓajjir
متضجع	mutaẓajji‘
متضح	muttaẓiḥ
متضحک	mutaẓaḥḥik
متضرب	mutaẓarrib
متضرر	mutāẓarrir
متضرع	mutaẓarri‘
متضرم	mutaẓarrim
متضعف	mutaẓa‘‘af
متضمد	mutaẓammid
متضمن	mutaẓammin
متضیف	mutaẓaiyif
متضیق	mutaẓaiyiq
متطابق	mutat̤ābiq
متطاعن	mutat̤ā‘in
متطاوع	mutat̤āwi‘
متطاهر	mutat̤āhir
متطب	mutat̤ibb
متطبب	mutat̤abbib
متطبع	mutat̤abbī‘
متطبق	mutatabbiq
متطرب	mutat̤arrib
متطرز	mutat̤arriz
متطرف	mutat̤arrīf
متطرق	mutat̤arriq
متطعم	mutat̤a‘‘im
متطفل	mutat̤affil
متطلب	mutat̤allib
متطلع	mutat̤alli‘
متطلی	mutat̤allī
متطمس	mutat̤ammis
متطوح	mutat̤auwiḥ
متطوع	mutat̤auwi‘
متطوف	mutat̤auwif
متطوق	mutat̤auwiq
متطهر	mutat̤ahhir
متطیب	mutat̤aiyib
متطیر	mutat̤aiyir
متظالم	mutaz̤ālim
متظاهر	mutaz̤āhir
متظوف	mutaz̤arrif
متظفر	mutaz̤affir
متظلل	mutaz̤allil
متظلم	mutaz̤allim
متظنن	mutaz̤annin
متظهر	mutaz̤ahhir
متع	mat‘
متعاتب	muta‘ātib
متعادل	muta‘ādil
متعادی	muta‘ādī
متعارض	muta‘āriẓ
متعارف	muta‘ārif
متعارفی	muta‘ārifī
متعارفیة	muta‘ārifīyat
متعازل	muta‘āzil
متازی	muta‘āzī
متعاسر	muta‘āsir
متعاشر	muta‘āshir
متعاطف	muta‘āt̤if
متعاقب	muta‘āqib
متعاقد	muta‘āqid
متعاکس	muta‘ākis
متعال	muta‘āl
متعالم	muta‘ālim
متعالی	muta‘ālī
متعامل	muta‘āmil
متعامی	muta‘āmī
متعانق	muta‘āniq
متعاور	muta‘āwar
متعاوض	muta‘āwiẓ
متعاون	muta‘āwin
متعاهد	muta‘āhid
متعاهدین	muta‘āhidīn
متعایب	muta‘āyib
متعب	mut‘ab
متعبة	mat‘abat
متعبد	muta‘abbad
متعبدات	muta‘abbadāt
متعبس	muta‘abbis
متعتب	muta‘attib
متعجب	muta‘ajjib
متعجبانه	muta‘ajjibāna
متعجل	muta‘ajjil
متعدد	muta‘addid
متعدم	muta‘adam
متعدی	muta‘addī
متعذر	muta‘aẕẕir
متعرب	muta‘arrib
متعرج	muta‘arrij
متعرض	muta‘arriẓ
متعرف	muta‘arrif
متعرق	muta‘arriq
متعزب	muta‘azzib
متعزل	muta‘azzil
متعسر	muta‘assir
متعشب	muta‘ashshib
متعشق	muta‘ashshiq
متعشی	muta‘ashshī
متعصب	muta‘aṣṣib
متعصر	muta‘aṣṣir
متعصم	muta‘aṣṣim
متعصی	muta‘aṣṣī
متعطر	muta‘at̤t̤ir
متعطش	muta‘at̤t̤ish
متعطف	muta‘at̤t̤if
متعطل	muta‘at̤t̤il
متعطلة	muta‘at̤t̤ilat
متعطی	muta‘at̤t̤ī
متعظ	mutta‘iz̤
متعظم	muta‘az̤z̤im
متعفف	muta‘affif
متعفن	muta‘affin
متعقب	muta‘aqqib
متعقد	muta‘aqqid
متعقل	muta‘aqqil
متعکز	muta‘akkiz
متعکس	muta‘akkis
متعلق	muta‘allaq
متعلقات	muta‘alliqāt
متعلقان	muta‘alliqān
متعلقه	muta‘alliqa
متعلقین	muta’allaqīn
متعلل	muta‘allil
متعلم	muta‘allim
متعلی	muta‘allī
متعمد	muta‘ammid
متعمق	muta‘ammiq
متعمل	muta‘ammil
متعمم	muta‘ammim
متعندان	muta‘annidān
متعنی	muta‘annī
متعوب	mat’ūb
متعوج	muta‘auwij
متعود	muta‘auwid
متعوذ	muta‘auwiẕ
متعوق	muta‘auwiq
متعه	mut‘a
متعهد	muta‘ahhid
متعیب	muta‘aiyib
متعیش	muta‘aiyish
متعین	muta’aiyin
متعینه	mata‘ayyana
متغابن	mutag̱ẖābin
متغازل	mutag̱ẖāzil
متغافل	mutag̱ẖāfil
متغالب	mutag̱ẖālib
متغالی	mutag̱ẖālī
متغامز	mutag̱ẖāmiz
متغانی	mutag̱ẖānī
متغایب	mutag̱ẖāyib
متغایظ	mutag̱ẖāyiz̤
متغدی	mutag̱ẖaddī
متغدی	mutag̱ẖāẕẕī
متغرب	mutag̱ẖarrib
متغرد	mutag̱ẖarrid
متغرغر	mutag̱ẖarg̱ẖir
متغزل	mutag̱ẖazzil
متغسل	mutag̱ẖassil
متغشی	mutag̱ẖashshī
متغضب	mutag̱ẖaẓẓib
متغضن	mutag̱ẖaẓẓin
متغطی	mutag̱ẖat̤t̤ī
متغفل	mutag̱ẖaffil
متغلب	mutag̱ẖallib
متغمد	mutag̱ẖammid
متغنج	mutag̱ẖannij
متغنم	mutag̱ẖannim
متغنی	mutag̱ẖannī
متغیب	mutag̱ẖaiyib
متغیر	mutag̱ẖaiyir
متغیظ	mutag̱ẖaiyiz̤
متفاتی	mutafātī
متفاحش	mutafāḥish
متفاخر	mutafāḵẖir
متفاسح	mutafāsiḥ
متفاسد	mutafāsid
متفاصح	mutafāṣiḥ
متفاضل	mutafāẓil
متفاقد	mutafāqid
متفانی	mutafānī
متفاوت	mutafāwit
متفاید	mutafāyid
متفائل	mutafā’il
متفتت	mutafattit
متفتح	mutafattiḥ
متفتش	mutafattish
متفتل	mutafattil
متفحة	matfaḥat
متفحص	mutafaḥḥaṣ
متفخر	mutafaḵẖḵẖir
متفرج	mutafarrij
متفرد	mutafarrid
متفرس	mutafarris
متفرع	mutafarri‘
متفرعات	mutafarri‘āt
متفرغ	mutafarrig̱ẖ
متفرق	mutafarraq
متفرقات	mutafarriqāt
متفرقیة	mutafarriqīyat
متفسح	mutafassiḥ
متفصح	mutafaṣṣiḥ
متفضل	mutafaẓẓil
متفطر	mutafat̤t̤ir
متفطن	mutafat̤t̤in
متفق	muttafiq
متفقاً	muttafiq-an
متفقد	mutafaqqid
متفقه	mutafaqqih
متفکر	mutafakkir
متفنن	mutafannin
متفنی	mutafannī
متفوت	mutafauwit
متفوه	mutafauwih
متفهم	mutafahhim
متقابل	mutaqābil
متقاتل	mutaqātil
متقادم	mutaqādam
متقار	mutaqārr
متقارب	mutaqārib
متقاربیة	mutaqāribīyat
متقارظ	mutaqāriz̤
متقارع	mutaqāri‘
متقارن	mutaqārin
متقاسم	mutaqāsim
متقاصر	mutaqāṣir
متقاضی	mutaqāẓī
متقاطر	mutaqāt̤ir
متقاطع	mutaqāti‘
متقاعد	mutaqā‘id
متقاعس	mutaqā‘is
متقال	mutaqāll
متقامر	mutaqāmir
متقاول	mutaqāwil
متقاوم	mutaqāwim
متقبی	mutaqabbī
متقدر	mutaqaddir
متقدس	mutaqaddis
متقدم	mutaqaddim
متقدماً	mutaqaddam-an
متقدمین	mutaqaddamīn
متقرب	mutaqarrib
متقرح	mutaqarriḥ
متقرر	mutaqarrir
متقرئ	mutaqarri’
متقسط	mutaqassit̤
متقسم	mutaqassim
متقشر	mutaqashshir
متقضی	mutaqaẓẓī
متقطر	mutaqat̤t̤ir
متقطع	mutaqat̤t̤i‘
متقعد	muṭaqa‘‘id
متقعر	mutaqa‘‘ir
متقفی	mutaqaffī
متقلب	mutaqallib
متقلد	mutaqallid
متقلس	mutaqallis
متقلع	mutaqalli‘
متقمر	mutaqammir
متقمص	mutaqammiṣ
متقن	mutqin
متقن	muttaqin
متقنص	mutaqanniṣ
متقنع	mutaqanni‘
متقوت	mutaqauwit
متقوح	mutaqauwiḥ
متقوس	mutaqauwis
متقول	mutaqauwil
متقوم	mutaqauwim
متقوی	mutaqauwī
متقی	muttaqī
متقیح	mutaqaiyiḥ
متقید	mutaqaiyid
متقیظ	mutaqaiyiz̤
متقیل	mutaqaiyil
متقئی	mutaqaiyi’
متک	matk
متکاٴ	muttaka’
متکابر	mutakābir
متکاتب	mutakātib
متکاتم	mutakātim
متکاثر	mutakās̤ir
متکاثف	mutakās̤if
متکاذب	mutakāẕib
متکارم	mutakārim
متکاره	mutakārih
متکاری	mutakārī
متکاسل	mutakāsil
متکاشف	mutakāshif
متکافی	mutakāfī
متکالم	mutakālim
متکامل	mutakāmil
متکاهل	mutakāhil
متکاید	mutakāyid
متکایس	mutakāyis
متکایل	mutakāyil
متکبر	mutakabbir
متکبرانه	mutakabbirāna
متکتب	mutakattib
متکثر	mutakas̤s̤ir
متکحل	mutakaḥḥil
متکدر	mutakaddir
متکذب	mutakaẕẕib
متکرر	mutakarrir
متکرم	mutakarrim
متکره	mutakarrih
متکسب	mutakassib
متکسر	mutakassir
متکشف	mutakashshif
متکفل	mutakaffil
متکل	muttakal
متکلف	mutakallif
متکلل	mutakallil
متکلم	mutakallam
متکمل	mutakammil
متکمن	mutakammin
متکمی	mutakammī
متکنی	mutakannī
متکون	mutakauwin
متکهن	mutakahhin
متکئ	muttaki’
متکیدن	mutkīdan
متکیف	mutakaiyif
متلاحظ	mutalāḥiz̤
متلاحق	mutalāḥiq
متلازق	mutalāziq
متلاشی	mutalāshī
متلاطف	mutalāt̤if
متلاطم	mutalāt̤im
متلاعن	mutalā‘in
متلاف	mitlāf
متلاقی	mutalāqī
متلاٴلئ	mutala’li’
متلاوم	mutalāwim
متلاهی	mutalāhī
متلبد	mutalabbid
متلبس	mutalabbis
متلثم	mutalas̤s̤īm
متلجم	mutalajjim
متلحف	mutalaḥḥif
متلحق	mutalaḥḥiq
متلحی	mutalaḥḥī
متلد	mutlad
متلذذ	mutalaẕẕiẕ
متلصص	mutalaṣṣiṣ
متاطف	mutalat̤t̤if
متلظی	mutalaz̤z̤ī
متلعب	mutala‘‘ib
متلف	matlaf
متلفظ	mutalaffiz̤
متلفم	mutalaffim
متلقب	mutalaqqib
متلقط	mutalaqqit̤
متلقن	mutalaqqin
متلقی	mutalaqqī
متلمس	mutalammis
متلوث	mutalauwis̤
متلوط	mutalauwit̤
متلون	mutalauwin
متلهب	mutalahhib
متلهث	mutalahhis̤
متلهثاً	mutalahhis̤-an
متلهی	mutalahhī
متلی	mutlī
متلیات	mutallayāt
متلین	mutalaiyin
متم	mutamm
متماثل	mutamās̤il
متماجد	mutamājid
متماحل	mutamāḥil
متمادح	mutamādiḥ
متمادی	mutamādī
متمارض	mutamāriẓ
متمازح	mutamāziḥ
متماس	mutamāss
متماسک	mutamāsik
متماشی	mutamāshī
متماطر	mutamāt̤ir
متمالک	mutamālik
متماوت	mutamāwit
متمایز	mutamāyiz
متمایل	mutamāyil
متمتع	mutamatti
متمثل	mutamas̤s̤il
متمجد	mutamajjid
متمجس	mutamajjis
متمدح	mutamaddiḥ
متمدد	mutamaddid
متمرد	mutamarrid
متمرض	mutamarriẓ
متمرغ	mutamarrig̱ẖ
متمسح	mutamassiḥ
متمسخ	mutamassiḵẖ
متمسک	mutamassik
متمشی	mutamashshī
متمصص	mutamaṣṣiṣ
متمعق	mutama‘‘iq
متمقت	mutamaqqit
متمکث	mutamakkis̤
متمکن	mutamakkin
متمکنان	mutamakkinān
متملح	mutamalliḥ
متملس	mutamallis
متملق	mutamalliq
متملقانه	mutamalliqāna
متملک	mutamallik
متملل	mutamallil
متململ	mutamalmil
متمم	mutmam
متمم	mutammam
متمنع	mutamanni‘
متمنی	mutamannī
متمنیات	mutamanniyāt
متموج	mutamauwij
متمول	mutamauwil
متمهر	mutamahhir
متمهل	mutamahhil
متمیز	mutamaiyiz
متن	matn
متناجی	mutanājī
متنادم	mutanādim
متنادی	mutanādī
متناذر	mutanāẕir
متنازع	mutanāza‘
متنازل	mutanāzil
متناسب	mutanāsib
متناسل	mutanāsil
متناسی	mutanāsī
متناشد	mutanāshad
متناصح	mutanāṣiḥ
متناصف	mutanāṣif
متناصل	mutanāṣil
متناطح	mutanāt̤iḥ
متناظر	mutanāz̤ir
متناعم	mutanā‘im
متنافر	mutanāfir
متنافس	mutanāfis
متنافی	mutanāfī
متناقص	mutanāqiṣ
متناقض	mutanāqiẓ
متناکث	mutanākis̤
متناکر	mutanākir
متناول	mutanāwal
متناولات	mutanāwalāt
متناوم	mutanāwim
متناهی	mutanāhī
متنبط	mutanabbit̤
متنبه	mutanabbih
متنبی	mutanabbi’
متنثر	mutanas̤s̤ir
متنجس	mutanajjis
متنجم	mutanajjim
متنجن	mutanjan
متنجوشه	mutanjūsha
متنخل	mutanaḵẖḵẖil
متندم	mutanaddim
متندی	mutanaddī
متنزل	mutanazzil
متنزه	mutanazzah
متنسب	mutanassib
متنسک	mutanassik
متنسم	mutanassim
متنشر	mutanashshir
متنشف	mutanashshif
متنصر	mutanaṣṣir
متنطق	mutanat̤t̤iq
متنظر	mutanaz̤z̤ir
متنظف	mutanaz̤z̤if
متنظم	mutanaz̤z̤im
متنعل	mutana‘‘il
متنعم	mutana‘‘im
متنغم	mutanag̱ẖg̱ẖim
متنفخ	mutanaffiḵẖ
متنفذ	mutanaffiẕ
متنفر	mutanaffir
متنفس	mutanaffis
متنفل	mutanaffil
متنقب	mutanaqqib
متنقد	mutanaqqid
متنقذ	mutanaqqiẕ
متنقل	mutanaqqil
متنکر	mutanakkir
متنمر	mutanammir
متنمل	mutanammil
متنور	mutanauwir
متنوع	mutanauwi‘
متنوم	mutanauwim
متو	matw
متواتر	mutawātir
متواثب	mutawās̤ib
متواد	mutawādd
متوارث	mutawāris̤
متوارد	mutawārid
متواری	mutawārī
متوازن	mutawāzin
متوازی	mutawāzī
متواصف	mutawāṣīf
متواصل	mutawāṣil
متواصی	mutawāṣī
متواضع	mutawāẓi‘
متواضعانه	mutawāẓi‘āna
متواعد	mutawā‘id
متوافر	mutawāfir
متوافق	mutawāfiq
متواقع	mutawāqi‘
متواکل	mutawākil
متوالد	mutawālid
متوالی	mutawālī
متوالیات	mutawāliyāt
متوالیةً	mutawāliyat-an
متوانی	mutawānī
متواهب	mutawāhib
متوتر	mutawattir
متوثق	mutawas̤s̤iq
متوج	mutauwaj
متوجد	mutawajjid
متوجع	mutawajji‘
متوجه	mutawajjih
متوح	mutūḥ
متوحد	mutawaḥḥid
متوحش	mutawaḥḥish
متوحل	mutawaḥḥil
متوخم	mutawaḵẖḵẖim
متودد	mutawaddid
متودع	mutawaddi‘
متورد	mutawarrid
متورس	mutawarris
متورع	mutawarri‘
متورق	mutawarriq
متورک	mutawarrik
متورم	mutawarrim
متوره	matūra
متوری	mutawarrī
متوزر	mutawazzir
متوزغ	mutawazzi‘
متوسج	mutawassiḵẖ
متوسد	mutawassid
متوسط	mutawassit̤
متوسطة	mutawassit̤at
متوسع	mutawassi‘
متوسل	mutawassil
متوسم	mutawassim
متوشح	mutawashshiḥ
متوصف	mutawaṣṣif
متوصل	mutawaṣṣil
متوضاٴ	mutawaẓẓa’
متوضح	mutawaẓẓiḥ
متوضئ	mutawaẓẓi’
متوطن	mutawat̤t̤in
متوطئ	mutawat̤t̤i’
متوعد	mutawa‘‘ad
متوفر	mutawaffir
متوفق	mutawaffiq
متوفیٰ	mutawaffá
متوقد	mutawaqqid
متوقع	mutawaqqi‘
متوقف	mutawaqqif
متوقل	mutawaqqil
متوقی	mutawaqqī
متوکل	mutawakkil
متوکئ	mutawakki’
متولد	mutawallid
متوله	mutawallih
متولی	mutawallī
متومق	mutawammiq
متوهم	mutawahhim
متوهن	mutawahhin
متهاجر	mutahājir
متهاجم	mutahājim
متهارم	mutahārim
مهتالک	mutahālik
متهاون	mutahāwin
متهتک	mutahattik
متهتم	mutahattim
متهجر	mutahajjir
متهجی	mutahajji
متهدد	mutahaddid
متهدم	mutahaddim.
متهدی	mutahaddī
متهزز	mutahazziz
متهضم	mutahaẓẓim
متهلل	mutahallil
متهم	muthim
متهوت	mathūt
متهور	mutahauwir
متهورانه	mutahauwirāna
متهیب	mutahaiyib
متهیئ	mutahaiyi’
متی	maty
متیاسر	mutayāsir
متیامن	mutayāmin
متیت	matīt.
متیسر	mutayassir
متتیقظ	mutayaqqiz̤
متیقن	mutayaqqin
متیل	mitel
متئم	mut’im
متیم	mutaiyam
متیما	matá-mā
متیمم	mutayammim
متین	matīn
متین	mitīn
مث	mas̤
مث	mas̤s̤
مثاب	mas̤āb
مثابة	mas̤ābat
مثار	mas̤ār
مثاقب	mas̤āqib
مثاقیل	mas̤āqil
مثاکل	mas̤ākil
مثال	mis̤āl
مثالب	mas̤ālib
مثالث	mas̤ālis̤
مثالی	mis̤ālī
مثامنة	mus̤āmanat
مثانة	mas̤ānat
مثانی	mas̤ānī
مثبت	mus̤bat
مثبوت	mas̤būt
مثراة	mus̤rāt
مثرد	mis̤rad
مثری	mus̤rī
مثعلب	mus̤a‘lib
مثقال	mis̤qāl
مثقالی	mis̤qālī
مثقب	mis̤qab
مثقب	mus̤aqqab
مثقبة	musaqqabat
مثقل	mus̤qal
مثقوب	mas̤qūb
مثک	mas̤k
مثکل	mus̤kil
مثکلة	mas̤kalat
مثل	mas̤l
مثلاً	mas̤al-an
مثلات	mas̤alāt
مثلاکه	mas̤alā-ki
مثلث	mus̤allas̤
مثلج	mus̤lij
مثلجة	mas̤lajat
مثلوث	mas̤lūs̤
مثلوثة	mas̤lūs̤at
مثلوج	mas̤lūj
مثله	mis̤lu-hu
مثلها	mis̤lu-hā
مثلی	mis̤lī
مثلیة	mas̤līyat
مثمر	mus̤mir
مثمن	mus̤man
مثمور	mas̤mūr
مثن	mas̤n
مثناة	mas̤nāt
مثنان	mās̤nān
مثنوی	mas̤nawī
مثنیٰ	mas̤ná
مثوا	mas̤wā
مثوب	mus̤wib
مثول	mus̤ūl
مثولات	mus̤ūlāt
مثویٰ	mas̤wá
مثیل	mas̤īl
مج	maj
مج	majj
مجاب	mujāb
مجاثاة	mujās̤āt
مجاثی	mujās̤ī
مجاج	majāj
مجاجنگ	majājang
مجاد	mijād
مجادة	majādat
مجادف	majādif
مجادل	mujādil
مجادیح	majādīḥ
مجادیف	majādīf
مجاذبة	mujāẕabat
مجار	majār
مجار	mujār
مجاراة	mujārāt
مجارات	mujārrāt
مجارة	mujārrat
مجارحة	mujāraḥat
مجارستان	majāristān
مجاری	majārī
مجاز	majāz
مجازاً	majāz-an
مجازاة	mujāzāt
مجازة	majāzat
مجازی	majāzī
مجاس	majāss
مجاع	majā‘
مجاعة	majā‘at
مجافخة	mujāfaḵẖat
مجال	majāl
مجالاة	mujālāt
مجالب	majālib
مجلبة	mujālabat
مجالد	mujālid
مجالدة	mujāladat
مجالس	majālis
مجالسة	mujālasat
مجالید	majālīd
مجامد	mujāmid
مجامر	majāmir
مجامع	majāmi‘
مجامعات	mujāma‘āt
مجامعة	mujāma‘at
مجاملة	mujāmalat
مجان	majjān
مجانا	majānnā
مجانیة	mujānabat
مجانة	majānat
مجانس	mujānis
مجانسة	mujānasat
مجانق	majāniq
مجانی	majānī
مجانین	majānīn
مجاوب	mujāwib
مجاوبة	mujāwabat
مجاودة	mujāwadat
مجاور	mujāwir
مجاورة	mujāwarat
مجاوری	mujāwirī
مجاوز	mujāwiz
مجاوزة	mujāwazat
مجاوعة	mujāwa‘at
مجاولات	mujāwalāt
مجاولة	mujāwalat
مجاهاة	mūjāhāt
مجاهد	mujāhid
مجاهدات	mujāhadāt
مجاهدة	mujāhadat
مجاهدین	mujāhidīn
مجاهر	mujāhir
مجاهرة	mujāharat
مجاهز	mujāhiz
مجاهلة	mujāhalat
مجاهیل	majāhīl
مجائع	majā’i‘
مجبر	mujbar
مجبن	mujabbin
مجبور	majbūr
مجبوراً	majbūr-an
مجبورة	majbūrat
مجبوری	majbūrī
مجبول	majbūl
مجتبر	mujtabir
مجتبیٰ	mujtabá
مجتث	mujtas̤s̤
مجتر	mujtarr
مجترر	mujtarir
مجترم	mujtarim
مجترئ	mujtari’
مجتزی	mujtazī
مجتس	mujtiss
مجتلب	mujtalib
مجتمر	mujtamir
مجتمع	mujtama‘
مجتنب	mujtanab
مجتنح	mujtaniḥ
مجتنیٰ	mujtaná
مجتهد	mujtahid
مجتهداند	mujtahidāna
مجتهدین	mujtahidīn
مجثم	majs̤im
مجحر	majḥar
مجد	majd
مجداح	mijdāh
مجداف	mijdāf
مجدال	mijdāl
مجدب	mujdib
مجدبة	mujdibat
مجدح	mijdaḥ
مجدد	mujaddad
مجدداً	mujaddadd-an
مجدر	mujdar
مجدف	mijdaf
مجدل	mijdal
مجدوب	majdūb
مجدوح	majduḥ
مجدود	majdūd
مجدور	majdūr
مجدی	majdī
مجدی	mujdī
مجذاف	mijẕāf
مجذافة	mijẕāfat
مجذم	mujaẕẕam
مجذوب	majẓūb
مجذوذ	majẕūẕ
مجذور	majẕūr
مجذوم	majẕūm
مجر	majr
مجرا	majrā
مجرائی	mijrā’ī
مجرب	mujarrab
مجربات	mujarrabāt
مجرة	majrat
مجرّة	majarrat
مجرح	mujarriḥ
مجرد	mujarrad
مجرداً	mujarrad-an
مجردات	mujarradāt
مجردی	mujarradī
مجردیة	mujarradīyat
مجرر	mujarrir
مجرفة	mijrafat
مجرگ	majarg
مجرم	mujrim
مجرمانه	mujrimāna
مجرن	mijran
مجروح	majrūḥ
مجرور	majrūr
مجروس	majrūs
مجری	majrá
مجری	mijrī
مجز	mijazz
مجزاٴ	mujazza’
مجزر	majzir
مجزع	mujzi‘
مجزفة	mijzafat
مجزور	majzūr
مجزوز	majzūz
مجزول	majzūl
مجزوم	majzūm
مجزئ	mujzi’
مجس	majas
مجس	majass
مجسط	mijast̤
مجسطی	mijast̤ī
مجسم	mujassam
مجسمات	mujassamāt
مجسمه	mujassama
مجش	mijashsh
مجصص	mujaṣṣaṣ
مجع	maj‘
مجعد	muja‘‘ad
مجعل	maj‘al
مجفرة	majfarat
مجفف	majaffaf
مجففة	mujaffifat
مجفو	majfū
مجلا	mujallā
مجلب	mujallib
مجلبة	majbalat
مجلة	majlat
مجلجل	mujaljal
مجلد	mijlad
مجلدة	mujalladat
مجلس	majlas
مجلسی	majlisī
مجلوب	majlūb
مجلوبات	majlūbāt
مجله	majallah
مجلی	majlá
مجلیات	mujallīyāt
مجم	mujimm
مجمة	majammat
مجمجة	majmajat
مجمد	mujmid
مجمر	mijmar
مجمز	mujammiz
مجمعة	majma‘at
مجمل	mujmal
مجملاً	mujmal-an
مجموع	majmū‘
مجموعاً	majmū‘-an
مجموعی	majmū‘ī
مجمول	majmūl
مجموم	majmūm
مجن	mijann
مجناء	mujnā’
مجنب	majnib
مجنبة	mujannabat
مجنة	majannat
مجنح	mujniḥ
مجند	mujannad
مجنز	mujanniz
مجنس	mujannas
مجنف	mujnif
مجنق	mujanniq
مجنقة	majnaqat
مجنن	mujannin
مجنوب	majnūb
مجنوبة	majnūbat
مجنوز	majnūz
مجنون	majnūn
مجنونیة	majnūnīyat
مجنی	mujnī
مجو	majū
مجواد	mijwād
مجوبة	mujūbat
مجود	mujauwad
مجور	mujauwir
مجوز	mujauwaz
مجوس	majūs
مجوسی	majūse
مجوسیة	majūsīyat
مجوع	mujauwi‘
مجوعة	majwa‘at
مجؤف	maj’uf
مجوف	mujauwaf
مجول	mijwal
مجون	mujūn
مجؤوف	maj’ūf
مجوهر	mujauhar
مجه	mujja
مجهد	mujhad
مجهر	mujhar
مجهز	mujahhaz
مجهل	majhal
مجهود	majhūd
مجهور	majhūr
مجهول	majhūl
مجهولی	majhūlī
مجهولیة	majhūlīyat
مجیب	mujīb
مجید	majīd
مجیدن	majīdan
مجیر	mujīr
مجیز	mujīz
مجیش	mujaiyish
مجیع	majī‘
مجیف	mujīf
مجیل	mujīl
مجیم	mujaiyim
مچاچنگ	machāchang
مچرگ	macharg
مچفس	ma-chafs
مچک	machak
مچگان	muchagān
مچلکا	muchalkā
مچلکاجی	muchalkājī
مچه	mucha
مح	maḥḥ
محاباء	muḥābā’
محابة	muḥābbat
محابر	maḥābir
محابسة	muḥābasat
محابیب	maḥābīb
محابیس	maḥābīs
محاجاة	muḥājāt
محاجة	muḥājjat
محاجر	maḥājir
محاجم	maḥājim
محاجی	muḥājī
محاح	maḥḥāḥ
محاد	muḥādd
محادة	muḥāddat
محادثة	muḥādas̤at
محاذاة	muḥāẕāt
محاذرة	muḥāẕarat
محاذیٰ	muḥāẕá
محارب	muḥārib
محارز	muḥāriz
محارسة	muḥārasat
محارف	muḥāraf
محارفة	muḥārafat
محارم	maḥārim
محاریب	maḥārīb
محاریم	maḥārīm
محازبة	muḥāzabat
محازم	maḥāzim
محاسب	muḥāsib
محاسدة	muḥāsadat
محاسن	maḥāsin
محاسنة	muḥāsanat
محاش	maḥāsh
محاشاة	muḥāshāt
محاشنة	muḥāshanat
محاشی	maḥāshī
محاص	muḥāṣṣ
محاصة	muḥāṣṣat
محاصر	maḥāṣir
محاصرین	muḥāṣirīn
محاصل	maḥāṣil
محاصلات	maḥāṣilāt
محاض	maḥāẓ
محاضة	muḥāẓẓat
محاضر	muḥāẓir
محاضرة	muḥāẓarat
محاط	maḥāt̤
محافر	maḥāfir
محافظ	muḥāfaz̤
محافظة	muḥāfaz̤at
محافل	maḥāfil
محافه	muḥāfa
محاق	muḥāq
محاقة	muḥāqqat
محاکاة	muḥākāt
محاکة	maḥākat
محاکمة	muḥākamat
محاکی	muḥākī
محال	maḥāl
محالاة	muḥālāt
محالات	muḥālāt
محالبة	muḥālabat
محالة	maḥālat
محالدار	maḥāl-dār
محالف	muḥālif
محالفة	muḥālafat
محاماة	muḥāmāt
محامد	maḥāmid
محامقة	muḥāmaqat
محامل	mahāmil
محاملة	muḥāmalat
محاملی	maḥāmilī
محاورات	muḥāwarāt
محاول	maḥāwil
محاولة	muḥāwalat
محایدة	muḥāyadat
محایص	muḥāyiṣ
محایصة	muḥāyaṣat
محائض	maḥā’iẓ
محائل	maḥā’il
محاینة	muḥāyanat
محبانه	muḥibbāna
محبب	muḥabbib
محبة	maḥabbat
محبر	miḥbar
محبرة	maḥbarat
محبس	maḥbas
محبل	maḥbal
محبوب	maḥbūb
محبوبانه	maḥbūbāna
محبوبی	maḥbūbī
محبور	maḥbūr
محبوس	maḥbūs
محبوسخانه	maḥbūs-ḵẖāna
محبوک	maḥbūk
محبون	maḥbūn
محتاج	muḥtāj
محتاجی	muḥtājī
محتاط	muḥtāt̤
محتال	muḥtāl
محتبس	muḥtabas
محتبک	muḥtabak
محتبل	muḥtabal
محتج	muḥtajj
محتجب	muḥtajib
محتجج	muḥtajij
محتجر	muḥtajir
محتجن	muḥtajin
محتد	maḥtid
محتد	muḥtadd
محتذر	muḥtaẕir
محتذی	muḥtaẕī
محترب	muḥtarib
محترز	muḥtariz
محترس	muḥtaras
محترص	muḥtariṣ
محترف	muḥtarif
محترفه	muḥtarifa
محترق	muḥtariq
محترم	muḥtaram
محتزر	muḥtazir
محتزم	muḥtazim
محتزن	muḥtazin
محتسب	muḥtasib
محتسبی	muḥtasibī
محتشم	muḥtasham
محتشی	muḥtashī
محتشیة	muḥtashiyat
محتصد	muḥtaṣid
محتضر	muḥtaẓar
محتضن	muḥtaẓan
محتطب	muḥtat̤ab
محتظر	muḥtaz̤ar
محتظی	muḥtaz̤ī
محتفر	muḥtafar
محتفظ	muḥtafiz̤
محتفل	muḥtafal
محتفی	muḥtafī
محتقر	muḥtaqar
محتقق	muḥtaqiq
محتقن	muḥtaqin
محتکر	muḥtakir
محتکم	muḥtakim
محتلق	muḥtaliq
محتلل	muḥtalil
محتلم	muḥtalim
محتمل	muḥtamal
محتملات	muḥtamilāt
محتمی	muḥtamī
محتوم	maḥtūm
محتوی	muḥtawī
محث	muḥis̤s̤
محثة	maḥas̤s̤at
محثث	muḥas̤s̤is̤
محثل	muḥs̤al
محثلة	muḥs̤ilat
محج	maḥj
محج	muḥijj
محجب	muḥajjab
محجة	maḥajjat
محجر	maḥjar
محجل	muḥjil
محجم	miḥjam
محجمة	maḥjamat
محجن	miḥjan
محجوب	maḥjūb
محجوبه	maḥjūba
محجوبی	maḥjūbī
محجوج	maḥjūj
محجور	maḥjūr
محجوز	maḥjūz
محجوم	maḥjūm
محد	mahadd
محدب	muḥdib
محدث	muḥdis̤
محدثات	muḥaddas̤āt
محدثة	muḥdas̤at
محدج	muḥdij
محدد	muḥaddad
محدر	muḥaddir
محدق	muḥdiq
محدق	muḥaddiq
محدود	maḥdūd
محدودات	maḥdūdāt
محذر	maḥẕir
محذم	miḥẕam
محذور	maḥẕūr
محذورة	maḥẕūrat
محذوری	maḥẕurī
محذوف	maḥẓūf
محذی	muḥẕī
محر	muḥirr
محراب	miḥrāb
محرابی	miḥrābī
محراف	miḥrāf
محراق	miḥrāq
محراک	miḥrāk
محرب	miḥrab
محرث	miḥras̤
محرر	muḥarrar
محرران	muḥarrirān
محرری	muḥarrarī
محرص	muḥarriṣ
محرض	muḥarriẓ
محرف	maḥrif
محرق	miḥraq
محرقاً	maḥriq-an
محرقة	muḥraqat
محرک	maḥrak
محرم	maḥram
محرمات	maḥrumāt
محرمانه	maḥramāna
محرمیة	maḥramīyat
محروب	maḥrūb
محروت	maḥrūt
محروث	maḥrūs̤
محرور	maḥrūr
محروری	maḥrūrī
محروس	maḥrūs
محروص	maḥrūṣ
محروف	maḥrūf
محروق	maḥrūq
محروقة	maḥrūqat
محروم	maḥrūm
محرومی	maḥrūmī
محرومیة	maḥrūmīyat
محری	maḥarī
محز	maḥazz
محزان	miḥzān
محزب	muḥazzib
محزم	maḥzim
محزن	muḥzan
محزوم	maḥzūm
محزون	maḥzūn
محساب	miḥsāb
محسان	miḥsān
محسب	muḥassab
محسة	maḥassat
محسد	muḥassad
محسن	muḥsin
محسن	muḥassan
محسنة	maḥsanat
محسنی	muḥsinī
محسوب	maḥsūb
محسود	maḥsūd
محسور	maḥsūr
محسوس	maḥsūs
محسوسات	maḥsūsāt
محش	maḥsh
محشا	muḥashshā
محشاة	muḥshāt
محشة	maḥashshat
محشرستان	maḥsharistān
محشم	maḥsham
محشو	maḥshūw
محشور	maḥshūr
محشیٰ	maḥshá
محص	maḥṣ
محصاة	maḥṣāt
محصب	muḥaṣṣab
محصبة	maḥṣabat
محصد	miḥṣad
محصر	muḥṣir
محصل	muḥaṣṣal
محصلانه	muḥaṣṣilāna
محصمة	miḥṣamat
محصن	miḥṣan
محصود	maḥṣūd
محصور	maḥṣūr
محصوری	muḥṣūrī
محصورین	maḥṣūrīn
محصول	maḥṣūl
محصولات	maḥṣūlāt
محصولدار	maḥṣūl-dār
محصولی	maḥṣūlī
محصون	maḥṣūn
محصی	muḥṣī
محض	maḥẓ
محضاً	miḥẓ-an
محضب	miḥẓab
محضر	maḥẓar
محضور	maḥẓūr
محضیر	miḥẓīr
محط	maḥat̤t̤
محطب	miḥt̤ab
محطم	muḥat̤t̤im
محطوط	maḥt̤ūt̤
محظور	maḥz̤ūr
محظورات	maḥz̤ūrāt
محظوظ	maḥz̤ūz̤
محظیة	maḥz̤īyat
محفار	miḥfār
محفة	miḥaffat
محفر	miḥfar
محفظ	muḥaffiẕ
محفف	muḥaffif
محفود	maḥfūd
محفور	maḥfūr
محفوص	maḥfūṣ
محفوظ	maḥfūz̤
محفوف	maḥfūf
محفه	miḥaffa
محفی	muḥfī
محق	maḥq
محقد	muḥqid
محقر	muḥqir
محقرات	muḥaqqarāt
محقرة	maḥqarat
محقق	muḥaqqaq
محققانه	muḥaqqiqāna
محققین	muḥaqqiqīn
محقن	miḥqan
محقنه	miḥqana
محقور	maḥqūr
محقوق	maḥqūq
محک	maḥk
محکان	maḥkān
محکک	muḥakkak
محکم	muḥkam
محکمات	maḥkamāt
محکمی	muḥkamī
محکوک	maḥkūk
محکوم	maḥkūm
محکومی	maḥkūmī
محکی	maḥkī
محل	maḥl
محلا	muḥallā
محلاب	miḥlāb
محلاءة	miḥla’at
محلات	maḥallāt
محلاج	miḥlāj
محلال	miḥlāl
محلب	maḥlab
محلب	miḥlab
محلبة	maḥlabat
محلة	maḥallat
محلج	miḥlaj
محلف	muḥlif
محلفان	muḥlifān
محلق	miḥlaq
محلقة	miḥlaqat
محلل	muḥallal
محللاب	muḥallilāt
محلم	muḥlim
محلوب	maḥlūb
محلوج	maḥlūj
محلوف	maḥlūf
محلوفاء	maḥlūfā’
محلوق	maḥlūq
محلول	maḥlūl
محله	maḥalla
محلی	muḥlī
محم	miḥamm
محمة	maḥammat
محمدی	muḥammadī
محمر	muḥammar
محمص	muhammaṣ
محمق	muḥmiq
محمل	maḥmil
محمود	maḥmūd
محمودة	maḥmūdat
محمودی	maḥmūdī
محموز	maḥmūz
محمول	maḥmūl
محموم	maḥmūm
محمی	muḥmī
محمیة	maḥmiyat
محن	maḥn
محنا	muḥannā
محنة	miḥnat
محنتها	miḥnat-hā
محنتی	miḥnatī
محنث	muḥnis̤
محنط	muḥannit̤
محنق	muḥnaq
محنوک	maḥnūk
محنی	muḥanná
محو	maḥw
مجوة	maḥwat
محور	miḥwar
محوض	muḥauwaẓ
محوضة	muḥūẓat
محوط	muḥauwat̤
محوطه	muḥauwat̤a
محول	maḥūl
محوی	maḥwī
محویت	maḥwīyat
محی	maḥy
محیا	maḥyā
محیاة	maḥyāt
محید	maḥīd
محیر	muḥaiyir
محیص	maḥīṣ
محیض	maḥīẓ
محیضة	maḥīẓat
محیط	muḥīt̤
محیطه	muḥīt̤a
محیطی	muḥīt̤ī
محیعل	muḥai‘il
محیق	maḥīq
محیل	muḥīl
مجیلی	muḥīlī
مجیی	muḥyī
مخ	maḵẖ
مخ	maḵẖḵẖ
مخا	muḵẖā
مخابز	maḵẖābiz
مخابط	maḵẖābit̤
مخابی	maḵẖābī
مخات	muḵẖāt
مخاتل	muḵẖātil
مخاتلة	muḵẖātalat
مخاتمة	muḵẖātamat
مخاتنة	muḵẖātanat
مخاتیم	maḵẖātīm
مخاخ	miḵẖāḵẖ
مخاخة	muḵẖāḵẖat
مخاد	maḵẖādd
مخادش	muḵẖādish
مخارشة	muḵẖādashat
مخادع	muḵẖāda‘
مخادعة	muḵẖāda‘at
مخادم	maḵẖādim
مخادنة	muḵẖādanat
مخادیم	maḵẖādīm
مخاذیل	maḵẖāẕīl
مخارج	maḵẖārij
مخارجة	muḵẖārajat
مخارشة	muḵẖārashat
مخارفة	muḵẖārafat
مخارق	maḵẖāriq
مخازن	maḵẖāzin
مخازی	maḵẖāzī
مخاشاة	muḵẖāshāt
مخاشنة	muḵẖāshanat
مخاصم	muḵẖāṣim
مخاصمة	muḵẖāṣamat
مخاض	maḵẖāẓ
مخاضة	maḵẖāẓat
مخاضعة	muḵẖāẓa‘at
مخاضنة	muḵẖāẓanat
مخاط	muḵẖāt̤
مخاطب	muḵẖāt̤ab
مخاطبة	muḵẖāt̤abat
مخاطبیة	muḵẖāt̤abīyat
مخاطبین	muḵẖāt̤ibīn
مخاطم	maḵẖāt̤im
مخاطه	muḵẖāt̤a
مخافات	maḵẖāfāt
مخافة	maḵẖāfat
مخافتة	muḵẖāfatat
مخافضة	muḵẖāfaẓat
مخالات	muḵẖāllāt
مخالب	maḵẖālib
مخالبة	muḵẖālabat
مخالة	maḵẖālat
مخالسة	muḵẖālasat
مخالصة	muḵẖālaṣat
مخالط	muḵẖālit̤
مخالطة	muḵẖālat̤at
مخالعة	muḵẖāla‘at
مخالف	muḵhālif
مخالفة	muḵẖālafat
مخالفان	muḵẖālifān
مخالقة	muḵẖālaqat
مخالیق	maḵẖālīq
مخام	maḵẖām
مخامرة	muḵẖāmarat
مخانة	maḵẖānat
مخانق	maḵẖāniq
مخانیث	maḵẖānīs̤
مخاوض	maḵẖāwiẓ
مخاوضة	muḵẖāwaẓat
مخاوف	maḵẖāwif
مخاوفة	muḵẖāwafat
مخایرة	muḵẖāyarat
مخائل	maḵẖā’il
مخب	muḵẖibb
مخباٴ	maḵẖba’
مخبب	muḵẖabbib
مخبث	muḵẖbis̤
مخبثة	maḵẖbas̤at
مخبر	maḵẖbar
مخبرة	maḵẖbarat
مخبری	muḵẖbirī
مخبز	maḵẖbaz
مخبط	miḵẖbat̤
مخبل	muḵẖabbal
مخبو	maḵẖbū
مخبوز	maḵẖbūz
مخبوط	maḵẖbūt̤
مخبول	maḵẖbūl
مخبون	maḵẖbūn
مخة	muḵẖḵẖat
مخت	muḵẖt
مختار	muḵẖtār
مختاراً	muḵẖtār-an
مختاری	muḵẖtārī
مختال	muḵẖtāl
مختاله	muḵẖtāla
مختان	muḵẖtān
مختباٴ	muḵẖtaba’
مختبر	muḵẖtabar
مختبز	muḵẖtabaz
مختبط	muḵẖtabit̤
مختبل	muḵẖtabil
مختبئ	muḵẖtabi’
مختتم	muḵẖtatim
مختتن	muḵẖtatin
مختدع	muḵẖtada‘
مختدم	muḵẖtadim
مخترج	muḵẖtarij
مخترجة	muḵẖtarajat
مخترش	muḵẖtarish
مخترع	muḵẖtara‘
مخترعات	muḵẖtara‘āt
مخترق	muḵẖtaraq
مختزن	muḵẖtazan
مختشع	muḵẖtashi‘
مختص	muḵẖtaṣṣ
مختصان	mnḵẖtaṣṣān
مختصر	muḵẖtaṣar
مختصراً	muḵẖtaṣar-ān
مختصران	muḵẖtaṣarān
مختصم	muḵẖtaṣim
مختصی	muḵẖtaṣī
مختضب	muḵẖtaẓib
مختضع	muḵẖtaẓi‘
مختط	muḵẖtat̤t̤
مختطب	muḵẖtat̤ib
مختطف	muḵẖtat̤if
مختطی	muḵẖtat̤ī
مختفی	muḵẖtafī
مختل	muḵẖtall
مختلب	muḵẖtalib
مختلس	muḵẖtalas
مختلط	muḵẖtalit̤
مختلع	muḵẖtali‘
مختلعة	muḵẖtali‘at
مختلف	muḵẖtalaf
مختلق	muḵẖtalaq
مختم	muḵẖattam
مختمر	muḵẖtamir
مختنق	muḵẖtanaq
مختوم	maḵẖtūm
مختون	maḵẖtūn
مخجل	muḵẖjil
مخدة	miḵẖaddat
مخدرات	muḵẖaddarāt
مخدع	muḵẖadda‘
مخدم	miḵẖdam
مخدور	maḵẖdūr
مخدوم	maḵẖdūm
مخدومه	maḵẖdūma
مخدومیة	maḵẖdūmīyat
مخذف	miḵẖẕaf
مخذفة	miḵẖẕafat
مخذل	muḵẖaẕẕil
مخذم	miḵẖẕam
مخذول	maḵẖẕūl
مخر	maḵẖr
مخراط	miḵẖrāt̤
مخران	maḵẖrān
مخرب	muḵẖrib
مخرج	maḵẖraj
مخرز	miḵẖraz
مخرط	miḵẖrat̤
مخرطم	muḵẖart̤im
مخرف	maḵẖraf
مخرفة	maḵẖrafat
مخرق	maḵẖraq
مخرقة	maḵẖraqat
مخرمیة	maḵẖrimīyat
مخرنقة	muḵẖarniqat
مخروب	maḵẖrūb
مخروز	maḵẖrūz
مخروط	maḵẖrūt̤
مخروطی	maḵẖrūt̤ī
مخروف	maḵẖrūf
مخروق	maḵẖrūq
مخروم	maḵẖrūm
مخزق	miḵẖzaq
مخزن	maḵẖzan
مخزوم	maḵẖzūm
مخزون	maḵẖzūn
مخزی	muḵẖzī
مخستان	muḵẖistān
مخسر	muḵẖsir
مخسنوس	muḵẖsinūs
مخسور	maḵẖsūr
مخسوف	maḵẖsūf
مخشاة	maḵẖshāt
مخشع	muḵẖshi‘
مخشن	muḵẖashshin
مخشنة	maḵẖshanat
مخشوش	maḵẖshūsh
مخشی	muḵẖashshī
مخشیة	maḵẖshiyat
مخصاب	miḵẖṣāb
مخصال	miḵẖṣāl
مخصب	muḵẖṣib
مخصرم	muḵẖaṣrim
مخصص	muḵẖaṣṣiṣ
مخصف	miḵẖṣaf
مخصوف	maḵẖṣūf
مخصور	maḵẖṣūr
مخصوص	maḵẖṣūṣ
مخصوصاً	maḵẖṣūṣ-an
مخصوصیة	maḵẖṣūṣīyat
مخصٰی	maḵẖṣá
مخصی	maḵẖṣī
مخضب	miḵẖẓab
مخضد	miḵẖẓad
مخضر	muḵẖaẓẓar
مخضرة	maḵẖẓarat
مخضرم	muḵẖaẓram
مخضع	muḵẖẓi‘
مخضم	maḵẖẓam
مخضوب	maḵẖẓūb
مخضود	maḵẖẓūd
مخضوع	maḵẖẓū‘
مخط	maḵẖt̤
مخطاط	miḵẖt̤āt̤
مخطب	muḵẖt̤ib
مخطر	muḵẖt̤ir
مخطط	muḵẖat̤t̤at̤
مخطوب	maḵẖt̤ūb
مخطور	maḵẖt̤ūr
مخطوط	maḵẖt̤ūt̤
مخطوم	maḵẖt̤ūm
مخطی	muḵẖt̤i’
مخف	muḵẖiff
مخفر	muḵẖfir
مخفض	maḵẖfaẓ
مخفف	muḵẖaffaf
مخفوض	maḵẖfūẓ
مخفوضة	maḵẖfūẓat
مخفوف	maḵẖfūf
مخفوق	maḵẖfūq
مخفی	maḵẖfī
مخل	muḵẖill
مخلا	muḵẖallā
مخلاة	miḵẖlāt
مخلاط	miḵẖlāt̤
مخلاف	miḵẖlāf
مخلب	miḵẖlab
مخلج	maḵẖlaj
مخلخل	muḵẖalḵẖal
مخلد	muḵẖlid
مخلص	maḵẖlaṣ
مخلصانه	muḵẖlisāna
مخلصی	maḵẖlaṣī
مخلط	miḵẖlat̤
مخلع	muḵẖalla‘
مخلف	muḵẖlaf
مخلف	muḵẖallaf
مخلفات	muḵẖallafāt
مخلوط	maḵẖlūt̤
مخلوع	maḵẖlū‘
مخلوق	maḵẖlūq
مخلوقات	maḵẖlūqāt
مخلوقیة	maḵẖlūqīyat
مخلیٰ	miḵẖlá
مخمد	muḵẖmid
مخمس	muḵẖammas
مخمسات	muḵẖammasāt
مخمسة	muḵẖammasat
مخملی	maḵẖmalī
مخمن	muḵẖammin
مخمور	maḵẖmūr
مخموس	maḵẖmūs
مخمیدن	maḵẖmīdan
مخن	maḵẖn
مخنث	muḵẖannas̤
مخنثی	muḵẖannis̤ī
مخندق	muḵẖandiq
مخنده	maḵẖanda
مخنع	muḵẖni‘
مخنق	maḵẖnaq
مخنقة	miḵẖnaqat
مخنوق	maḵẖnūq
مخور	muḵẖūr
مخوض	miḵẖwaẓ
مخوف	maḵẖūf
مخوفات	maḵẖūfāt
مخوفة	maḵẖūfat
مخول	maḵẖūl
مخون	muḵẖauwin
مخیب	muḵẖaiyib
مخیخ	maḵẖīḵẖ
مخید	maḵẖīd
مخیدن	maḵẖīdan
مخیده	maḵẖīda
مخیر	muḵẖaiyar
مخیز	maḵẖez
مخیض	maḵẖīẓ
مخیط	maḵẖīt̤
مخیطا	maḵẖīt̤ā
مخیف	maḵẖīf
مخیل	maḵẖīl
مخیم	muḵẖīm
مد	mad
مد	madd
مدابر	mudābar
مدابرة	mudābarat
مدابغ	madābig̱ẖ
مدابیر	madābīr
مدات	maddāt
مداج	mudāj
مداح	maddāḥ
مداحی	maddāḥī
مداخل	madāḵẖil
مداد	midād
مدار	ma-dār
مدار	madār
مدارا	mudārā
مداراة	mudārāt
مدارج	madārij
مدارس	madāris
مدارسة	mudārasat
مدارکار	madār-kār
مدارکة	mudārakat
مداری	mudārī
مداعاة	mudā‘āt
مداعبة	mudā‘abat
مداعی	madā‘ī
مدافع	madāfi‘
مدافعة	mudāfa‘at
مداق	madāqq
مدال	madāl
مدالاة	mudālāt
مدالسة	mudālasat
مدام	mudām
مدامة	mudāmat
مدامع	madāmi‘
مدامی	mudāmī
مدانس	madānis
مدانیس	madānīs
مداوا	mudāwā
مداورة	mudāwarat
مداوسة	mudāwasat
مداولة	mudāwalat
مداوم	mudāwim
مداومة	mudāwamat
مداوی	mudāwá
مداهاة	mudāhāt
مداهرة	mudāharat
مداهن	madāhin
مداهنة	mudāhanat
مداهی	mudāhī
مدئح	madā’iḥ
مدائن	madā’in
مداینة	mudāyanat
مدائنی	madā’inī
مدائین	madā’īn
مدبة	madabbat
مدبج	mudabbaj
مدبر	mudbir
مدبرات	mudabbirāt
مدبری	mudbirī
مدبغ	muddabig̱ẖ
مدبغة	madbag̱ẖat
مدبق	mudbiq
مدبور	madbūr
مدبوغ	madbūg̱ẖ
مدبول	madbūl
مدة	maddat
مدتها	muddat-hā
مدتی	muddate
مدثر	mudas̤s̤ar
مدح	madḥ
مدحة	midḥat
مدحرج	mudaḥraj
مدحور	madḥūr
مدحوس	madḥūs
مدحه	midḥa
مدخ	madḵẖ
مدخل	madḵẖal
مدخلی	madḵẖalī
مدخن	madḵẖan
مدخنة	midḵẖanat
مدخول	madḵẖūl
مدد	madad
مددة	midadat
مدر	ma-dar
مدر	madar
مدرات	mudirrāt
مدرار	midrār
مدرب	mudarrab
مدرة	madarat
مدرجة	madrajat
مدرس	ma-dars
مدرس	midras
مدرسانه	madrasāna
مدرسی	mudarrisī
مدرع	mudarri‘
مدرک	mudrak
مدرکیة	mudrikīyat
مدروس	madrūs
مدروک	madrūk
مدرهم	mudarham
مدری	midrá
مدسع	madsa‘
مدش	madsh
مدعا	mudda‘ā
مدعات	mudda‘āt
مدعاة	mad‘āt
مدعثر	muda‘s̤ir
مدعس	mid‘as
مدعی	mud‘ī
مدعیة	mudda‘īyat
مدغم	mudg̱ẖam
مدفع	madfa‘
مدفعة	madfa‘at
مدفن	madfan
مدفوع	madfū‘
مدفون	madfūn
مدقق	mudaqqaq
مدققانه	mudaqqaqāna
مدقوق	madqūq
مدکش	mad-kash
مدکوک	madkūk
مدل	madl
مدلج	mudlij
مدلع	mudli
مدلل	mudallal
مدلول	madlūl
مدله	mudallah
مدمد	madmad
مدمغ	mudammag̱ẖ
مدمقس	mudamqas
مدمک	midmak
مدمل	mudammil
مدممونتن	madmamūnitan
مدمن	mudmin
مدموغ	madmūg̱ẖ
مدموم	madmūm
مدن	ma-dan
مدن	mudun
مدنس	mudannas
مدنگ	madang
مدنی	mudnī
مدنیة	madanīyat
مدواس	midwās
مدود	midwad
مدور	mudauwar
مدوس	midwas
مدوک	midwak
مدوم	midwam
مدون	mudūn
مدونه	madūnih
مده	madh
مده	madda
مده	muddah
مدهامة	mudhāmmat
مدهش	mudhish
مدهن	mudhin
مدهور	madhūr
مدهوش	madhūsh
مدهوشی	madhūshī
مدهون	madhūn
مدهی	mudahhī
مدی	madī
مدیان	midyān
مدیح	madīḥ
مدید	madīd
مدیر	mudīr
مدیک	madīk
مدیل	mudīl
مدین	madyan
مدینا	madinā
مدینی	madyanī
مدیون	madyūn
مدئی	mud’ī
مذ	muẕ
مذاء	miẕā’
مذاب	muẕāb
مذاٴبة	maẕ’abat
مذابح	maẕābiḥ
مذاح	maẕāḥ
مذارع	maẕāri‘
مذارعة	muẕāra‘at
مذارف	maẕārif
مذاریع	maẕārī‘
مذاع	maẕẕā‘
مذاق	maẕāq
مذاقاً	maẕāq-an
مذاکرات	muẕākarāt
مذاکیر	maẕākīr
مذال	muẕāl
مذام	maẕāmm
مذاهب	maẕāhib
مذاهنة	muẕāhanat
مذبة	maẕabbat
مذبح	maẕbaḥ
مذبر	muẕabbar
مذبوب	maẕbūb
مذبوح	maẕbūḥ
مذبوحات	maẕbūḥāt
مذبوحی	maẕbūḥī
مذبور	maẕbūr
مذبول	maẕbūl
مذح	maẕaḥ
مذحج	maẕḥij
مذخر	muẕẕaḵẖir
مذخور	maẕḵẖūr
مذر	maẕar
مذراع	miẕrā‘
مذرع	muẕri‘
مذروان	miẕrawāni
مذروب	maẕrūb
مذرور	maẕrūr
مذروع	maẕrū‘
مذریٰ	miẕrá
مذع	maẕ‘
مذعر	muẕ‘ir
مذعور	maẕ‘ūr
مذق	maẕq
مذکار	miẕkār
مذکر	muẕkir
مذکور	maẕkūr
مذکورات	maẕkūrāt
مذکوره	maẕkūra
مذکوری	maẕkūrī
مذلة	maẕallat
مذلق	muẕlaq
مذلل	muẕallal
مذلول	maẕlūl
مذم	muẕimm
مذمة	maẕammat
مذمم	muẕammam
مذموم	maẕmūm
مذمیذ	miẕmīẕ
مذنب	muẕnib
مذنگ	maẕang
مذوب	miẕwab
مذوبة	miẕwabat
مذؤوب	maẕ’ūb
مذهب	maẕhab
مذهبی	maẕhabī
مذی	maẕy
مذیب	maẕīb
مذیذ	maẕīẕ
مذیع	muẕī‘
مذیق	maẕīq
مذیل	muẕaiyal
مر	mar
مرا	marā
مراء	mirā’
مراءاة	murā’āt
مرابح	marābiḥ
مرابحة	murābaḥat
مرابط	marābit̤
مرابطة	murābat̤at
مرابع	marābi‘
مرابعة	murāba‘at
مرابیع	marābī‘
مرآة	mar’āt
مراٴة	mar’at
مرات	marrāt
مراتب	marātib
مراتبات	marātibāt
مراتع	marāti‘
مراثی	marās̤ī
مراجحة	murājaḥat
مراجعة	murāja‘at
مراجل	marājil
مراح	marāḥ
مراحل	marāḥil
مراحلة	murāhalat
مراحم	marāḥim
مراخاة	murāḵẖāt
مراد	marād
مراد	mirād
مراداة	murādāt
مرادات	murādāt
مرادة	marādat
مرادة	murāddat
مرادغ	marādig̱ẖ
مرادف	murādaf
مرادفة	murādafat
مرادمند	murādmand
مرادی	murādī
مرادیات	murādiyāt
مرار	marār
مراراً	mirār-an
مرارة	marārat
مراری	marārī
مرازبة	marāzibat
مرازی	marāzī
مرازیب	marāzīb
مراس	mirās
مراسغة	murāsag̱ẖat
مراسل	murāsil
مراسم	marāsim
مراسی	marāsī
مراسیل	marāsīl
مراسیم	marāsīm
مراش	mirāsh
مراشد	marāshid
مراشف	marāshif
مراصد	marāṣid
مراصدة	murāsadat
مراض	mirāẓ
مراضاة	murāẓāt
مراضع	marāẓi‘
مراضعة	murāẓa‘at
مراضیع	marāẓī‘
مراط	mirāt̤
مرعاة	murā’āt
مراعی	marā‘ī
مراغ	marāg̱ẖ
مراغب	marāg̱ẖib
مراغبات	murāg̱ẖabāt
مراغبة	murāg̱ẖabat
مراغم	murāg̱ẖam
مراغمة	murāg̱ẖamat
مراغه	marāg̱ẖa
مراغیدن	marāg̱ẖīdan
مرافاٴة	murāfa‘at
مرافد	marāfid
مرافدة	murāfadat
مرافع	murāfi‘
مرافق	marāfiq
مرافقة	murāfaqat
مراق	marāqq
مراقب	murāqib
مراقد	marāqid
مراقی	marāqī
مراک	marāk
مراکب	marākib
مراکبی	marākibī
مراکضة	murāqaẓat
مرال	marāl
مرام	marām
مراماة	murāmāt
مرامر	murāmir
مرامقة	murāmaqat
مرامی	marāmī
مران	mirān
مرانة	marānat
مرانیه	murānaya
مراوح	marāwiḥ
مراوحة	murāwaḥat
مراود	murāwid
مراوزة	marāwizat
مراوفة	murāwafat
مراوق	murāwiq
مراهاة	murāhāt
مراهق	murāhiq
مراهقة	murāhaqat
مراهم	marāhim
مراهن	murāhin
مراهنة	murāhanat
مرایا	marāyā
مرایات	murāyāt
مرایحة	murāyaḥat
مرائر	marā’ir
مرائی	marā’ī
مربا	murabbā
مرباع	mirbā‘
مربب	murabbab
مربة	marabbat
مربد	mirbad
مربع	marba‘
مربوط	marbūt̤
مربوع	marbū‘
مربوعة	marbū‘at
مربوق	marbūq
مربویا	marbūyā
مربه	murraba
مربی	marbá
مربیات	murabbayāt
مرة	marat
مرت	mart
مرتاح	murtāḥ
مرتاش	murtāsh
مرتاض	murtāẓ
مرتب	murattab
مرتبان	martabān
مرتبط	murtabat̤
مرتبق	murtabiq
مرتجح	murtajiḥ
مرتجز	murtajiz
مرتجل	murtajal
مرتجم	murtajim
مرتجی	murtajī
مرتحل	murtaḥil
مرتخص	murtaḵẖiṣ
مرتد	murtadd
مرتدف	murtadif
مرتزق	murtazaq
مرتسم	murtasam
مرتش	murtash
مرتشی	murtashī
مرتضیٰ	murtaẓá
مرتع	marta‘
مرتعد	murta‘id
مرتعش	murta‘ish
مرتعی	murta‘ī
مرتغب	murtag̱ẖib
مرتفد	murtafid
مرتفع	murtafi‘
مرتفق	murtafaq
مرتقب	murtaqib
مرتقی	murtaqá
مرتک	martak
مرتکب	murtakib
مرتکم	murtakim
مرتکو	martakū
مرتکیٰ	murtaká
مرتل	murattil
مرتمی	murtamī
مرتوی	murtawī
مرتهن	murtahan
مرث	mars̤
مرثاة	mars̤āt
مرج	marj
مرجاة	marjāt
مرجاده	marjāda
مرجاس	mirjās
مرجام	mirjām
مرجان	marjān
مرجانی	marjānī
مرجاوه	marjāwa
مرجائی	murjā’ī
مرجب	murajjab
مرجح	murajjaḥ
مرجز	murajjaz
مرجع	marja‘
مرجف	murjif
مرجل	marjal
مرجم	mirjam
مرجمک	marjumak
مرجو	marjū
مرجوب	marjūb
مرجوح	marjūḥ
مرجوحة	marjūḥat
مرجوحیة	marjūḥīyat
مرجوع	marjū‘
مرجوم	marjūm
مرجؤن	murja’ūna
مرجونة	marjūnat
مرجئ	murji’
مرچ	marich
مرحاض	mirḥāẓ
مرحان	maraḥān
مرحب	marḥab
مرحبة	marḥabat
مرحضة	mirḥaẓat
مرحل	mirḥal
مرحم	muraḥḥam
مرحمة	marḥamat
مرحول	marḥūl
مرحوم	marḥūm
مرحی	muraḥḥī
مرخ	marḵẖ
مرخشه	maraḵẖsha
مرخص	muraḵẖḵẖaṣ
مرخصی	muraḵẖḵẖasī
مرخم	muraḵẖḵẖam
مرخی	marḵẖī
مرد	mard
مرداء	muradā’
مرداب	mardāb
مرداد	murdād
مردار	murdār
مرداس	mardās
مرداش	mardāsh
مردافکن	mard-afkan
مردان	mardān
مردانگی	mardānagī
مردانه	mardāna
مردانی	mardānī
مرداوژن	mard-avzhan
مردباز	mard-bāz
مردبان	mardubān
مردبچه	mard-bacha
مردد	muraddad
مردری	murdarī
مردریگ	murdareg
مردس	mirdas
مردشوی	murd-shūy
مردع	muradda‘
مردف	murdif
مردقوش	mardaqosh
مردک	mardak
مردگان	murdagān
مردگوش	mardgosh
مردگی	mardagī
مردگیر	mard-gīr
مردم	mardum
مردمان	mardumān
مردمک	mardumak
مردمه	marduma
مردمی	mardumī
مردن	mirdan
مردن	murdan
مردنی	murdanī
مردود	mardūd
مردودی	mardūdī
مردوس	mardūs
مردوع	mardū‘
مردون	mardūn
مردوی	murdawī
مرده	murda
مردها	murda-hā
مردی	mardī
مردیٰ	mirdá
مرذول	marẕūl
مرر	mirar
مرز	marz
مرزا	mirzā
مرزاب	mirzāb
مرزان	murzān
مرزائی	mirzā’ī
مرزة	marazzat
مرزح	marzaḥ
مرزز	murazzaz
مرزغان	marzag̱ẖān
مرزگون	marzgūn
مرزم	mirzam
مرزمان	mirzamān
مرزن	marzan
مرزنجوش	marzanjūsh
مرزنگوش	marzangosh
مرزو	marzū
مرزوبوم	murzūbūm
مرزوق	marzūq
مرزوقات	marzūqāt
مرزوم	marzūm
مرزوی	marzūy
مرزه	marza
مرس	mars
مرساة	mirsāt
مرسب	mirsab
مرست	marast
مرسس	murassas
مرسع	murassi‘
مرسل	mursal
مرسلات	mursalāt
مرسلین	mursalīn
مرسم	murassam
مرسوم	marsūm
مرسون	marsūn
مرسیة	mursiyat
مرسیلیا	marsīliyā
مرش	marsh
مرشاء	marshā’
مرشال	marshāl
مرشة	mirashshat
مرشح	mirshaḥ
مرشد	marshad
مرشدی	murshidī
مرشف	marshaf
مرشوش	marshūsh
مرصاد	mirṣād
مرصد	marṣad
مرصص	muraṣṣaṣ
مرصع	murassa‘
مرصعینه	muraṣṣa‘īna
مرصود	marṣūd
مرصوص	marṣūs
مرصوف	marṣūf
مرصون	marṣūn
مرض	marẓ
مرضا	marẓā
مرضاة	marẓāt
مرضاح	mirẓāḥ
مرضافة	mirẓāfat
مرضخة	mirẓaḵẖat
مرضع	marẓa‘
مرضو	marẓūw
مرضوح	marẓūh
مرضوض	marẓūz
مرضوف	marẓūf
مرضیٰ	marẓá
مرضی	marẓī
مرط	mart̤
مرطب	mart̤ab
مرطبان	mart̤abān
مرطبنة	mart̤abanat
مرطوب	mart̤ūb
مرطیس	mart̤īs
مرع	mar‘
مرعاة	mar‘āt
مرعان	mur‘ān
مرعبة	mar‘abat
مرعد	mur‘id
مرعوب	mar‘ūb
مرعی	mar‘á
مرغ	marg̱ẖ
مرغاب	murg̱ẖāb
مرغابی	murg̱ẖābī
مرغان	murg̱ẖān
مرغانه	murg̱ẖāna
مرغب	murg̱ẖib
مرغباز	murg̱ẖ-bāz
مرغبازی	murg̱ẖ-bāzī
مرغة	marg̱ẖat
مرغزار	marg̱ẖzār
مرغزن	marg̱ẖazan
مرغزی	marg̱ẖazī
مرغش	marg̱ẖash
مرغک	murg̱ẖak
مرغوب	marg̱ẖūb
مرغوس	marg̱ẖūs
مرغول	marg̱ẖūl
مرغه	murg̱ẖa
مرغیان	marag̱ẖiyān
مرفا	marfā
مرفد	murfid
مرفشة	mirfashat
مرفقة	mirfaqat
مرفو	marfū
مرفوض	marfūẓ
مرفوع	marfū‘
مرفه	marfa
مرفه	muraffah
مرق	marq
مرقب	marqab
مرقد	marqad
مرقشیشا	marqashīshā
مرقع	muraqqa‘
مرقق	muraqqaq
مرقم	mirqam
مرقوم	marqūm
مرقون	marqūn
مرقیه	marqīya
مرکب	markab
مرکبات	murakkabāt
مرکزی	markazī
مزکضة	mirkaẓat
مرکن	mirkan
مرکوب	markūb
مرکوز	markūz
مرکوض	markūẓ
مرکوم	markūm
مرگ	marg
مرگامرگ	marg-ā-marg
مرگو	murgū
مرم	maram
مرماة	mirmāt
مرمازه	marmāza
مرمة	marammat
مرمتی	marammatī
مرمر	marmar
مرمس	marmas
مرموز	marmūz
مرموق	marmūq
مرمول	marmūl
مرمی	marmá
مرن	marn
مرنان	mirnān
مرنب	marnab
مرنة	murinnat
مرنج	maranj
مرند	mirand
مرنگ	marang
مرنگو	marangū
مرو	marv
مروا	murwā
مرواٴة	murū’at
مروارید	marwārīd
مروب	mirwab
مروتی	murūwatī
مروج	murūj
مروح	marūḥ
مروحة	marwaḥat
مرود	murūd
مرودة	murūdat
مرور	murūr
مرورشک	marvrishk
مروریه	marwariya
مروز	murūz
مروزی	marwazī
مروسیدن	marosīdan
مروش	ma-rosh
مروض	marūẓ
مروط	murūt̤
مروع	murauwa‘
مروق	murūq
مرون	marūn
مرونة	murūnat
مروه	marwa
مروی	marwī
مره	marah
مره	marra
مرهاء	marhā’
مرهب	murhib
مرهف	murhaf
مرهفات	murhafāt
مرهق	murhaq
مرهل	murahhal
مرهم	marham
مرهمة	marhamat
مرهوب	marhūb
مرهوف	marhūf
مرهون	marhūn
مری	mire
مریافلن	muryāfilun
مریب	murīb
مریة	miryat
مریة	murrīyat
مریج	marīj
مریج	marrīj
مریح	marīḥ
مریخ	mirrīḵẖ
مریخی	mirrīḵẖī
مرید	marīd
مریدانه	murīdāna
مریدن	marīdan
مریدی	murīdī
مریر	marīr
مریس	marīs
مریشم	mareshum
مریض	marīẓ
مریع	marī‘
مریم	maryam
مریم	mirīm
مری	marī’
مز	maz
مز	mazz
مزاٴبق	muza’baq
مزابل	mazābil
مزابیة	muzābanat
مزاج	mizāj
مزاجگیر	mizāj-gīr
مزاجی	mizājī
مزاح	mizāḥ
مزاحف	mazāḥif
مزاحکة	muzāḥakat
مزاحم	muzāḥim
مزاحمة	muzāḥamat
مزاخرة	muzāḵẖarat
مزاد	mazād
مزادة	mazādat
مزار	mazār
مزارة	mazārat
مزارة	muzārrat
مزارستان	mazāristān
مزارسنگ	mazār-sang
مزارع	mazāri‘
مزارعة	muzāra‘at
مزاریع	mazārī‘
مزاریق	mazārīq
مزاعلة	muzā‘alat
مزاق	mizāq
مزاک	mazāk
مزاکنة	muzākanat
مزالف	mazālif
مزاملة	muzāmalat
مزامنة	muzāmanat
مزامیر	mazāmīr
مزاناة	muzānāt
مزاوجة	muzāwajat
مزاود	muzāwid
مزاولة	muzāwalat
مزاهر	mazāhir
مزایاٴ	mazāya’
مزائد	mazā‘id
مزایدة	muzāyadat
مزایلة	muzāyalat
مزبد	muzbid
مزبر	mizbar
مزبرة	mazbarat
مزبق	muzabbaq
مزبور	mazbūr
مزبورون	mazbūrūn
مزج	mazj
مزجاة	muzjāt
مزجور	mazjūr
مزح	mazḥ
مزحزح	muzaḥzaḥ
مزحف	mazḥaf
مزحم	mizḥam
مزحور	mazḥūr
مزخرف	muzaḵẖraf
مزحرفات	muzaḵẖrafāt
مزخف	muẓḵẖif
مزد	muzd
مزدبر	muzd-bar
مزدجر	muzdajir
مزدحم	muzdaḥam
مزدرع	muzdara‘
مزدفان	mazdafān
مزدقان	mazdaqān
مزدک	mazdak
مزدلفة	muzdalifat
مزدوج	muzdawij
مزدوران	muzdūrān
مزدورانه	muzdūrāna
مزدوری	muzdūrī
مزده	muzda
مزدها	muzdahā
مزدهد	muzdahid
مزدهف	muzdahif
مزر	mazr
مزراب	mizrāb
مزراف	mizrāf
مزراق	mizrāq
مزرد	mazrad
مزرع	mazra‘
مزرکش	muzarkash
مزرودة	mazrūdat
مزروع	mazrū‘
مزره	mazra
مزریة	mazriyat
مزع	maz‘
مزعاج	miz‘āj
مزعف	muz‘if
مزعفر	muza‘far
مزعم	maz‘am
مزعوق	maz‘ūq
مزغب	mazg̱ẖib
مزفة	mizaffat
مزفر	muzaffar
مزفوف	mazfūf
مزق	mazq
مزقة	mazqat
مزقور	mazqūr
مزکن	muzakkin
مزکوت	mazkūt
مرکوم	mazkūm
مزکی	muzakká
مزگ	mazg
مزگت	mazgit
مزگه	mizga
مزگی	mazagī
مزل	muzill
مزلاق	mizlāq
مزلات	mazallāt
مزلة	mazillat
مزلفة	mazlafat
مزلق	mazlaq
مزمار	mizmār
مزمزان	mazmazān
مزمزه	mazmaza
مزمع	muzmi‘
مزمل	muzammal
مزمن	muzmin
مزمور	mazmūr
مزموقة	muzmūqat
مرموم	mazmūm
مزن	mazn
مرنا	miznā
مزنة	muznat
مزنده	mazanda
مزنگو	mazangū
مزنوق	maznūq
مزنی	muzanī
مزو	mazū
مزواج	mizwāj
مزواد	mizwād
مزوج	muzauwaj
مزود	mizwad
مزود	muzauwad
مزور	mazūr
مزوری	muzūrī
مزوع	muzū‘
مزوق	muzauwaq
مزون	mazūn
مزه	maza
مزهد	muzhid
مزهر	mizˌhar
مزهف	muzˌhaf
مزیة	mazīyat
مزیت	mazīt
مزیج	mizej
مزیح	mazeh
مزید	mazīd
مزیدن	mazīdan
مزیده	mazīda
مزیر	mazīr
مزیل	muzīl
مزین	muzaiyan
مزینة	muzainat
مزیوت	mazyūt
مژ	mazh
مژد	muzhd
مژدقان	mazhdaqān
مژدگان	muzhdagān
مژدگانی	muzhdagānī
مژدها	muzhdahā
مژمژ	mizhmizh
مژنگ	mazhang
مژو	mizhū
مژیده	mazhīda
مس	mas
مس	mass
مساءة	masā’at
مسابة	musābbat
مسابحة	musābaḥat
مسابع	masābi‘
مسابقة	musābaqat
مساترة	musātarat
مساجد	masājid
مساح	massāḥ
مساحة	misāḥat
مساحقه	musāḥiqa
مساحنة	musāḥanat
مساحی	massāḥī
مساخفة	musāḵẖafat
مساد	misād
مسار	masārr
مسارات	musārrāt
مسارب	masārib
مسارة	musārrat
مسارح	masāriḥ
مسارعة	musāra‘at
مسارقة	musāraqat
مساری	musārī
مساریع	masārī‘
مساس	masās
مساطب	masāt̤ib
مساطر	masāt̤ir
مساعاة	musā‘āt
مساعد	masā‘id
مساعر	masā‘ir
مساعف	musā‘if
مساعفة	musā‘afat
مساعی	masā‘ī
مساعیر	masā‘īr
مسافة	masāfat
مسافحة	musāfaḥat
مسافر	musāfir
مسافرانه	musāfirāna
مسافرة	musāfarat
مسافری	musāfirī
مسافعة	musāfa‘at
مسافهة	musāfahat
مساق	masāq
مساقاة	musāqāt
مساقط	masāqit̤
مساقطة	musāqat̤at
مساکة	masākat
مساکتة	musākatat
مساکن	masākin
مساکنة	musākanat
مساکین	masākīn
مسال	musāl
مسالح	masāliḥ
مسالخ	masāliḵẖ
مسالف	masālif
مسالفة	musālafat
مسالق	masāliq
مسالک	masālik
مسالم	musālim
مساٴله	mas’ala
مسالیط	masālīt̤
مسالیق	masālīq
مسام	masāmm
مساماة	musāmāt
مسامح	musāmiḥ
مسامر	musāmir
مسامرة	musāmarat
مسامع	masāmi‘
مسامیح	masāmīḥ
مسامیر	masāmīr
مساناة	musānāt
مسانحة	musānaḥat
مساند	masānid
مساندة	musānadat
مسانف	masānif
مسانهة	musānahat
مسانید	masānīd
مساواة	musāwāt
مساودة	musāwadat
مساور	masāwir
مساوعة	musāwa‘at
مساوفة	musāwafat
مساوقة	musāwaqat
مساوم	musāwim
مساومة	musāwamat
مساوی	masāwī
مساوئة	musāwi’at
مساهاة	musāhāt
مساهرة	musāharat
مساهل	musāhil
مساهم	musāhim
مساهمة	musāhamat
مسایة	masāyat
مسائح	masā’iḥ
مسایرة	musāyarat
مسایفة	musāyafat
مسائل	musā’il
مسائیة	masā’iyat
مسبار	misbār
مسبب	musabbab
مسبة	masabbat
مسبت	musbit
مسبتات	musabbitāt
مسبح	musabbiḥ
مسبحة	musabbiḥat
مسبرة	masbarat
مسبع	musabba‘
مسبعة	masba‘at
مسبل	musbil
مسبوت	masbūt
مسبور	masbūr
مسبوق	masbūq
مسبوک	masbūk
مست	mast
مستاٴثر	musta’s̤ir
مستاٴجر	musta’jar
مستاجری	mustājirī
مستاٴجل	musta’jil
مستاٴحد	musta’ḥid
مستاٴخذ	musta’ḵẖiẕ
مستاٴخر	musta’ḵẖir
مستاٴدب	musta’dib
مستاٴدی	musta’dī
مستاٴذن	musta’ẕin
مستار	mastār
مستاٴسد	musta’sid
مستاٴسر	musta’sir
مستاٴصل	muta’ṣal
مستاٴکل	musta’kil
مستاٴمم	musta’mim
مستاٴمن	musta‘min
مستان	mastān
مستاٴنس	musta‘nis
مستانه	mastāna
مستانی	mastānī
مستاٴنی	musta’nī
مستاٴهل	musta’hil
مستجر	mustabḥir
مستبد	mustabidd
مستبدع	mustabdi‘
مستبدل	mustabdil
مستبر	mustabir
مستبرز	mustabriz
مستبشر	mustabshir
مستبصر	mustabṣir
مستبضع	mustabẓi‘
مستبطن	mustabt̤in
مستبعد	mustab‘ad
مستبغی	mustabg̱ẖī
مستبق	mustabiq
مستبقی	mustabqī
مستبکی	mustabkī
مستبند	mustband
مستبهج	mustabhij
مستبیت	mustabīt
مستبیح	mustabīḥ
مستبیع	mustabī
مستبین	mustabīn
مستتبع	mustatbi‘
مستتر	mustatar
مستتم	mustatimm
مسستثبت	mustas̤bit
مستثقل	mustas̤qal
مستثنی	mustas̤ná
مستثیب	mustas̤īb
مستجاب	mustajāb
مستجاد	mustajād
مستجد	mustajidd
مستجر	mustajirr
مستجمع	mustajma‘
مستجهل	mustajhil
مستجید	mustajīd
مستجیر	mustajīr
مستجیش	mustajīsh
مستحاضة	mustaḥāẓat
مستحب	mustaḥabb
مستحث	mustaḥis̤s̤
مستحجر	mustaḥjir
مستحد	mustaḥidd
مستحدث	mustaḥdas̤
مستحرم	mustaḥrim
مستحسن	mustaḥsan
مستحصد	mustaḥṣid
مستحصر	mustaḥṣir
مستحضر	mustaḥẓar
مستحفظ	mustaḥfiz̤
مستحق	mustaḥaqq
مستحقر	mustaḥqar
مستحکم	mustaḥkam
مستحل	mustaḥall
مستحلب	mustaḥlab
مستحلف	mustaḥlif
مستحلک	mustaḥlik
مستحم	mustaḥamm
مستحیر	mustaḥīr
مستحیل	mustaḥīl
مستحیلات	mustaḥīlāt
مستخبر	mustaḵẖbir
مستخدم	mustaḵẖdam
مستخرج	mustaḵẖraj
مستخف	mustaḵẖiff
مستخفی	mustaḵẖfī
مستخلص	mustaḵẖlaṣ
مستخمر	mustaḵẖmir
مستد	mustadd
مستدار	mustadār
مستدام	mustadām
مستدبر	mustadbir
مستدخل	mustadḵẖil
مستدعی	mustad‘á
مستدق	mustadaqq
مستدل	mustadall
مستدیر	mustadīr
مستدیم	mustadīm
مستدین	mustadīn
مستذکر	mustaẕkir
مستذکی	mustaẕkī
مستذل	mustaẕill
مستذم	mustaẕimm
مستذنب	mustaẕnib
مستر	mistar
مستراح	mustarāḥ
مسترجل	mustarjil
مسترجیٰ	mustarjá
مسترخص	mustarḵẖiṣ
مسترخی	mustarḵẖá
مسترد	mustaradd
مستردف	mustardif
مسترذل	mustarẕal
مسترشد	mustarshid
مسترشی	mustarshī
مسترضع	mustarẓi‘
مسترعی	mustar‘ī
مسترفع	mustarfi‘
مسترق	mustariq
مسترقة	mustariqat
مسترقع	mustarqi‘
مسترو	mastarū
مستروح	mustarwiḥ
مسترهن	mustarhin
مستری	mustarī
مستریح	mustarīḥ
مستریض	mustarīẓ
مستزاد	mustazād
مستزمر	mustazmir
مستزیر	mustazīr
مستساغ	mustasāg̱ẖ
مستسخر	mustasḵẖir
مستسر	mustasirr
مستسری	mustasrī
مستسعد	mustas‘ad
مستسعی	mustas‘ī
مستسقی	mustasqī
مستسلف	mustaslif
مستسلم	mustaslim
مستسمن	mustasmin
مستسند	mustasnid
مستسهل	mustasˌhil
مستشار	mustashār
مستشرف	mustashrif
مستشزر	mustashzir
مستشزرات	mustashzirāt
مستشعر	mustash‘ir
مستشفی	mustashfī
مستشیر	mustashīr
مستشیط	mustashīt̤
مستصرخ	mustaṣriḵẖ
مستصرف	mustaṣrif
مستصعب	mustaṣ‘ib
مستصفیٰ	mustas̤fá
مستصلح	mustaṣliḥ
مستصوب	mustaṣwib
مستضاع	mustaẓā‘
مستضام	mustaẓām
مستضحی	mustaẓḥī
مستضرع	mustaẓri‘
مستضئ	mustaẓi’
مستضیف	mustaẓīf
مستطاب	mustat̤āb
مستطب	mustat̤ibb
مستطرف	mustat̤raf
مستطرق	mustat̤riq
مستطعم	mustat̤‘im
مستطلع	mustat̤li‘
مستطلق	mustat̤liq
مستطیر	mustat̤īr
مستطیل	mustat̤īl
مستظل	mustaz̤ill
مستظهر	mustaz̤har
مستعار	musta‘ār
مستعان	musta‘ān
مستعبر	musta‘bar
مستعجل	musta‘jil
مستعجلاً	musta‘jil-an
مستعجم	musta‘jim
مستعد	musta‘idd
مستعدی	musta‘iddī
مستعذر	musta‘ẕir
مستعرب	musta‘rib
مستربة	musta‘ribat
مستعرض	musta‘riẓ
مستعرف	musta‘rif
مستعسل	musta‘sil
مستعصم	musta‘ṣim
مستعصی	muta‘ṣī
مستعطی	musta‘t̤ī
مستعظم	musta‘z̤am
مستعف	musta‘iff
مستعفی	musta‘fī
مستعفب	musta‘qab
مستعلف	musta‘lif
مستعلم	musta‘lim
مستعلی	musta‘lī
مستعم	musta‘imm
مستعمر	musta‘mir
مستعمل	musta‘mal
مستعند	musta‘nid
مستعهد	musta‘hid
مستعیر	musta‘īr
مستعین	musta‘īn
مستغاث	mustag̱ẖās̤
مستغرب	mustag̱ẖrab
مستغش	mustag̱ẖishsh
مستغشی	mustag̱ẖshī
مستغفر	mustag̱ẖfir
مستغل	mustag̱ẖall
مستغلب	mustag̱ẖlib
مستغلق	mustag̱ẖliq
مستغلقة	mustag̱ẖlaqat
مستغنی	mustag̱ẖnī
مستغنیانه	mustag̱ẖniyāna
مستغیث	mustag̱ẖīs̤
مستغیر	mustag̱ẖīr
مستفاد	mustafād
مستفاض	mustafāẓ
مستفتی	mustaftī
مستفخر	mustafḵẖir
مستفرد	mustafrid
مستفرغ	mustafrig̱ẖ
مستفسر	mustafsir
مستفضل	mustafẓil
مستفل	mustafil
مستفلح	mustafliḥ
مستفن	mustafinn
مستفهم	mustafhim
مستفید	mustafīd
مستفیض	mustafīẓ
مستفیه	mustafīh
مستقبح	mustaqbaḥ
مستقبل	mustaqbal
مستقبلیات	mustaqbiliyāt
مستقتل	mustaqtil
مستقدر	mustaqdir
مستقدم	mustaqdim
مستقذر	mustaqẕar
مستقر	mustaqarr
مستقص	mustaqiṣṣ
مستقصی	mustaqṣī
مستقفل	mustaqfil
مستقفل	mustaqill
مستقلاً	mustaqil-an
مستقلات	mustaqilāt
مستقوس	mastaqwis
مستقی	mustaqá
مستقید	mustaqīd
مستقیل	mustaqīl
مستقیم	mustaqīm
مستکار	mast-kār
مستکبر	mustakbir
مستکبری	mustakbarī
مستکثر	mustaks̤ir
مستکرم	mustakrim
مستکره	mustakrah
مستکری	mustakrī
مستکشف	mustaḵẖshif
مستکفات	mustakaffāt
مستکفی	mustakfī
مستکلب	mustaklib
مستکمل	mustakmil
مستکنة	mustakinnat
مستکوی	mustakwī
مستلب	mustalab
مستلبث	mustalbis̤
مستلبن	mustalbin
مستلذ	mustalaẕẕ
مستلذات	mustalaẕẕāt
مستلزم	mustalzim
مستلسم	mustalsim
مستلعب	mustal‘ib
مستلقی	mustalqī
مستلهم	mustalhim
مستلیم	mustalīm
مستمال	mustamāl
مستمتع	mustamti‘
مستمد	mustamidd
مستمر	mustamarr
مستمرئ	mustamri’
مستمسک	mustamsak
مستمطر	mustamt̤ir
مستمع	mustami‘
مستمعاً	mustami‘-an
مستمکن	mustamkin
مستمل	mustamill
مستملح	mustamliḥ
مستملی	mustamlī
مستمن	mustaminn
مستمند	mustmand
مستمندانه	mustmandāna
مستمهل	mustamhil
مستمیت	mustamīt
مستمیح	mustamīḥ
مستمیز	mustamīz
مستمیل	mustamīl
مستنبح	mustaṃbiḥ
مستنبط	mustaṃbit̤
مستنبئ	mustaṃbi’
مستنثر	mustans̤ir
مستنجح	mustanjiḥ
مستنجد	mustanjid
مستنجز	mustanjiz
مستنجئ	mustanji’
مستنخب	mustanḵẖib
مستند	mustanad
مستنزل	mustanzal
مستنسب	mustansib
مستنسخ	mustans̤iḵẖ
مستنسر	mustansir
مستنسئ	mustansi’
مستنشد	mustanshid
مستنشی	mustanshi’
مستنصت	mustanṣit
مستنصح	mustanṣiḥ
مستنصر	mustanṣir
مستنصف	mustanṣif
مستنض	mustaniẓẓ
مستنطق	mustant̤iq
مستنظر	mustanz̤ir
مستنعت	mustan‘it
مستنفض	mustanfiẓ
مستنفق	mustanfiq
مستنقذ	mustanqiẕ
مستنقش	mustanqish
مستنقص	mustanqiṣ
مستنقع	mustanqa‘
مستنکح	mustankiḥ
مستنکر	mustankar
مستنکف	mustankif
مستنهج	mustanhij
مستنهر	mustanhir
مستنهض	mustanhiẓ
مستنئ	mustani’
مستنیح	mustanīḥ
مستنیر	mustanīr
مستنیم	mustanīm
مستو	mastū
مستوبل	mustaubil
مستوبئ	mustaubi’
مستوثق	mustaus̤iq
مستوجب	mustaujib
مستوحش	mustauḥish
مستوحل	mustauḥil
مستوخم	mustauḵẖim
مستودع	mustauda‘
مستودعات	mustauda‘āt
مستودی	mustaudī
مستور	mastūr
مستورات	mastūrāt
مستورد	mustaurid
مستوری	mastūrī
مستوری	mustaurī
مستوزر	mustauzir
مستوسخ	mustausiḵẖ
مستوسع	mustausi‘
مستوشم	mustaushim
مستوصف	mustauṣif
مستوصل	mustauṣil
مستوصی	mustauṣī
مستوضح	mustauẓiḥ
مستوضع	mustauẓi‘
مستوطن	mustaut̤an
مستوعب	mustau‘ib
مستوعر	mustau‘ir
مستوفر	mustaufir
مستوفض	mustaufiẓ
مستوفق	mustaufiq
مستوفی	mustaufī
مستوقد	mustauqad
مستوقع	mustauqi‘
مستوقف	mustauqif
مستوکر	mustaukar
مستوکف	mustaukif
مستولی	mustaulī
مستوهب	mustauhib
مستوهل	mustauhal
مستوی	mustawá
مستویاً	mustawiyan
مستهام	mustahām
مستهان	mustahān
مستهتک	mustahtik
مستهدف	mustahdaf
مستهدی	mustahdī
مستهزی	mustahzī
مستهل	mustahall
مستهلک	mustahlak
مستهم	mustahimm
مستی	mastī
مستیسر	mustaisir
مستیقظ	mustaiqiz̤
مستیقن	mustaiqin
مستیمن	mustaimin
مستیمند	mustīmand
مستیئس	mustai’is
مسجد	masjad
مسجدی	masjidī
مسجر	musajjar
مسجع	musajja‘
مسجل	musajjal
مسجود	masjūd
مسجور	masjūr
مسجون	masjūn
مسح	masḥ
مسحاة	misḥāt
مسحر	musaḥḥar
مسحقونیا	masḥaqūniyā
مسحل	misḥal
مسحلان	misḥalāna
مسحوب	masḥūb
مسحور	masḥūr
مسحوق	masḥūq
مسحوقونیا	masḥūqūniyā
مسخ	masḵẖ
مسخر	masḵẖar
مسخرگی	masḵẖaragī
مسخم	musaḵẖḵẖam
مسخوط	masḵẖūt̤
مسد	masd
مسدد	musaddad
مسدس	musaddas
مسدود	masdūd
مسر	masar
مسر	musirr
مسرب	masrab
مسرة	misrat
مسرج	musarraj
مسرح	masraḥ
مسردبیة	musardabīyat
مسردق	musardaq
مسرع	misra‘
مسرف	musrif
مسروح	masrūḥ
مسرود	masrūd
مسرور	masrūr
مسروری	masrūrī
مسروق	masrūq
مسریٰ	masrá
مسط	mast̤
مسطح	mist̤aḥ
مسطر	mast̤ar
مسطنجی	mast̤anjī
مسطور	mast̤ūr
مسطورات	mast̤ūrāt
مسع	mis‘
مسعاة	mas‘āt
مسعار	mis‘ār
مسعد	mus‘ad
مسعر	mis‘ar
مسعود	mas‘ūd
مسعودی	mas‘ūdī
مسعور	mas‘ūr
مسغب	musg̱ẖib
مسغبة	masg̱ẖabat
مسفر	misfar
مسفک	misfak
مسفن	misfan
مسفوح	masfūḥ
مسفوک	masfūk
مسفه	musaffih
مسقاطون	misqāt̤ūn
مسقام	misqām
مسقط	masqat̤
مسقف	musaqqaf
مسقم	musqim
مسقوط	masqūt̤
مسقوم	masqūm
مسک	mask
مسکة	maskat
مسکت	muskit
مسکر	muskir
مسکرات	muskirāt
مسکل	miskal
مسکنات	musakkināt
مسکنة	maskanat
مسکوب	maskūb
مسکور	maskūr
مسکوک	maskūk
مسکون	maskūn
مسکویه	miskawaih
مسکه	maska
مسکی	miskī
مسکیر	miskīr
مسکین	miskīn
مسکینة	miskīnat
مسکینی	maskīnī
مسکینیة	miskīnīyat
مسگر	misgar
مسل	masal
مسلاط	mislāt̤
مسلان	muslān
مسلة	masalat
مسلح	musallaḥ
مسلحة	maslaḥat
مسلخ	maslaḵẖ
مسلسل	musalsal
مسلط	musallat̤
مسلع	musalla‘
مسلق	mislaq
مسلم	muslim
مسلمان	muslimān
مسلمان	musulmān
مسلمانی	musulmānī
مسلمین	muslimīn
مسلوب	maslūb
مسلوخ	maslūḵẖ
مسلوف	maslūf
مسلوق	maslūq
مسلوقة	maslūqat
مسلوک	maslūk
مسلول	maslūl
مسلوم	maslūm
مسله	masla
مسلی	musallī
مسم	musimm
مسما	musammā
مسمات	musammāt
مسماح	mismāḥ
مسمار	mismār
مسماری	mismārī
مسمسة	masmasat
مسمط	musammat̤
مسمع	masma‘
مسمعاً	masma‘-an
مسمعة	musmi‘at
مسمقار	masmaqār
مسمن	musmin
مسمور	masmūr
مسموع	masmū‘
مسموک	masmūk
مسموکات	masmūkāt
مسمول	masmūl
مسموم	masmūm
مسمی	musammá
مسمیاً	musammiyan
مسن	misann
مسناف	misnāf
مسنت	musnit
مسند	masnad
مسندة	musannadat
مسندی	masnadī
مسنگ	masang
مسنم	musannam
مسنون	masnūn
مسواط	miṣwāt̤
مسواک	miswāk
مسوح	masūḥ
مسود	masūd
مسور	miswar
مسوس	masūs
مسوط	miswat̤
مسوغ	musauwag̱ẖ
مسوق	masūq
مسوک	musūk
مسئول	mas’ūl
مسوم	musauwam
مسومین	musauwamīn
مسوی	musauwa
مسها	misˌhā
مسهد	musahhad
مسهل	musˌhal
مسهلات	musˌhilāt
مسهم	musahham
مسهمة	musahhamat
مسهوف	musˌhūf
مسهوم	masˌhūm
مسی	masy
مسیب	musaiyab
مسیچه	musīcha
مسیح	masīḥ
مسیحا	masīḥā
مسیحانفس	masīhā-nafas
مسیحاوار	masīḥāwār
مسیحائی	masīḥā’ī
مسیحی	masīḥī
مسیخ	masīḵẖ
مسیدن	masīdan
مسیر	masīr
مسیس	masīs
مسیط	masīt̤
مسیطر	musait̤ir
مسیف	musīf
مسیل	masīl
مسین	misīn
مسینیون	masīniyūn
مسئولات	mas’ūlāt
مسیئ	musī’
مش	mashsh
مشاٴة	mashā’at
مشاٴمة	mushā’amat
مشابر	mashābir
مشابه	mashābih
مشابهات	mushābahāt
مشابهة	mushābahat
مشابیه	mashābīh
مشاة	mushāt
مشاتاة	mushātāt
مشاجب	mashājib
مشاجة	mushājjat
مشاجر	mashājir
مشاجرة	mushājarat
مشاحه	mushāḥḥat
مشاد	mushād
مشدة	mushāddat
مشار	mashār
مشاراة	mushārāt
مشارب	mashārib
مشاربة	mushārabat
مشارة	mushārrat
مشارجات	mushārijāt
مشارجة	mushārajat
مشارز	mushāriz
مشارزة	mushārazat
مشازسة	mushārasat
مشارطة	mushārat̤at
مشارع	mashāri‘
مشارف	mashārif
مشارفة	mushārafat
مشارق	mashāriq
مشارک	mushārak
مشارکة	mushārakat
مشاره	mashāra
مشاریط	mashārīt̤
مشاش	mashāsh
مشاش	mushāsh
مشاشة	mushāshat
مشاط	mishāt̤
مشاطة	mashshāt̤at
مشاطر	mushāt̤ir
مشاطرة	mushāt̤arat
مشاطگی	mashshāt̤agī
مشاع	mushā‘
مشاعبة	mushā‘abat
مشاعة	mashā‘at
مشاعر	mashā‘ir
مشاعل	masha‘il
مشاعلی	mashā‘ilī
مشاغب	mushāg̱ẖib
مشاغبة	mushāg̱ẖabat
مشاغرة	mushāg̱ẖarat
مشاغل	mashāg̱ẖil
مشافر	mashāfir
مشافعة	mushāfa‘at
مشافه	mushāfih
مشاق	mushāq
مشاقاة	mushāqāt
مشاقة	mushāqqat
مشاقحة	mushāqaḥat
مشاکرة	mushākarat
مشاکل	mushākil
مشاکلة	mushākalat
مشام	mashāmm
مشامة	mushāmmat
مشامع	mashāmi‘
مشانقة	mushānaqat
مشاوذ	mashāwiẕ
مشاور	mushāwir
مشاورین	mushāwirīn
مشاورة	mushāwarat
مشاویذ	mashāwīẕ
مشاهد	mashāhid
مشاهیر	mashāhīr
مشایحة	mushāyaḥat
مشائخ	mashā’iḵẖ
مشائخانه	mashā’iḵẖāna
مشائخی	mashā’iḵẖī
مشایع	mushāyi‘
مشایعة	mushāya‘at
مشائم	mashā’im
مشائن	mashā’in
مشائیة	mashā’iyat
مشائیم	mashā’īm
مشبر	mashbar
مشبع	mushba‘
مشبک	mushabbak
مشبل	mushbil
مشبوب	mashbūb
مشبوک	mashbūk
مشبه	mushabbah
مشت	masht
مشت	mushitt
مشتا	mashtā
مشتاق	mushtāq
مشتاقانه	mushtāqāna
مشتاقی	mushtāqī
مشتبک	mushtabik
مشتبه	mushtabih
مشتبهات	mushtabihāt
مشتبهة	mushtabihat
مشتت	mushattat
مشتد	mushtadd
مشترط	mushtarit̤
مشترف	mushtarif
مشترک	mushtarak
مشترو	mushtrū
مشتری	mushtará
مشتعل	mushta‘al
مشتفشار	mushtafshār
مشتفی	mushtafī
مشتق	mushtaqq
مشتک	mushtak
مشتکل	mushtakil
مشتکی	mushtaká
مشتلق	mushtaluq
مشتم	mushattam
مشتمال	musht-māl
مشتمل	mushtamil
مشتن	mushtan
مشتنگ	mushtang
مشتو	mushtū
مشتواره	mushtwāra
مشتوم	mashtūm
مشته	mashta
مشتهی	mushtahá
مشتهیات	mushtahiyāt
مشتی	mushtī
مشج	mashj
مشجب	mishjab
مشجج	mushajjaj
مشجر	mashjar
مشجرة	mashjarat
مشجع	mushajji‘
مشجو	mashjū
مشجوب	mashjūb
مشجوج	mashjūj
مشجوع	mashjū‘
مشحذ	mishḥaẕ
مشحم	mishaḥḥam
مشحون	mashḥūn
مشخ	mashḵẖ
مشخش	ma-shaḵẖsh
مشخص	mushaḵẖḵẖas
مشخنه	mushaḵẖna
مشخوص	mashḵẖūṣ
مشدد	mushaddad
مشدن	mushdin
مشدود	mashdūd
مشدوه	mashdūh
مشذب	mishẕab
مشر	mishar
مشراط	mishrāt̤
مشراق	mishrāq
مشرب	mashrab
مشرح	musharraḥ
مشرط	mishrat̤
مشرع	mashra‘
مشرف	mashraf
مشرق	mashriq
مشرقی	mashriqī
مشرقین	mashriqain
مشرک	mushrak
مشرکی	mushrikī
مشرکین	mushrikīn
مشروب	mashrūb
مشروبات	mashrūbāt
مشروح	mashrūḥ
مشروحاً	mushrūḥ-an
مشروط	mashrūt̤
مشروطات	mashrūt̤āt
مشروطی	mashrūt̤ī
مشروع	mashrū‘
مشروف	mashrūf
مشروم	mashrūm
مشرونتن	mashrūnitan
مشریق	mishrīq
مششدر	mushashdar
مشط	masht̤
مشطة	masht̤at
مشطور	masht̤ūr
مشظ	mashaz̤
مشع	mash‘
مشعب	mash‘ab
مشعبد	musha‘bid
مشعبذ	musha‘biẕ
مشعث	musha‘‘as̤
مشعل	mash‘al
مشعلچی	mash‘alchī
مشعله	mash‘ala
مشعوذ	musha‘wiẕ
مشعور	mash‘ūr
مشعوف	mash‘ūf
مشغ	mashg̱ẖ
مشغب	mishg̱ẖab
مشغل	mushg̱ẖal
مشغوف	mashg̱ẖūf
مشغول	mushg̱ẖūl
مشغولی	mashg̱ẖūlī
مشفار	mishfār
مشفق	mushfiq
مشفقانه	mushfiqāna
مشفوع	mashfū‘
مشفوف	mashfūf
مشفوه	mashfūh
مشق	mashq
مشقاٴ	mashqa’
مشقاب	mushqāb
مشقق	mushaqqaq
مشقوق	mashqūq
مشققولیه	mashqūliya
مشقی	mashqī
مشقیٰ	mishqá
مشک	mashk
مشکاة	mishkāt
مشکبار	mushk-bār
مشکبو	mushk-bo
مشکدر	mashk-dar
مشکدم	mushk-dam
مشکدوز	mashk-doz
مشکر	ma-shikar
مشکسا	mushk-sā
مشکسار	mushk-sār
مشکفام	mushk-fām
مشکک	mushkak
مشکک	mushakkak
مشکل	mushkul
مشگل	mushkil
مشکلات	mushkilāt
مشکلة	mushkilat
مشکلی	mushkile
مشکمالی	mushk-mālī
مشکناب	mushk-nāb
مشکنافه	mushk-nāfa
مشکنگ	mushkinag
مشکو	mashkū
مشکوٰة	mishkāt
مشکور	mashkūr
مشکوری	mashkūrī
مشکوفه	mashkūfa
مشکوک	mashkūk
مشکول	mashkūl
مشکوله	mashkūla
مشکوه	ma-shikūh
مشکوی	mushkoy
مشکوئی	mashko‘ī
مشکی	mushkī
مشکی	mashkīy
مشکیچه	mashkīcha
مشکیدن	mushkīdan
مشکیزه	mashkīza
مشکین	mushkīn
مشکینک	mushkīnak
مشگ	mashg
مشلح	mushallaḥ
مشلوز	mishshalauz
مشلول	mashlūl
مشمال	mishmāl
مشمت	mushammat
مشمذ	mishmaẕ
مشمر	mushammir
مشمشا	mashmashā
مشمع	mushamma‘
مشمعة	mishma‘at
مشمل	mishmal
مشموط	mashmūt̤
مشموع	mashmū‘
مشمول	mashmūl
مشموم	mashmūm
مشن	mashn
مشنج	mishanj
مشنف	mushannaf
مشنگ	mashang
مشنگک	mashangak
مشنوع	mashnū‘
مشنوق	mashnūq
مشو	ma-shav
مشواذ	mishwāẕ
مشوار	mishwār
مشوال	mishwāl
مشوب	mashūb
مشوذ	mishwaẕ
مشورتخانه	mashwarat-ḵẖāna
مشوش	mushūsh
مشوش	mashūsh
مشوف	mashūf
مشوق	mashūq
مشوک	mashūk
مشوکة	mushwikat
مشول	mishwal
مشوم	mashūm
مشؤوف	mash’ūf
مشؤوم	mash’ūm
مشوه	mushauwah
مشوی	mashwī
مشهد	mashhad
مشهدی	mashhadī
مشهر	mushahhar
مشهود	mashhūd
مشهودة	mashhūdat
مشهور	mashhūr
مشهوم	mashhūm
مشهی	mushahhī
مشی	mashy
مشیا	mashyā
مشیب	ma-shīb
مشیب	mashīb
مشئة	mashi’at
مشیج	mashīj
مشیخاء	mashyuḵẖā’
مشیر	mushīr
مشیران	mushīrān
مشیش	mashīsh
مشیط	mashīt̤
مشیع	mashī‘
مشیم	mashīm
مشین	mashīn
مشیوخاء	mashyūḵẖā’
مشئوم	mash’ūm
مشیئة	mashī‘at
مص	maṣṣ
مصاب	muṣāb
مصابة	muṣābat
مصابح	maṣābiḥ
مصابر	muṣābir
مصابرة	muṣābarat
مصابیح	maṣābīḥ
مصاحب	musāḥib
مصاحبة	muṣāḥabat
مصاحبی	musāḥibī
مصاحرة	muṣāḥarat
مصاحف	maṣāḥif
مصاخف	maṣāḵẖif
مصاد	maṣād
مصادر	maṣādir
مصادع	maṣādi‘
مصادغة	muṣādag̱ẖat
مصادف	muṣādif
مصادفة	muṣādafat
مصادقة	muṣādaqat
مصادم	muṣādim
مصادمة	muṣādamat
مصارة	muṣārrat
مصارح	muṣāraḥ
مصارحة	muṣāraḥat
مصارحةً	muṣāraḥat-an
مصارع	maṣāri‘
مصارعة	muṣāra‘at
مصارف	maṣārif
مصارفة	muṣārafat
مصارمة	muṣāramat
مصاریع	māsarī‘
مصاریف	maṣārīf
مصارین	maṣārīn
مصاص	muṣās
مصاصة	muṣāṣat
مصاطب	maṣāt̤ib
مصاعب	maṣā‘ib
مصاعد	maṣā‘id
مصاعرة	muṣā‘arat
مصاغ	muṣāg̱ẖ
مصاف	maṣāff
مصافاة	muṣāfāt
مصافات	musāffāt
مصافه	muṣāffat
مصافحة	muṣāfaḥat
مصافی	maṣāfī
مصاقیة	muṣāqabat
مصاقع	maṣāqi‘
مصاقل	maṣāqil
مصالح	maṣāliḥ
مصالحة	muṣālaḥat
مصالی	maṣālī
مصامص	muṣāmiṣ
مصانع	maṣāni‘
مصانعة	muṣāna‘at
مصاوب	maṣāwib
مصاولة	muṣāwalat
مصاهرة	muṣāharat
مصائب	maṣā’ib
مصایحة	muṣāyaḥat
مصائد	maṣā’id
مصائر	maṣā’ir
مصائص	maṣā’iṣ
مصائف	maṣā’if
مصایفة	muṣāyafat
مصب	maṣabb
مصباح	miṣbāḥ
مصبح	maṣbaḥ
مصبغ	muṣabbag̱ẖ
مصبو	maṣbū
مصبوب	maṣbūb
مصبور	maṣbūr
مصبوغ	maṣbūg̱ẖ
مصبی	muṣbī
مصتم	muṣattam
مصحاة	miṣḥat
مصحح	muṣaḥḥaḥ
مصحوب	maṣḥūb
مصخر	muṣḵẖir
مصخفة	miṣḵẖafat
مصد	maṣd
مصداق	miṣdāq
مصدام	miṣdām
مصدر	maṣdar
مصدری	maṣdarī
مصدع	maṣda‘
مصدور	masdūr
مصدوع	maṣdū‘
مصدوق	maṣdūq
مصدوم	maṣdūm
مصر	maṣr
مصراة	muṣarrāt
مصراع	miṣrā‘
مصران	miṣrān
مصرب	miṣrab
مصرح	muṣarriḥ
مصرحةً	muṣarraḥat-an
مصرخ	muṣriḵẖ
مصرع	maṣra‘
مصرعان	miṣra‘āni
مصرعه	miṣra‘a
مصرف	maṣraf
مصرم	miṣrim
مصرور	maṣrūr
مصروع	maṣrū‘
مصروف	maṣrūf
مصروم	maṣrūm
مصری	miṣrī
مصطاد	maṣt̤ād
مصطار	muṣt̤ār
مصتاف	muṣt̤āf
مصطبح	muṣt̤abiḥ
مصطبر	muṣt̤abir
مصطح	miṣt̤aḥ
مصطخب	muṣt̤aḵẖib
مصطدم	muṣt̤adim
مصطرب	muṣt̤arib
مصطرع	muṣt̤ara‘
مصطرف	mus̤ṭarif
مصطف	muṣt̤aff
مصطفوی	muṣt̤afawī
مصطفی	muṣt̤afá
مصطکا	maṣt̤akā
مصطلب	muṣt̤alib
مصطلح	muṣt̤aliḥ
مصطلحات	muṣt̤aliḥāt
مصطلی	muṣt̤alī
مصطنع	muṣt̤ani‘
مصطهر	muṣt̤ahir
مصع	maṣ‘
مصعاد	miṣ‘ād
مصعب	muṣ‘ab
مصعد	maṣ‘ad
مصعر	muṣ‘ar
مصغبة	maṣg̱ẖabat
مصغر	muṣag̱ẖg̱ẖar
مصغرة	muṣg̱ẖirat
مصغوراء	maṣg̱ẖūrā’
مصغی	muṣg̱ẖá
مصف	maṣaff
مصفا	muṣaffā
مصفاة	miṣfāt
مصفح	muṣfaḥ
مصفحاً	muṣfaḥan
مصفر	muṣfir
مصفور	maṣfūr
مصفوف	maṣfūf
مصفی	miṣfá
مصقح	miṣqa‘
مصقل	miṣqal
مصقول	maṣqūl
مصل	maṣl
مصلا	musallā
مصلات	miṣlāt
مصلب	muṣallab
مصلت	miṣlat
مصلح	muṣlaḥ
مصلحة	maṣlaḥat
مصلحةً	maṣlaḥat-an
مصلق	miṣlaq
مصلوب	maṣlūb
مصلوق	maṣlūq
مصلی	maṣlīy
مصم	muṣimm
مصماد	miṣmād
مصمت	muṣmat
مصمصة	maṣmaṣat
مصمع	muṣamma‘
مصمغ	muṣammag̱ẖ
مصمم	muṣammam
مصنب	miṣnab
مصندل	muṣandal
مصنع	maṣna‘
مصنف	muṣannaf
مصنفات	muṣannafāt
مصنوع	maṣnū‘
مصنوعات	maṣnū‘āt
مصنوعی	maṣnū‘ī
مصوات	miṣwāt
مصوان	miṣwān
مصوبة	maṣūbat
مصوت	muṣauwit
مصوح	muṣūḥ
مصور	maṣūr
مصوری	muṣauwarī
مصوص	maṣūṣ
مصوع	muṣū‘
مصوغ	maṣūg̱ẖ
مصون	maṣūn
مصهر	muṣhir
مصهرج	muṣahraj
مصیات	miṣyāt
مصیاف	miṣyāf
مصیب	muṣīb
مصیبة	muṣībat
مصید	maṣīd
مصیر	maṣīr
مصیص	maṣīṣ
مصیصة	maṣīṣat
مصیطر	muṣait̤ir
مصیف	maṣīf
مصیقل	muṣaiqal
مصیوف	maṣyūf
مصیون	maṣyūn
مض	maẓẓ
مصاء	maẓā’
مضاب	maẓābb
مضاجة	muẓājjat
مضاجر	maẓājir
مضاجرة	muẓājarat
مضاجع	maẓāji‘
مضاجعة	muẓāja‘at
مضاجیر	maẓājīr
مضاحاة	muẓāḥāt
مضاحکة	muẓāḥakat
مضاد	muẓādd
مضادة	muẓāddat
مضار	maẓārr
مضارب	muẓārib
مضارة	muẓārrat
مضارع	muẓāri‘
مضارعة	muẓāra‘at
مضاعف	muẓā‘af
مضاعفة	muẓā‘afat
مضاغ	maẓāg̱ẖ
مضاغطة	muẓāg̱ẖat̤at
مضاف	muẓāf
مضافات	muẓāfāt
مضافرة	muẓāfarat
مضامة	muẓāmmat
مضامیر	maẓāmīr
مضامین	maẓāmīn
مضاهاة	muẓāhāt
مضائق	maẓā’iq
مضبب	muẓabbib
مضبة	maẓabbat
مضبعة	maẓba‘at
مضبوط	maẓbūt̤
مضبوطی	maẓbūt̤ī
مضبوع	maẓbū‘
مضجر	muẓjir
مضجع	maẓja‘
مضجور	maẓjūr
مضح	maẓḥ
مضحاة	maẓḥāt
مضحاک	miẓḥāk
مضحک	maẓḥak
مضحکات	muẓḥikāt
مضحل	maẓḥal
مضحی	muẓḥī
مضخة	miẓaḵẖḵẖat
مضخم	miẓḵẖam
مضراب	miẓrāb
مضرب	maẓrab
مضربة	maẓrabat
مضرة	maẓarrat
مضرس	muẓarras
مضرم	muẓram
مضروب	maẓrūb
مضرور	maẓrūr
مضروس	maẓrūs
مضریة	muẓarīyat
مضض	maẓaẓ
مضطجع	muẓt̤aja‘
مضطر	muẓt̤arr
مضطرب	muẓt̤arib
مضطربانه	muẓt̤aribāna
مضطرح	muẓt̤araḥ
مضطرم	muẓt̤arim
مضطغن	muẓt̤ag̱ẖin
مضطلع	muẓt̤ali‘
مضطم	muẓt̤amm
مضطمر	muẓt̤ammir
مضطهد	muuẓt̤ahad
مضعف	muẓ‘af
مضعوف	maẓ‘ūf
مضغ	maẓg̱ẖ
مضغر	muẓaffar
مضفوف	maẓfūf
مضل	muẓill
مضلع	muẓli‘
مضلل	muẓallal
مضمار	miẓmār
مضمحل	muẓmaḥill
مضمخ	muẓammaḵẖ
مضمر	muẓmar
مضمن	muẓamman
مضموم	maẓmūm
مضمومات	maẓmūmāt
مضمون	maẓmūn
مضنوک	maẓnūk
مضنون	maẓnūn
مضنونة	maẓnūnat
مضنی	muẓná
مضو	muẓūw
مضور	muẓūr
مضوع	maẓūg̱ẖ
مضوف	maẓūf
مضوفة	maẓūfat
مضهود	maẓhūd
مضی	maẓá
مضیاع	miẓyā‘
مضیر	maẓīr
مضیرة	maẓīrat
مضیع	muẓī‘
مضیعة	maẓya‘at
مضیف	muẓīf
مضیق	maẓīq
مضیم	maẓīm
مضیئ	muẓī’
مط	mat̤t̤
مطا	matā
مطابة	mut̤ābbat
مطابخ	mut̤ābiḵẖ
مطابق	mut̤ābiq
مطابقة	mut̤ābaqat
مطابنة	mat̤ābanat
مطاحن	mat̤āḥin
مطار	mat̤ār
مطارب	mat̤ārib
مطارة	mat̤ārat
مطارح	mat̤āriḥ
مطارحة	mut̤āraḥat
مطاردة	mut̤āradat
مطارف	mat̤ārif
مطارق	mat̤āriq
مطارقة	mut̤āraqat
مطاع	mut̤ā‘
مطاعم	matā‘im
مطاعن	mat̤ā‘in
مطاف	mat̤āf
مطافل	mat̤āfil
مطال	mit̤āl
مطالب	mat̤ālib
مطالة	mit̤ālat
مطالع	mat̤āli‘
مطامح	mat̤āmiḥ
مطامع	mat̤āmi‘
مطامنة	mut̤āmanat
مطامیر	mat̤āmīr
مطانب	mat̤ānib
مطانزة	mut̤ānazat
مطاوح	mat̤āwiḥ
مطاوحة	mut̤āwaḥat
مطاوع	mut̤āwi‘
مطاول	mat̤āwil
مطاولة	mut̤āwalat
مطاوی	mat̤āwī
مطاهر	mat̤āhir
مطاهرة	mut̤āharat
مطایا	mat̤āyā
مطائب	mat̤ā’ib
مطایبات	mut̤āyabāt
مطایرة	mut̤āyarat
مطبخ	mat̤baḵẖ
مطبخی	mat̤baḵẖī
مطبع	mat̤ba‘
مطبق	mut̤baq
مطبل	mut̤abbal
مطبوخ	mat̤būḵẖ
مطبوع	mat̤bū‘
مطجن	mut̤ajjan
مطحان	mit̤ḥān
مطحول	mat̤ḥūl
مطحون	mat̤ḥūn
مطحی	mat̤ḥī
مطر	mat̤r
مطرا	mut̤arrā
مطراب	mit̤rāb
مطراة	mut̤arrāt
مطراگر	mut̤arrāgar
مطرب	mat̤rab
مطربی	mut̤ribī
مطرح	mat̤raḥ
مطرد	mat̤rad
مطرز	mut̤arraz
مطرق	mit̤raq
مطرناک	mat̤arnāk
مطروح	mat̤rūḥ
مطروحات	mat̤rūḥāt
مطرود	mat̤rūd
مطرور	mat̤rūr
مطروف	mat̤rūf
مطروق	mat̤rūq
مطری	mut̤rī
مطشوشة	mat̤shūshat
مطعام	mit̤‘ām
مطعان	mit̤‘ān
مطعم	mat̤‘am
مطعن	mat̤‘an
مطعوم	mat̤‘ūm
مطعومات	mat̤‘ūmāt
مطعون	mat̤‘ūn
مطغی	mut̤g̱ẖī
مطفح	mut̤t̤afiḥ
مطفحة	mit̤faḥat
مطفف	mut̤affif
مطفل	mut̤fil
مطل	mat̤l
مطلا	mut̤allā
مطلاق	mit̤lāq
مطلب	mat̤lab
مطلسم	mut̤alsam
مطلع	mat̤la‘
مطلعة	mat̤la‘at
مطلف	mut̤lif
مطلق	mut̤laq
مطلقاً	mut̤laq-an
مطلقه	mut̤allaqa
مطلوب	mat̤lūb
مطلوح	mat̤lūḥ
مطلوس	mat̤lūs
مطلول	mat̤lūl
مطلیق	mit̤līq
مطمار	mit̤mār
مطماع	mit̤mā‘
مطماٴن	mut̤ma’ann
مطمح	mut̤maḥ
مطمر	mit̤mar
مطمس	mut̤mas
مطمع	mat̤ma‘
مطمور	mat̤mūr
مطموس	mat̤mūs
مطموع	mat̤mū‘
مطمول	mat̤mūl
مطموم	mat̤mūm
مطمئن	mut̤ma’inn
مطنب	mat̤nab
مطنجن	mut̤anjan
مطنجنه	mut̤anjana
مطنزة	mat̤nazat
مطنف	mut̤nif
مطواع	mit̤wā‘
مطوح	mut̤auwiḥ
مطود	mut̤auwad
مطور	mut̤ūr
مطوس	mut̤auwas
مطوع	mut̤auwi‘
مطوف	mut̤auwaf
مطوق	mut̤auwaq
مطول	mat̤ūl
مطوی	mat̤wá
مطهر	mat̤har
مطهرة	mat̤harat
مطهریة	mat̤harīyat
مطی	mat̤á
مطیب	mut̤aiyab
مطیة	mat̤īyat
مطیح	mut̤aiyaḥ
مطیخ	mut̤aiyaḵẖ
مطیر	mat̤yar
مطیط	mat̤īt̤
مطیع	mut̤ī‘
مطیف	mut̤īf
مطیق	mut̤īq
مطین	mat̤īn
مظ	maz̤z̤
مظااٴبة	muz̤ā’abat
مظاءرة	muz̤ā’arat
مظاظ	miz̤āz̤
مظال	maẕāll
مظالم	maz̤ālim
مظان	maz̤ānn
مظاهر	maz̤āhir
مظاهرة	muz̤āharat
مظروف	maz̤rūf
مظع	maz̤‘
مظفر	muz̤far
مظفرون	muz̤affarūn
مظلام	miz̤lām
مظلف	muz̤allaf
مظلل	muz̤allal
مظلم	muz̤lim
مظلوف	maz̤lūf
مظلوم	maz̤lūm
مظلومانه	maz̤lūmāna
مظلومی	maz̤lūmī
مظماٴی	maz̤ma’ī
مظنون	maz̤nūn
مظهر	maz̤har
مظهریة	maz̤harīyat
مظی	muz̤aiy
مظیاة	maz̤yāt
مظین	muz̤aiyan
معا	ma‘-an
معاب	ma‘āb
معابد	mu‘ābid
معابر	ma‘ābir
معاتب	mu‘ātab
معاتبة	mu‘ātabat
معاتیق	ma‘ātīq
معاثر	ma‘ās̤ir
معاجاة	mu‘ājāt
معاجز	mu‘ājiz
معاجزة	mu‘ājazat
معاجلة	mu‘ājalat
معاجیج	ma‘ājīj
معاجیل	ma‘ājīl
معاجین	ma‘ājīn
معاد	ma‘ād
معاداة	mu‘ādāt
معادة	mu‘āddat
معادل	mu‘ādil
معادلة	mu‘ādalat
معادن	ma‘ādin
معاذ	ma‘āẕ
معاذة	ma‘āẕat
معاذب	ma‘āẕib
معاذرة	mu‘āẕarat
معاذیر	ma‘āẕīr
معار	mi‘ār
معاراة	mu‘ārāt
معارة	mu‘ārrat
معارج	ma‘ārij
معارض	mu‘āriẓ
معارف	ma‘ārif
معارک	ma‘ārik
معارکة	mu‘ārakat
معاری	ma‘ārī
معاریج	ma‘ārīj
معاریض	ma‘ārīẓ
معاز	mi‘āz
معازة	mu‘āzzat
معازف	ma‘āzif
معازق	ma‘āziq
معازل	ma‘āzil
معازلة	mu‘āzalat
معازیل	ma‘āzīl
معاس	ma‘‘ās
معاسرة	mu‘āsarat
معاش	ma‘āsh
معاشر	ma‘āshir
معاشران	mu‘āshirān
معاشرة	mu‘āsharat
معاشقة	mu‘āshaqat
معاشیب	ma‘āshīb
معاصاة	ma‘āṣāt
معاصر	ma‘āṣir
معاصرة	mu‘āṣarat
معاصرین	mu‘āṣirīn
معاصم	ma‘āṣim
معاصی	ma‘āṣī
معاضة	mu‘āẓẓat
معاضد	ma‘āẓid
معاضدة	mu‘āẓadat
معاطاة	mu‘āt̤āt
معاطب	ma‘āt̤ib
معاطس	ma‘āt̤is
معاطش	ma‘āt̤ish
معاطشة	mu‘ātashat
معاطف	ma‘āt̤if
معاطفة	mu‘ātafat
معاطل	ma‘āt̤il
معاطی	ma‘āt̤ī
معاظلة	mu‘āz̤alat
معاف	mu‘āf
معافاة	mu‘āfāt
معافر	ma‘āfir
معافریة	ma‘āfirīyat
معافزة	mu‘āfazat
معافسة	mu‘āfasat
معافی	mu‘āfá
معاقب	mu‘āqab
معاقبة	mu‘āqabat
معاقة	ma‘āqat
معاقد	ma‘āqid
معاقدة	mu‘āqadat
معاقر	mu‘āqir
معاقرة	mu‘āqarat
معاقل	ma‘āqil
معاقلة	mu‘āqalat
معاقم	ma‘āqim
معاکد	ma‘ākid
معاکسة	mu‘ākasat
معاکیس	ma‘ākīs
معال	mu‘āl
معالاة	mu‘ālāt
معالج	mu‘ālaj
معالف	ma‘ālif
معالم	ma‘ālim
معالمة	mu‘ālamat
معالنة	mu‘ālanat
معالی	ma‘ālī
معالیق	ma‘ālīq
معامر	mu‘āmir
معامل	mu‘āmil
معاملات	mu‘āmalāt
معاملگی	mu‘āmalagī
معاملی	mu‘āmilī
معامی	ma‘amī
معان	ma‘ān
معاناة	mu‘ānāt
معانة	ma‘ānat
معاند	mu‘ānid
معاندة	mu‘ānadat
معانق	mu‘āniq
معانی	ma‘ānī
معانیق	ma‘ānīq
معاواة	mu‘āwāt
معاود	mu‘āwid
معاودة	mu‘āwadat
معاورة	mu‘āwarat
معاوز	ma‘āwiz
معاوقة	mu‘āwaqat
معاومة	mu‘āwamat
معاون	mu‘āwin
معاونة	mu‘āwanat
معاهد	ma‘āhid
معاهرة	mu‘āharat
معایاة	mu‘āyāt
معائب	ma‘ā’ib
معائر	ma‘ā’ir
معایرة	mu‘āyarat
معایش	ma‘āyish
معایشة	mu‘āyashat
معاین	mu‘āyan
معبد	ma‘bad
معبر	ma‘bar
معبری	mu‘abbirī
معبلة	mi‘balat
معبود	ma‘būd
معبودیة	ma‘būdīyat
معبرط	ma‘būt̤
معتاد	mu‘tād
معتاط	mu‘tāt̤
معتاق	mi‘tāq
معتب	ma‘tab
معتبد	mu‘tabid
معتبر	mu‘tabar
معتبری	mu‘tabarī
معتد	mu‘tadd
معتدل	mu‘tadil
معتدی	mu‘tadī
معتذر	mu‘taẕir
معتذل	mu‘taẕīl
معتر	mu‘tarr
معترش	mu‘tarish
معترض	mu‘tariẓ
معترف	mu‘tarif
معترک	mu‘tarak
معتری	mu‘tarī
معتزل	mu‘tazil
معتزلی	mu‘tazilī
معتزم	mu‘tazim
معتزی	mu‘tazī
معتسر	mu‘tasir
معتسف	mu‘tasif
معتش	mu‘tashsh
معتشی	mu‘tashī
معتصب	mu‘taṣib
معتصر	mu‘taṣar
معتصف	mu‘taṣif
معتصم	mu‘taṣam
معتصی	mu‘taṣī
معتضد	mu‘taẓid
معتفر	mu‘tafir
معتق	mu‘taq
معتقد	mu‘taqad
معتقدات	mu‘taqadāt
معتکس	mu‘takis
معتکف	mu‘takaf
معتکم	mu‘takim
معتل	mi‘tal
معتلج	mu‘talij
معتلق	mu‘taliq
معتلن	mu‘talin
معتم	mu‘tamm
معتمد	mu‘tamad
معتمر	mu‘tamir
معتمل	mu‘tamil
معتنق	mu‘tanaq
معتنی	mu‘tanī
معتور	mu‘tawir
معتوق	ma‘tūq
معتول	mu‘tawil
معتوه	ma‘tūh
معته	mu‘attah
معثرة	ma‘s̤arat
معثون	ma‘s̤ūn
معج	ma‘j
معجب	ma‘jab
معجبة	ma‘jabat
معجر	mi‘jar
معجرم	mu‘ajram
معجزات	mu‘jizāt
معجل	mu‘jal
معجلاً	mu‘ajjil-an
معجم	mu‘jam
معجوز	ma‘jūz
معجوف	ma‘jūf
معجون	ma‘jūn
معد	ma‘d
معدل	ma‘dil
معدم	mu‘dim
معدنی	ma‘danī
معدنیات	ma‘danīyāt
معدو	ma‘dūw
معدود	ma‘dūd
معدوس	ma‘dūs
معدول	ma‘dūl
معدوم	ma‘dūm
معده	mi‘da
معدی	mu‘dá
معذار	mi‘ẕār
معذب	ma‘ẕab
معذر	mu‘ẕir
معذل	mu‘aẕẕal
معذور	ma‘ẕūr
معذوری	ma‘ẕūrī
معر	ma‘ar
معرا	mu‘arrā
معراة	ma‘rāt
معراج	mi‘rāj
معراض	mi‘rāẓ
معرب	ma‘rib
معربد	mu‘arbid
معرة	ma‘arrat
معرج	ma‘raj
معرس	mu‘ris
معرش	mu‘arrash
معرض	ma‘raẓ
معرف	ma‘raf
معرفة	ma‘rafat
معرفةً	ma‘rifat-an
معرفتی	ma‘rifatī
معرفه	ma‘rifa
معرفی	mu‘arrifī
معرق	ma‘raq
معرک	ma‘rak
معرنمی	ma‘arnumī
معرنسی	ma‘arnasī
معرور	ma‘rūr
معروش	ma‘rūsh
معروشات	ma‘rūshāt
معروض	ma‘rūẓ
معروف	ma‘rūf
معروق	ma‘rūq
معرون	ma‘rūn
معریٰ	ma‘rá
معز	ma‘z
معزال	mi‘zāl
معزز	mu‘azzaz
معزق	mi‘zaq
معزل	ma‘zil
معزوقة	ma‘zūqat
معزول	ma‘zūl
معزولاً	ma‘zūl-an
معزولی	ma‘zūlī
معزوم	ma‘zūm
معزی	mu‘azzī
معس	ma‘s
معسر	mu‘sir
معسکر	mu‘askar
معسل	mu‘assal
معسم	ma‘sim
معسور	ma‘sūr
معسورات	ma‘sūrāt
معسول	ma‘sūl
معشاب	mi‘shāb
معشار	mi‘shār
معشب	mu‘shib
معشر	ma‘shar
معشش	mu‘ashshash
معشق	ma‘shaq
معشوش	ma‘shūsh
معشوق	ma‘shūq
معشوقانه	ma‘shūqāna
معشوقه	ma‘shūqa
معشوقگان	ma‘shūqagān
معشوقی	ma‘shūqī
معص	ma‘aṣ
معصار	mi‘ṣār
معصال	mi‘ṣāl
معصب	mu‘aṣṣab
معصر	mi‘ṣar
معصرات	mu‘ṣirāt
معصف	mu‘ṣif
معصفر	mu‘aṣfar
معصم	mi‘ṣam
معصوب	ma‘sūb
معصور	ma‘ṣūr
معصوم	ma‘ṣūm
معصومی	ma‘ṣūmī
معصیة	ma‘ṣiyat
معضاد	mi‘ẓād
معضد	mi‘ẓad
معضل	mu‘ẓal
معضلات	mu‘ẓilāt
معضوب	ma‘ẓūb
معضود	ma‘ẓūd
معضوض	ma‘ẓūẓ
معط	ma‘t̤
معطاء	mi‘t̤ā’
معطار	mi‘t̤ār
معطال	mi‘t̤āl
معطب	ma‘t̤ab
معطر	mu‘at̤t̤ar
معطش	ma‘t̤ash
معطف	mi‘t̤af
معطل	mu‘at̤t̤al
معطلی	mu‘at̤t̤alī
معطن	ma‘t̤in
معطوش	ma‘t̤ūsh
معطوط	ma‘t̤ūt̤
معطوف	ma‘t̤ūf
معطون	ma‘t̤ūn
معطی	mu‘t̤á
معطیر	mi‘t̤īr
معظم	mu‘z̤am
معظمه	mu‘z̤ama
معفاج	mi‘fāj
معفرت	mu‘afrat
معفص	mu‘affaṣ
معفو	ma‘fū
معفور	ma‘fūr
معفون	ma‘fūn
معفی	mu‘affī
معقاد	mi‘qād
معقار	mi‘qār
معقب	mu‘aqqib
معقبات	mu‘aqqibāt
معقد	ma‘qad
معقر	mu‘qir
معقرب	mu‘aqrab
معقلة	ma‘qulat
معقود	ma‘qūd
معقور	ma‘qūr
معقوف	ma‘qūf
معقول	ma‘qūl
معقولات	ma‘qūlāt
معقولی	ma‘qūlī
معقوم	ma‘qūm
معک	ma‘k
معکر	ma‘kar
معکد	ma‘kid
معکل	ma‘kal
معکم	mi‘kam
معکنة	mu‘akkanat
معکود	ma‘kūd
معکوس	ma‘kūs
معکوش	ma‘kūsh
معکوف	ma‘kūf
معکوم	ma‘kūm
معل	mu‘all
معلا	mu‘allā
معلاة	ma‘lāt
معلاق	mi‘lāq
معلط	ma‘lat̤
معلف	ma‘laf
معلق	mu‘allaq
معلقات	mu‘allaqāt
معلقة	ma‘luqat
معلل	mu‘allal
معلم	ma‘lam
معلمی	mu‘allimī
معلن	mu‘lin
معلوب	ma‘lūb
معلوط	mu‘lauwat̤
معلوف	ma‘lūf
معلوق	ma‘lūq
معلول	ma‘lūl
معلوم	ma‘lūm
معلومات	ma‘lūmāt
معلومی	ma‘lūmī
معلومیة	ma‘lūmīyat
معلی	mu‘lī
معما	mu‘ammā
معمات	mu‘ammāt
معمار	mi‘mār
معماری	mi‘mārī
معماها	mu‘ammā-hā
معمد	mu‘ammad
معمر	ma‘mar
معمع	ma‘ma‘
معمعان	ma‘ma‘ān
معمعانی	ma‘ma‘ānī
معمل	mu‘mal
معمم	mu‘ammam
معمودانی	ma‘mūdānī
معمودیة	ma‘mūdīyat
معمور	ma‘mūr
معموره	ma‘mūra
معموری	ma‘mūrī
معموریة	ma‘mūrīyat
معمول	ma‘mūl
معموم	ma‘mūm
معمیٰ	mu‘ammá
معن	ma‘n
معنا	ma‘nā
معناق	mi‘nāq
معناوی	mā‘nāwī
معنب	mu‘annib
معنبر	mu‘aṃbar
معنة	ma‘nat
معنز	mu‘annaz
معنق	mu‘niq
معنقات	mu‘anniqāt
معنقة	mi‘naqat
معنک	mi‘nak
معنم	mu‘annam
معنون	ma‘nūn
معنوی	ma‘nawī
معنی	ma‘ná
معنیة	ma‘niyat
معو	ma‘w
معوان	mi‘wān
معوة	ma‘wat
معوج	mu‘auwaj
معود	ma‘ūd
معوذ	mi‘waẕ
معوذتان	mu‘auwiẕatān
معوز	miwaz
معوشة	ma‘ūshat
معوضة	ma‘ūẓat
معوق	mu‘auwaq
معول	mi‘wal
معون	ma‘ūn
معونة	ma‘ūnat
معوود	ma‘wūd
معوی	mi‘awī
معه	ma‘ahu
معهد	ma‘had
معهذا	ma‘haẕā
معهود	ma‘hūd
معیار	mi‘yār
معیان	mi‘yān
معیب	ma‘īb
معیبات	ma‘ībāt
معیة	ma‘iyat
معید	mu‘īd
معیر	mi‘yar
معیرة	ma‘īrat
معیز	ma‘īz
معیش	ma‘īsh
معیشة	ma‘īshat
معیق	ma‘īq
معیل	ma‘īl
معین	ma‘īn
معیوب	ma‘yūb
معیوبات	ma‘yūbāt
معیوبی	ma‘yūbī
معیون	ma‘yūn
معیی	ma‘yī
مغ	mag̱ẖ
مغاب	mag̱ẖāb
مغابن	mag̱ẖābin
مغاث	mug̱ẖās̤
مغاثة	mug̱ẖās̤at
مغاداة	mug̱ẖādāt
مغادرة	mug̱ẖādarat
مغار	mag̱ẖār
مغاراة	mug̱ẖārāt
مغارب	mag̱ẖārib
مغارز	mag̱ẖāriz
مغارس	mag̱ẖāris
مغارف	mag̱ẖārif
مغارم	mag̱ẖārim
مغارید	mag̱ẖārīd
مغازل	mag̱ẖāzil
مغازلة	mug̱ẖāzalat
مغازلی	mag̱ẖāzilī
مغازی	mag̱ẖāzī
مغاسل	mag̱ẖāsil
مغاش	mag̱ẖāshsh
مغاشة	mug̱ẖāshshat
مغاص	mag̱ẖāṣ
مغاض	mag̱ẖāẓ
مغاضب	mug̱ẖāẓib
مغاضبة	mug̱ẖāẓabat
مغاضنة	mug̱ẖāẓanat
مغاطة	mug̱ẖāt̤t̤at
مغاک	mag̱ẖāk
مغاکچه	mag̱ẖākcha
مغاکی	mag̱ẖākī
مغال	mag̱ẖāl
مغالاة	mug̱ẖālāt
مغالبة	mug̱ẖālabat
مغالچین	mug̱ẖālchīn
مغالطة	mug̱ẖālat̤at
مغالظة	mug̱ẖālaz̤at
مغالق	mag̱ẖāliq
مغالقة	mug̱ẖālaqat
مغامة	mug̱ẖāmmat
مغامر	mug̱ẖāmir
مغامرة	mag̱ẖāmarat
مغامز	mag̱ẖāmiz
مغامسة	mug̱ẖāmasat
مغان	mug̱ẖān
مغانب	mag̱ẖānib
مغانم	mag̱ẖānim
مغانه	mug̱ẖāna
مغانی	mag̱ẖānī
مغاور	mug̱ẖāwir
مغاورة	mug̱ẖāwarat
مغاولة	mug̱ẖāwalat
مغایبة	mug̱ẖāyabat
مغائر	mag̱ẖā’ir
مغایرة	mug̱ẖāyarat
مغایظة	mug̱ẖāyaz̤at
مغائیر	mag̱ẖā’īr
مغب	mug̱ẖibb
مغبة	mag̱ẖabbat
مغبچه	mug̱ẖ-bacha
مغبر	mug̱ẖbir
مغبرة	mug̱ẖabbirat
مغبن	mag̱ẖbin
مغبور	mug̱ẖbūr
مغبوض	mag̱ẖbūẓ
مغبوط	mag̱ẖbūt̤
مغبوطة	mag̱ẖbūt̤at
مغبون	mag̱ẖbūn
مغتاب	mug̱ẖtāb
مغتاظ	mug̱ẖtāz̤
مغتبط	mug̱ẖtabit̤
مغتبق	mug̱ẖtabaq
مغتذر	mug̱ẖtaẕir
مغتذی	mug̱ẖtaẕī
مغترف	mug̱ẖtarif
مغتزل	mug̱ẖtazal
مغتزی	mug̱ẖtazī
مغتسل	mug̱ẖtasal
مغتل	mug̱ẖtall
مغتلف	mug̱ẖtalif
مغتم	mug̱ẖtamm
مغتمر	mug̱ẖtamir
مغتمز	mug̱ẖtamiz
مغتمس	mug̱ẖtamis
مغتمض	mug̱ẖtamiẓ
مغتنم	mug̱ẖtanam
مغتمات	mug̱ẖtanamāt
مغث	mag̱ẖs̤
مغچه	mug̱ẖcha
مغد	mag̱ẖd
مغداد	mug̱ẖdād
مغدف	mig̱ẖdaf
مغدود	mag̱ẖdūd
مغدور	mag̱ẖdūr
مغر	mag̱ẖr
مغرب	mag̱ẖrib
مغربان	mag̱ẖribān
مغربل	mug̱ẖarbal
مغربی	mag̱ẖribī
مغربیة	mag̱ẖribīyat
مغربین	mag̱ẖribain
مغرة	mag̱ẖrat
مغرد	mug̱ẖarrid
مغرر	mug̱ẖarrir
مغرس	mag̱ẖris
مغرفة	mig̱ẖrafat
مغرم	mag̱ẖram
مغرو	mag̱ẖrūw
مغرود	mug̱ẖrūd
مغرور	mag̱ẖrūr
مغروری	mag̱ẖrūrī
مغروس	mag̱ẖrūs
مغروف	mag̱ẖrūf
مغروق	mag̱ẖrūq
مغری	mug̱ẖrá
مغز	mag̱ẖz
مغز	mag̱ẖaz
مغزل	mag̱ẖzal
مغزور	mag̱ẖzūr
مغزول	mag̱ẖzūl
مغزی	mag̱ẖzī
مغزی	mag̱ẖzá
مغزیة	mug̱ẖziyat
مغزین	mag̱ẖzīn
مغزینه	mag̱ẖzīna
مغس	mag̱ẖs
مغستان	mug̱ẖistān
مغسوس	mag̱ẖsūs
مغسول	mag̱ẖsūl
مغشم	mig̱ẖsham
مغشوش	mag̱ẖshūsh
مغشی	mug̱ẖashshá
مغص	mag̱ẖṣ
مغصوب	mag̱ẖṣūb
مغضب	mug̱ẖẓab
مغضبة	mag̱ẖẓabat
مغضبة	mag̱ẖaẓẓat
مغضن	mug̱ẖaẓẓan
مغضوب	mag̱ẖẓūb
مغضور	mag̱ẖẓūr
مغط	mag̱ẖt̤
مغطش	mug̱ẖt̤ish
مغطیٰ	mug̱ẖat̤t̤á
مغفر	mig̱ẖfar
مغفرة	mag̱ẖfirat
مغفل	mug̱ẖaffal
مغفور	mag̱ẖfūr
مغفیر	mig̱ẖfīr
مغکده	mug̱ẖ-kada
مغل	mag̱ẖl
مغل	mag̱ẖal
مغلاج	mag̱ẖ-lāj
مغلاط	mig̱ẖlāt̤
مغلاق	mig̱ẖlāq
مغلاک	mug̱ẖlāk
مغلب	mag̱ẖlab
مغلبة	mag̱ẖlabat
مغلة	mag̱ẖilat
مغلچین	mug̱ẖalchīn
مغلستان	mug̱ẖulistān
مغلظ	mug̱ẖallaz̤
مغلظات	mug̱ẖallaz̤āt
مغلق	mig̱ẖlaq
مغلگاه	mag̱ẖl-gāh
مغلم	mug̱ẖlim
مغلمی	mug̱ẖlimī
مغلوب	mag̱ẖlūb
مغلوبه	mag̱ẖlūba
مغلوبیة	mag̱ẖlūbīyat
مغلوث	mag̱ẖlūs̤
مغلوق	mag̱ẖlūq
مغلول	mag̱ẖlūl
مغلی	mug̱ẖulī
مغلی	mug̱ẖlī
مغم	mug̱ẖimm
مغمد	mug̱ẖmad
مغمر	mug̱ẖammar
مغمض	mag̱ẖmaẓ
مغمضات	mug̱ẖammiẓāt
مغمم	mug̱ẖammim
مغمود	mag̱ẖmūd
مغمور	mag̱ẖmūr
مغموز	mag̱ẖmūz
مغمول	mag̱ẖmūl
مغموم	mag̱ẖmūm
مغمومه	mag̱ẖmūma
مغمون	mag̱ẖmūn
مغناج	mig̱ẖnāj
مغناطیس	mag̱ẖnāt̤īs
مغند	mug̱ẖund
مغنم	mag̱ẖnam
مغنود	mag̱ẖnūd
مغنوظ	mag̱ẖnūz̤
مغنی	mag̱ẖná
مغنیسا	mag̱ẖnīsā
مغنیطیس	mag̱ẖnīt̤īs
مغواة	mig̱ẖwāt
مغوار	mig̱ẖwār
مغوثة	mag̱ẖūs̤at
مغوشا	mug̱ẖūshā
مغوشک	mug̱ẖūshak
مغول	mig̱ẖwal
مغول	mug̱ẖol
مغون	mag̱ẖūn
مغوی	mug̱ẖwī
مغی	mug̱ẖī
مغیار	mig̱ẖyār
مغیب	mag̱ẖīb
مغیبات	mug̱ẖaiyabāt
مغیبة	mug̱ẖībat
مغیث	mag̱ẖīs̤
مغیثیة	mug̱ẖīs̤īyat
مغیر	mug̱ẖīr
مغیرة	mug̱ẖīrat
مغیض	mag̱ẖīz
مغیظ	mag̱ẖīz̤
مغیلان	mug̱ẖailān
مغیوب	mag̱ẖyūb
مغیوث	mug̱ẖyūs̤
مفاتح	mafātiḥ
مفاتحة	mufātaḥat
مفاتکة	mufātakat
مفاتیح	mafātīḥ
مفاجاة	mufāja’at
مفاجر	mafājir
مفاجئ	mufāji’
مفاحشة	mufāḥashat
مفاحص	mufāḥiṣ
مفاحصة	mufāḥaṣat
مفاخذة	mufāḵẖaẕat
مفاخر	mafāḵẖir
مفاخرة	mufāḵẖarat
مفاخزة	mufāḵẖazat
مفاداة	mufādāt
مفاٴرة	maf’arat
مفارخ	mafāriḵẖ
مفارزة	mufārazat
مفارش	mafārish
مفارطة	mufārat̤at
مفارق	mafāriq
مفارقة	mufāraqat
مفاز	mafāz
مفازع	mufāzi‘
مفازعة	mufāza‘at
مفاسد	mafāsid
مفاصل	mafāṣil
مفاصلات	mafāṣilāt
مفاصلة	mufāṣalat
مفاض	mafāẓ
مفاضة	mafāẓat
مفاضح	mafāẓiḥ
مفاضخ	mafāẓiḵẖ
مفاضل	mafāẓil
مفاضلة	mufāẓalat
مفاطنة	mufāt̤anat
مفاطیر	mafāt̤īr
مفاغمة	mufāg̱ẖamat
مفاقر	mafāqir
مفاقهة	mufāqahat
مفاکهة	mufākahat
مفالتة	mufālatat
مفالیج	mafālīj
مفانق	mufāniq
مفانقة	mufānaqat
مفانکة	mufānakat
مفاوز	mafāwiz
مفاوهة	mufāwahat
مفاهاة	mufāhāt
مفائد	mafā’id
مفایشة	mufāyashat
مفائل	mufā’il
مفائلة	mufā’alat
مفت	muft
مفتاح	miftāḥ
مفتت	mufattat
مفتتات	mufattitāt
مفتتح	muftataḥ
مفتتن	muftatin
مفتح	maftaḥ
مفتحات	mufattiḥāt
مفتخر	muftaḵẖir
مفتدی	muftadá
مفتر	muftar
مفترس	muftaris
مفترز	muftariz
مفترص	muftariṣ
مفترع	muftari‘
مفترغ	muftarig̱ẖ
مفترق	muftariq
مفتری	muftarī
مفتش	mufattish
مفتصد	muftaṣid
مفتض	muftaẓẓ
مفتضح	muftaẓiḥ
مفتعل	mufta‘al
مفتقد	muftaqad
مفتقر	muftaqir
مفتل	mufattal
مفتلة	maftalat
مفتلذ	muftaliẕ
مفتلط	muftalit̤
مفتلق	muftaliq
مفتلی	muftalī
مفتن	muftan
مفتوت	maftūt
مفتوح	maftūḥ
مفتوق	maftūq
مفتول	maftūl
مفتون	maftūn
مفتی	muftī
مفجر	mafjar
مفجوع	mafjū‘
مفحش	mufḥish
مفحص	mafḥaṣ
مفخر	mafḵẖar
مفخم	mufaḵẖḵẖam
مفخوذ	mafḵẖūẕ
مفدر	mufdir
مفدغ	mifdag̱ẖ
مفدم	mufdam
مفدوح	mafdūḥ
مفراح	mifrāḥ
مفراص	mifrāṣ
مفرج	mufrij
مفرحات	mufarriḥāt
مفرخ	mufriḵẖ
مفرخة	mufraḵẖat
مفرد	mufrad
مفرز	mufraz
مفرس	mafras
مفرس	mufarras
مفرش	mifrash
مفرشة	mifrashat
مفرص	mifraṣ
مفرض	mifraẓ
مفرط	mufrit̤
مفرغ	mafrag̱ẖ
مفرک	mufarrak
مفروج	mafrūj
مفروح	mafrūḥ
مفرور	mafrūr
مفروری	mafrūrī
مفروز	mafrūz
مفروش	mafrūsh
مفروض	mafrūẓ
مفروضات	mafrūẓāt
مفروغ	mafrūg̱ẖ
مفروق	mafrūq
مفروک	mafrūk
مفزع	mafza‘
مفسد	mufsid
مفسدات	ṃafsadāt
مفسدانه	mafsidāna
مفسدة	mafsadat
مفسدی	mufsidī
مفسر	mufassar
مفسرین	mufassirīn
مفسوخ	mafsūḵẖ
مفسوخیة	mafsūḵẖīyat
مفسود	mafsūd
مفشوش	mafshūsh
مفشی	mufashshī
مفشیات	mufashshiyāt
مفصد	mifṣad
مفصل	mafṣil
مفصلاً	mufaṣṣal-an
مفصلات	mufaṣṣalāt
مفصله	mufaṣṣala
مفصلی	mufaṣṣalī
مفصوخ	mafṣūḵẖ
مفصود	mafṣūd
مفصول	mafṣūl
مفصوم	mafṣūm
مفضاة	mufẓāt
مفضاض	mifẓāẓ
مفضال	mifẓāl
مفضحة	mafẓaḥat
مفضخة	mifẓaḵẖat
مفضل	mifẓal
مفضوح	mafẓūḥ
مفضوخ	mafẓūḵẖ
مفضوض	mafẓūẓ
مفضول	mafẓūl
مفضی	mufẓá
مفطر	muft̤ir
مفطور	maft̤ūr
مفطوم	maft̤ūm
مفعاة	maf‘āt
مفعول	maf‘ūl
مفعولان	maf‘ūlān
مفعولیة	maf‘ūlīyat
مفق	mafq
مفقر	mufqar
مفقرة	mafqarat
مفقود	mafqūd
مفقور	mafqūr
مفقوص	mafqūs
مفکر	mufakkir
مفکک	mufakkak
مفکوک	mafkūk
مفلاک	miflāk
مفلج	mufallaj
مفلح	mufliḥ
مفلحان	mufliḥān
مفلس	muflis
مفلسسنتان	muflisstān
مفلسی	muflisī
مفلفل	mufalfal
مفلق	mufliq
مفلل	mufallal
مفلوج	maflūj
مفلوذ	maflūẕ
مفلوس	maflūs
مفلوک	maflūk
مفلول	maflūl
مفلی	muflī
مفن	mifann
مفند	mufnid
مفنی	mufnī
مفوض	mufauwaẓ
مفوق	mufauwaq
مفوه	mufauwah
مفویٰ	mufauwá
مفهوم	mafhūm
مفئ	mufī’
مفیاٴة	mafya’at
مفید	mufīd
مفیص	mafīṣ
مفیض	mufīẓ
مفیق	mufīq
مق	maqq
مقابح	maqābiḥ
مقابحة	muqābaḥat
مقابر	maqābir
مقابل	muqābal
مقابلةً	muqābalat-an
مقابیح	maqābīḥ
مقلتة	maqātat
مقاتل	maqātil
مقاحلة	muqāḥalat
مقاحم	maqāḥim
مقاحمة	muqāḥamat
مقادة	maqādat
مقادر	muqādar
مقادرة	muqādarat
مقادم	maqādim
مقادیر	maqādīr
مقادیم	maqādīm
مقاذعة	muqāẕa‘at
مقار	maqārr
مقاراٴة	muqāra’at
مقارب	muqarab
مقاربة	muqārabat
مقارة	muqārrat
مقارضة	muqāraẓat
مقارع	maqāri‘
مقارعات	muqāra‘āt
مقارعة	muqāra‘at
مقارف	maqārif
مقارفة	muqārafat
مقارن	muqārin
مقارنة	muqāranat
مقارئ	muqāri’
مقاریض	maqārīẓ
مقاساة	muqāsāt
مقاسم	maqāsim
مقاص	maqāṣ
مقاصاة	muqāṣāt
مقامة	muqāṣṣat
مقاصد	maqāṣid
مقاصه	muqāssa
مقاصیر	maqāṣīr
مقاضاة	muqāẓāt
مقاضمة	muqāẓamat
مقاط	miqāt̤
مقاطر	maqāt̤ir
مقاطرة	muqāt̤arat
مقاطع	maqāt̤i‘
مقاطل	maqāt̤il
مقاطیع	maqāt̤ī‘
مقاظ	maqāz̤
مقاعد	maqā‘id
مقاعدة	muqā‘adat
مقال	maqāl
مقالی	maqālī
مقالید	maqālīd
مقامات	maqāmāt
مقامة	maqāmat
مقامح	maqāmiḥ
مقامحة	muqāmaḥat
مقامر	muqāmir
مقامرة	muqāmarat
مقامسة	muqāmasat
مقامع	maqāmi‘
مقامی	maqāmī
مقانع	maqāni‘
مقاواة	muqāwāt
مقاود	maqāwid
مقاوس	muqāwis
مقاوسة	muqāwasat
مقاول	maqāwil
مقاولة	maqāwilat
مقاوم	muqāwim
مقاومة	muqāwamat
مقایسة	muqāyasat
مقایضة	muqāyaẓat
مقایظة	muqāyaz̤at
مقائل	maqā’il
مقایلة	muqāyalat
مقائید	maqā’īd
مقباس	miqbās
مقبب	muqabbab
مقبر	maqbar
مقبری	maqbarī
مقبس	muqbis
مقبص	miqbaṣ
مقبل	muqbal
مقبوح	maqbūḥ
مقبوحه	maqbūḥa
مقبور	maqbūr
مقبوض	maqbūẓ
مقبول	maqbūl
مقبولیة	maqbūlīyat
مقة	miqat
مقت	maqt
مقتاد	muqtād
مقتبس	muqtabas
مقتتل	muqtatal
مقتحم	muqtaḥim
مقتدا	muqtadā
مقتدح	muqtadiḥ
مقتدر	muqtadar
مقتدی	muqtadī
مقتر	muqtir
مقترب	muqtarib
مقترح	muqtariḥ
مقترض	muqtariẓ
مقترف	muqtaraf
مقترن	muqtarin
مقتری	muqtarī
مقتسر	muqtasir
مقتسط	muqtasit̤
مقتسم	muqtasim
مقتشر	muqtashir
مقتص	muqtiṣṣ
مقتصد	muqtaṣid
مقتصر	muqtaṣar
مقتضا	muqtaẓā
مقتضب	muqtaẓab
مقتضی	muqtaẓa
مقتضیات	muqtaẓīyāt
مقتطع	muqtat̤a‘
مقتعد	muqta‘ad
مقتفی	muqtafá
مقتل	maqtal
مقتلع	muqtala‘
مقتنص	muqtanaṣ
مقتنی	muqtaná
مقتنیات	muqtanīyāt
مقتول	maqtūl
مقتولی	maqtūlī
مقتیٰ	maqtá
مقثاٴظ	maqs̤a‘at
مقحط	muqhat̤
مقحو	maqḥūw
مقحوط	maqḥūt̤
مقحوف	maqḥūf
مقد	maqd
مقداح	miqdāḥ
مقدار	miqdār
مقدام	miqdām
مقدح	miqdaḥ
مقدد	muqaddad
مقدر	muqaddar
مقدرات	muqaddarāt
مقدرة	maqdarat
مقدس	maqdis
مقدسی	maqdasī
مقدم	maqdam
مقدماً	muqaddam-an
مقدمات	muqaddamāt
مقدمی	muqaddamī
مقدور	maqdūr
مقدونس	maqdūnis
مقدونیه	maqdūniya
مقذ	miqaẕẕ
مقذاف	miqẕāf
مقذر	maqẕar
مقذع	muqẕi‘
مقذف	miqẕaf
مقذور	maqẕūr
مقذی	maqẕī
مقذیة	maqẕīyat
مقر	maqr
مقراء	miqrā’
مقراة	miqrāt
مقراص	miqrāṣ
مقراض	miqrāẓ
مقراضک	miqrāẓak
مقراضه	miqrāẓa
مقراضی	miqrāẓī
مقراع	miqrā‘
مقرب	maqrab
مقربان	muqarrabān
مقربة	maqrabat
مقربون	muqarrabūn
مقرح	muqarriḥ
مقرحات	muqarriḥāt
مقرد	muqarrad
مقردح	muqardaḥ
مقرر	muqarrar
مقرره	muqarrara
مقرری	muqarrarī
مقرص	muqarraṣ
مقرض	muqriẓ
مقرط	muqarrat̤
مقرطس	muqartis
مقرعة	miqra‘at
مقرف	muqrif
مقرم	muqram
مقرن	muqrin
مقرنس	muqarnas
مقرنص	muqarnaṣ
مقرنفل	muqranfal
مقرنیٰ	muqarná
مقروح	maqrūḥ
مقرور	maqrūr
مقروص	maqrūṣ
مقروض	maqrūẓ
مقروضی	maqrūẓī
مقروظ	maqrūz̤
مقروع	maqrū‘
مقروف	maqrūf
مقرون	maqrūn
مقرونیة	maqrūnīyat
مقزحة	miqzaḥat
مقس	maqs
مقساة	maqsāt
مقسط	muqsit̤
مقسم	maqsam
مقسمات	muqsamāt
مقسوم	maqsūm
مقش	muqishsh
مقشب	muqashshab
مقشر	muqashshar
مقشعر	maqsha‘irr
مقشقشتان	muqashqishatān
مقشور	maqshūr
مقص	miqaṣṣ
مقصان	miqassān
مقصبة	maqṣabat
مقصد	maqṣad
مقصرة	maqṣarat
مقصص	muqaṣṣaṣ
مقصل	miqṣal
مقصود	maqṣūd
مقصور	maqṣūr
مقصورات	maqṣūrāt
مقصوص	maqṣūṣ
مقصیٰ	muqṣá
مقضاب	miqẓāb
مقضب	miqẓab
مقضی	maqẓī
مقط	maqt̤
مقطار	miqt̤ār
مقطب	muqat̤t̤ib
مقطر	miqt̤ar
مقطع	maqt̤a‘
مقطعات	muqat̤t̤a‘āt
مقطم	miqt̤am
مقطور	maqt̤ūr
مقطوع	maqt̤ū‘
مقطوف	maqt̤ūf
مقطول	maqt̤ūl
مقع	maq‘
مقعد	maq‘ad
مقعدة	maq‘adat
مقعر	muqa‘‘ar
مقعطة	miq‘at̤at
مقعوصة	maq‘ūṣat
مقفا	muqaffā
مقفار	miqfār
مقفر	muqfir
مقفص	muqaffaṣ
مقفع	muqaffa‘
مقفعة	miqfa‘at
مقفول	maqfūl
مقفی	muqfá
مقل	maql
مقل	muql
مقلاء	miqlā’
مقلاة	miqlāt
مقلاد	miqlād
مقلاص	miqlāṣ
مقلاع	miqlā‘
مقلاعة	miqlā‘at
مقلب	miqlab
مقلة	maqlat
مقلد	maqlad
مقلدات	muqalladāt
مقلس	muqallis
مقلع	muqla‘
مقلم	muqallam
مقلمة	miqlamat
مقلو	maqlūw
مقلوب	maqlūb
مقلود	maqlūd
مقلوع	maqlū‘
مقلوم	maqlūm
مقلونیا	maqlūniyā
مقلی	miqlá
مقلیة	maqliyat
مقلید	maqlīd
مقلیسا	maqlīsa
مقمة	miqammat
مقمحون	muqmiḥūn
مقمر	muqmir
مقمعة	miqma‘at
مقمل	miqmal
مقمور	maqmūr
مقموط	maqmūt̤
مقموع	maqmū‘
مقناطیس	miqnāt̤īs
مقند	muqannad
مقنطر	muqant̤ar
مقنطرات	muqant̤arāt
مقنطیس	miqnatīs
مقنع	maqna‘
مقنعه	miqna‘a
مقنن	muqannan
مقنود	maqnūd
مقنی	muqnī
مقو	maqw
مقوا	muqauwā
مقواجی	muqauwājī
مقوائی	muqauwā’ī
مقوال	miqwāl
مقود	maqūd
مقور	muqauwar
مقوس	miqwas
مقوض	muqauwaẓ
مقوط	muqūt̤
مقوقس	muqauqis
مقول	maqūl
مقولات	maqūlāt
مقوله	maqūla
مقوم	miqwam
مقوی	muqwī
مقویات	muqauwiyāt
مقهر	muqhar
مقهور	maqhūr
مقیاس	miqyās
مقیت	maqīt
مقید	muqaiyad
مقیدی	muqaiyadī
مقیر	muqaiyar
مقیس	maqīs
مقیض	maqīẓ
مقیل	maqīl
مقیل	muqīl
مقیلبا	muqīl-bā
مقیم	muqīm
مقیمی	muqīmī
مقین	muqaiyin
مقیئی	muqī’
مقیئات	muqī’āt
مک	mak
مک	makk
مکاء	mukā’
مکاب	ma-kāb
مکابدة	mukābadat
مکابلة	mukābalat
مکاتب	makātib
مکاتبات	mukātabāt
مکاتبة	mukātabat
مکاتمة	mukātamat
مکاتیب	makātīb
مکاثبة	mukās̤abat
مکاثرة	mukās̤arat
مکاحل	makāḥil
مکاد	makād
مکاذبة	mukāẕabat
مکار	makkār
مکاراة	mukārāt
مکاربة	mukārabat
مکاردة	mukāradat
مکارم	makārim
مکارمة	mukāramat
مکارمکار	makārim-kār
مکارون	mukārūn
مکاره	makārih
مکاری	mukārī
مکاری	makkārī
مکاس	ma-kās
مکاس	mikās
مکاسب	makāsib
مکاسرة	mukāsarat
مکاسه	mukāsa
مکاسیر	makāsīr
مکاشحة	mukāshaḥat
مکاشرة	mukāsharat
مکاظة	mukāz̤z̤at
مکاعمة	mukā‘amat
مکافاة	mukāfāt
مکافحة	mukāfaḥat
مکافرة	mukāfarat
مکافل	mukāfil
مکافیف	makāfīf
مکاکة	mukākat
مکاکفت	makākaft
مکاکی	makākī
مکال	makāl
مکالبة	mukālabat
مکامعة	mukāma‘at
مکامن	makāmin
مکان	makān
مکانات	makānāt
مکاندار	makān-dār
مکانس	makānis
مکاو	ma-kāv
مکانی	makānī
مکاوحة	mukāwaḥat
مکاهلة	mukāhalat
مکائد	makā’id
مکایدة	mukāyadat
مکایسة	mukāyasat
مکایلة	mukāyalat
مکائیل	makā’īl
مکب	mukibb
مکبر	makbir
مکبل	mukabbal
مکبوث	makbūs̤
مکبود	makbūd
مکبوراء	makbūrā’
مکبول	makbūl
مکبون	makbūn
مکتاف	miktāf
مکتب	maktab
مکتتم	muktatim
مکتحل	muktaḥil
مکترب	muktarib
مکترث	muktaris̤
مکتری	muktarī
مکتسب	muktasab
مکتسر	muktasir
مکتسی	muktasī
مکتف	mukattaf
مکتفل	muktafil
مکتفی	muktafi’
مکتلی	muktalī
مکتم	mukattam
مکتمن	muktamin
مکتن	muktann
مکتنز	muktaniz
مکتنف	muktanif
مکتنه	muktanih
مکتنی	muktanī
مکتوب	maktūb
مکتوبات	maktūbāt
مکتوبی	maktūbī
مکتوم	maktūm
مکتهل	muktahil
مکثار	miks̤ār
مکثان	muks̤ān
مکثر	muks̤ir
مکثرة	maks̤arat
مکثوب	maksūb
مکثی	maks̤ī
مکثیر	miks̤īr
مکحال	mikḥāl
مکحلة	mukḥulat
مکحول	makḥūl
مکدر	mukaddar
مکدرات	mukaddarāt
مکدرانه	mukadarrāna
مکدیطس	makdīt̤us
مکذب	mukẕib
مکذبة	makẕabat
مکذوب	makẕūb
مکر	makr
مکرام	mikrām
مکرب	mukrab
مکرخن	mukarḵẖan
مکرر	mukarrar
مکرص	mikraṣ
مکرم	mukram
مکرمة	makramat
مکرنه	makrana
مکروب	makrūb
مکروس	makrūs
مکرونتن	makrūnitan
مکروه	makrūh
مکروهات	makrūhāt
مکره	mukrah
مکرهة	makrahat
مکری	makrī
مکزیک	makzīk
مکس	maks
مکساب	miksāb
مکسال	miksāl
مکست	mikast
مکسحة	miksaḥat
مکسر	maksir
مکسوب	maksūb
مکسور	maksūr
مکش	ma-kash
مکشوح	makshūḥ
مکشوط	makshūt̤
مکشوف	makshūf
مکظظ	mukaz̤z̤az̤
مکظوم	makz̤ūm
مکعب	muka‘‘ab
مکعوم	mak‘ūm
مکفاة	makfāt
مکفال	mikfāl
مکفن	mukaffan
مکفوف	makfūf
مکفول	makfūl
مکفوؤ	makfū’
مکفی	makfī
مکل	makil
مکلاء	mukalla’
مکلب	mukallib
مکلس	mukallas
مکلع	mukli‘
مکلف	mukallaf
مکلکل	mukalkal
مکلل	mukallal
مکلوب	maklūb
مکلوم	maklūm
مکلی	maklī
مکماٴة	makma’at
مکمة	mikammat
مکمح	mukmaḥ
مکمل	mikmal
مکمن	makman
مکمنة	makmanat
مکمود	makmūd
مکموم	makmūm
مکمون	makmūn
مکناء	mukanā’
مکنات	makināt
مکنس	mukannis
مکنسة	miknasat
مکنف	mukannaf
مکنوز	maknūz
مکنوزات	maknūzāt
مکنوس	maknūs
مکنون	maknūn
مکو	makw
مکو	mako
مکواة	mikwāt
مکوارة	mikwārat
مکوث	mikūs̤
مکود	makūd
مکور	makūr
مکورة	mikwarat
مکوس	mikwas
مکوک	makok
مکوک	makkūk
مکوکب	mukaukib
مکول	makūl
مکون	makūn
مکی	makkī
مکیاز	mikyāz
مکیال	mikyāl
مکیب	ma-kīb
مکیث	makīs̤
مکید	makīd
مکیدن	makīdan
مکیده	makīda
مکیس	makīs
مکیف	mukaiyaf
مکیفات	mukaiyifāt
مکیک	makīk
مکیل	makīl
مکین	makīn
مکینة	makīnat
مکیول	makyūl
مگ	mag
مگاتریوم	magātariyūm
مگر	magar
مگرد	ma-gard
مگرمج	magarmaj
مگرل	migril
مگرنه	mugrana
مگس	magas
مگسک	magasak
مگسی	magasī
مگل	magal
مل	mil
مل	mall
ملا	mal’
ملاٴاء	mula’ā’
ملاءة	malā’at
ملاٴام	mil’ām
ملاءمة	mulā’amat
ملاٴان	mal’ān
ملاب	malāb
ملابار	malābār
ملابس	malābis
ملابسة	mulābasat
ملاة	malāt
ملاث	malās̤
ملاثمة	mulās̤amat
ملاجة	mulājjat
ملاح	milāḥ
ملاحاة	mulāḥāt
ملاحان	mallāḥān
ملاحد	malāḥid
ملاحدة	mulāḥadat
ملاحف	malāḥif
ملاحفة	mulāḥafat
ملاحکة	mulāḥakat
ملاحم	malāḥim
ملاحمة	mulāḥamat
ملاحنة	mulāḥanat
ملاحی	mallāḥī
ملاحیة	mullāḥīyat
ملاخ	malāḵẖ
ملاخة	malāḵẖat
ملاخه	malāḵẖa
ملادة	mulāddat
ملادس	malādis
ملاذ	malāẕ
ملاذبة	mulāẕabat
ملازم	mulāzim
ملازمان	mulāzimān
ملازمة	malāzamat
ملازمی	mulāzimī
ملاسة	mulāsat
ملاسنة	mulāsanat
ملاصق	mulāṣiq
ملاصقة	mulāṣaqat
ملاط	milāt̤
ملاطس	malāt̤is
ملاطف	mulāt̤if
ملاطمة	mulāt̤amat
ملاطیة	malāt̤iya
ملاع	malā‘
ملاعب	malā‘ib
ملاعبة	mulā‘abat
ملاعجة	mulā‘ajat
ملاعق	malā‘iq
ملاعن	malā‘in
ملاعنة	mulā‘anat
ملاعین	malā‘īn
ملاغم	malāg̱ẖim
ملاق	malāq
ملاقاة	mulāqāt
ملاقاتی	mulāqātī
ملاقانی	mulqānī
ملاقح	malāqiḥ
ملاقس	mulāqis
ملاقسة	mulāqasat
ملاقه	milāqa
ملاقی	malāqī
ملاقیح	malāqīḥ
ملاک	mal’ak
ملاکة	malākat
ملاکیع	malākī‘
ملاگر	malāgir
ملاگیری	malāgīrī
ملال	malāl
ملالة	malālat
ملام	malām
ملامة	malāmat
ملامتی	malāmatī
ملامح	malāmiḥ
ملامسة	mulāmasat
ملامظ	malāmiz̤
ملان	ma-lān
ملان	mal’ān
ملانی	malānī
ملاوث	malāwis̤
ملاوذة	mulāwaẕat
ملاوطة	mulāwat̤at
ملاوم	malāwim
ملاومة	mulāwamat
ملاه	malāh
ملاهسة	mulāhasat
ملاهی	malāhī
ملای	ma-lāy
ملایثة	mulāyas̤at
ملائک	malā’ik
ملایلة	mulāyalat
ملائم	malā’im
ملایمة	mulāyamat
ملایمی	mulāyimī
ملاینة	mulāyanat
ملائی	mullā’ī
ملبب	mulabbab
ملبن	malban
ملبنة	malbanat
ملبوب	malbūb
ملبوس	malbūs
ملبوسات	malbūsāt
ملبون	malbūn
ملبیٴ	mulubbi’
ملة	mallat
ملتاع	multā‘
ملتاق	multāq
ملتان	multān
ملتانی	multānī
ملتبد	multabid
ملتبس	multabis
ملتبک	multabik
ملتبن	multabin
ملتبیة	multabiyat
ملتثق	multas̤iq
ملتثم	multas̤am
ملتج	multajj
ملتجا	multajā
ملتجم	multajim
ملتجة	multajjat
ملتحب	multaḥib
ملتحج	multaḥij
ملتحد	multaḥad
ملتحف	multaḥif
ملتحق	multaḥiq
ملتحم	multaḥim
ملتحی	multaḥī
ملتدم	multadim
ملتذ	multaẕẕ
ملتذع	multaẕi‘
ملتزج	multazij
ملتزق	multaziq
ملتزم	multazim
ملتزمین	multazimīn
ملتسق	multasiq
ملتصق	multaṣiq
ملتطم	multat̤im
ملتظی	multaz̤ī
ملتعن	multa‘in
ملتف	multaff
ملتفت	multafat
ملتق	maltaq
ملتقا	maltaqā
ملتقط	multaqit̤
ملتقم	maltaqim
ملتقی	multaqá
ملتم	maltam
ملتمس	multamas
ملتمع	multami‘
ملتمی	multamá
ملتوت	maltūt
ملتوث	multawis̤
ملتوح	multawiḥ
ملتوط	multawit̤
ملتوم	multawim
ملتوی	multawī
ملتهب	multahib
ملتهث	multahis̤
ملتهف	multahif
ملتهم	multaham
ملتهی	multahī
ملتی	millatī
ملتئم	multa’im
ملث	mals̤
ملثة	muls̤at
ملثم	mils̤am
ملثوم	mals̤ūm
ملج	malj
ملچخ	milchaḵẖ
ملچکا	malchakā
ملح	malḥ
ملحاح	milḥāḥ
ملحاق	milḥāq
ملحة	malḥat
ملحج	malḥaj
ملحد	mulḥad
ملحس	malḥas
ملحف	milḥaf
ملحق	mulḥaq
ملحقات	mulḥaqāt
ملحقه	mulḥaqa
ملحم	malḥam
ملحم	mulḥam
ملحمة	malḥamat
ملحود	malḥūd
ملحوس	malḥūs
ملحوط	malḥūz̤
ملحوظات	malḥūz̤āt
ملحوم	malḥūm
ملحون	malḥūn
ملحی	malḥī
ملخ	malḵẖ
ملخ	malaḵẖ
ملخچ	malaḵẖch
ملخص	mulḵẖaṣ
ملخودن	malḵẖūdan
ملخیط	malaḵẖīt̤
ملد	malad
ملدام	mildām
ملدان	maladān
ملدس	mildas
ملدغ	mildag̱ẖ
ملدم	mildam
ملدوغ	maldūg̱ẖ
ملذ	malẕ
ملذذ	mulaẕẕaẕ
ملز	milazz
ملزاب	milzāb
ملزام	milzām
ملزق	mulazzaq
ملزم	milzam
ملزوق	malzūq
ملزوم	malzūm
ملزون	malzūn
ملس	mals
ملسا	milsā
ملساء	malsā’
ملسد	milsad
ملسق	mulassaq
ملسن	mulaṣsan
ملسوع	malsū‘
ملسون	malsūn
ملش	malash
ملص	malaṣ
ملصاب	milṣāb
ملصوق	mulṣūq
ملط	malt̤
ملطاء	milt̤ā’
ملطاس	milt̤ās
ملطاط	milt̤āt̤
ملطة	mult̤at
ملطس	milt̤as
ملطف	mulat̤t̤if
ملطفات	mulat̤t̤ifāt
ملطقه	mult̤afa
ملطم	maltam
ملطوخ	maltūḵẖ
ملطوم	malt̤ūm
ملطه	malt̤a
ملطیٰ	milt̤á
ملطیة	malat̤yat
ملظ	muliz̤z̤
ملع	mal‘
ملعب	mal‘ab
ملعم	mal‘am
ملعن	mula‘‘an
ملعنة	mal‘anat
ملعوب	mal‘ūb
ملعون	mal‘ūn
ملغ	milg̱ẖ
ملغاة	malg̱ẖāt
ملغز	mulg̱ẖiz
ملغم	malg̱ẖam
ملف	milaff
ملفف	mulaffaf
ملفوظ	malfūz̤
ملفوظات	malfūz̤āt
ملفوف	malfūf
ملق	maliq
ملقا	mulaqqa
ملقاة	malqāt
ملقب	mulaqqab
ملقح	mulqiḥ
ملقحة	mulqaḥat
ملقط	milqat̤
ملقن	mulaqqin
ملقو	malqūw
ملقوحة	malqūḥat
ملقوط	malqūt̤
ملقی	malqá
ملک	malk
ملک	milk
ملکا	malkā
ملکات	malakāt
ملکاتگین	malkātigīn
ملکان	malkān
ملکانیه	malkānīya
ملکة	milkat
ملکک	mulkak
ملکوتا	malkūtā
ملکوس	malkūs
ملکوم	malkūm
ملکی	malakī
ملل	malal
ملم	mulimm
ملماز	malmāz
ملمس	malmas
ملمع	mulamma‘
ململ	malmal
ملموس	malmūs
ملموسات	malmūsāt
ملموم	malmūm
ملمیز	malmīz
ملمجیدن	milinjīdan
ملمخولیا	malanḵẖūliyā
ملند	muland
منلگ	malang
ملو	malw
ملواح	milwāḥ
ملوان	malawān
ملوث	milwas̤
ملوح	mulūḥ
ملوخیا	mulūḵẖiyā
ملوذ	milwaẕ
ملوذة	milwaẕat
ملوز	mulauwaz
ملوسة	mulūsat
ملوط	mulūt̤
ملوک	mulūk
ملوکا	malūkā
ملوکان	mulūkān
ملوکانه	mulūkāna
ملوکة	mulūkat
ملوکی	mulūkī
ملوکیه	mulūkiya
ملول	malūl
ملولا	malolā
ملولی	malūlī
ملوم	malūm
ملون	mulauwan
ملونیا	mulūniyā
ملوین	malawain
مله	malla
ملهب	milhab
ملهتی	malhatī
ملهد	mulahhad
ملهق	mulahhaq
ملهم	malham
ملهم	milham
ملهمان	mulhamān
ملهو	malhūw
ملهوب	malhūb
ملهوت	malhūt
ملهوز	malhūz
ملهوف	mulhūf
ملهوم	malhūm
ملهومون	malhūmūn
ملهی	malhá
ملیاً	malīy-an
ملیبار	malībār
ملیث	milyas̤
ملیج	malīj
ملیح	malīḥ
ملیخ	malīḵẖ
ملیز	malīz
ملیسا	malīsā
ملیساء	mulaisā’
ملیص	milīṣ
ملیط	malīt̤
ملیطرنا	malīt̤arnā
ملیع	malī‘
ملیک	malīk
ملیل	malīl
ملیم	malīm
ملین	mulaiyan
ملیوس	malyūs
ملیون	milyūn
مم	mam
مما	mimmā
مماءرة	mumā’arat
مماءفة	mumā’anat
ممات	mamāt
مماتکة	mumātakat
مماتن	mumātin
مملتنة	mumātanat
مماتی	mamātī
مماثل	mumās̤īl
مماثلة	mumās̤alat
مماجدة	mumājadat
مماجرة	mumājarat
مماجعة	mumāja‘at
مماحک	mumāḥik
مماحکة	mumāḥakat
مماحلة	mumāḥalat
مماداة	mumādāt
ممادة	mumāddat
مماذاة	mumāẕāt
مماذق	mumāẕiq
مماذقة	mumāẕaqat
مماراة	mumārāt
ممارة	mumārrat
ممارس	mumāris
ممارسة	mumārasat
ممارطة	mumārat̤at
ممازجة	mumāzajat
ممازحة	mumāzaḥat
ممازقة	mumāzaqat
ممازهة	mumāzahat
مماٴس	mim’as
مماس	mumās
مماس	mumāss
مماسة	mumāssat
مماسحة	mumāsaḥat
مماش	mumāsh
مماشاة	mumāshāt
مماشقة	mumāshaqat
مماصعة	mumāṣa‘at
مماطل	mumāt̤il
مماطلة	mumāt̤alat
مماعک	mumā‘ik
مماعکة	mumā‘akat
مماغثة	mumāg̱ẖas̤at
مماکس	mumākis
مماکسة	mumākasat
مماکل	mumākil
ممال	mamāl
ممالاٴة	mumāla’at
ممالثة	mumālas̤at
ممالحة	mumālaḥat
ممالطة	mumālat̤at
ممالغة	mumālag̱ẖat
ممالقة	mumālaqat
ممالک	mamālik
ممالیک	mamālīk
ممانة	mumānnat
ممانع	mumāni‘
ممانعة	mumāna‘at
مماهرة	mumāharat
ممایلة	mumāyalat
ممتاد	mumtād
ممتار	mumtār
ممتاز	mumtāz
ممتثل	mumtas̤il
ممتحش	mumtaḥish
ممتحق	mumtaḥiq
ممتحن	mumtaḥan
ممتخض	mumtaḵẖiẓ
ممتخط	mumtaḵẖit̤
ممتد	mumtadd
ممتدح	mumtadiḥ
ممتدی	mumtadī
ممتذق	mumtaẕiq
ممتری	mumtarī
ممتزج	mumtazij
ممتسک	mumtasik
ممتشط	mumtashit̤
ممتثع	mumtashi‘
ممتشق	mumtashiq
ممتطل	mumtat̤il
ممتطی	mumtat̤ī
ممتع	mumatti‘
ممتعد	mumta‘id
ممتعض	mumta‘iẓ
ممتعل	mumta‘il
ممتقل	mumtaqil
ممتکر	mumtakir
ممتل	mumtill
ممتلج	mumtalij
ممتلح	mumtaliḥ
ممتلخ	mumtaliḵẖ
ممتنح	mumtanaḥ
ممتنع	mumtani‘
ممتنعات	mumtani‘āt
ممتهن	mumtahin
ممثل	mums̤il
ممثون	mams̤ūn
ممجد	mumajjad
ممحاة	mimḥāt
ممحال	mimḥāl
ممحش	mumḥash
ممحشة	mumḥishat
ممحل	mumḥil
ممحو	mamḥū
ممحوص	mamḥūṣ
ممحوض	mamḥūẓ
ممحی	mamḥī
ممخ	mumiḵẖḵẖ
ممخاض	mimḵẖāẓ
ممخرق	mumaḵẖraq
ممخوض	mamḵẖūẓ
ممد	mumidd
ممدح	mumaddaḥ
ممدد	mumaddad
ممدر	mumaddar
ممدوح	mamdūḥ
ممدوحات	mamdūḥāt
ممدوحین	mamdūḥīn
ممدود	mamdūd
ممذوق	mamẕūq
ممر	mamarr
ممراح	mimrāḥ
ممراض	mimrāẓ
ممرجل	mumarjal
ممرح	mimraḥ
ممرد	mumarrad
ممرض	mumriẓ
ممرغ	mumarrig̱ẖ
ممرغة	mimrag̱ẖat
ممرور	mamrūr
ممروس	mamrūs
ممری	mumri’
ممزج	mumazzaj
ممزق	mumazzaq
ممزوج	mamzūj
ممزوق	mamzūq
ممسک	mumsik
ممسکی	mumsikī
ممسوح	mamsūḥ
ممسوخ	mamsūḵẖ
ممسود	mamsūd
ممسوس	mamsūs
ممسی	mumsá
ممشا	mamshā
ممشاة	mamshāt
ممشط	mimshat̤
ممشق	mumashshaq
ممشوط	mamshūt̤
ممشوق	mamshūq
ممشی	mamshá
ممصر	mumaṣṣar
ممصطک	mumaṣt̤ak
ممصل	mimṣal
ممض	mumiẓẓ
ممضغة	mamẓag̱ẖat
ممضوغ	mamẓūg̱ẖ
ممضیٰ	mumẓā
ممطور	mamt̤ūr
ممطول	mamt̤ūl
ممعد	mim‘ad
ممعط	muma‘‘it̤
ممعک	mim‘ak
ممعود	mam‘ūd
ممعوط	mam‘ūt̤
ممعول	mam‘ūl
ممغر	mumag̱ẖg̱ẖar
ممغل	mimg̱ẖal
ممغوص	mamg̱ẖūṣ
ممقر	mumqir
ممقوت	mamqūt
ممقور	mamqūr
ممقوع	mamkū‘
ممکر	mumakkir
ممکل	mimkal
ممکنات	mumkināt
ممکور	mamkūr
ممکوک	mamkūk
ممل	mumul
ممل	mumall
مملان	mimlān
مملح	mumallaḥ
مملخت	mamlaḵẖt
مملس	mumallas
مملک	mumallak
مملکتین	mamlakatain
مملوح	mamlūḥ
مملوحات	mamlūḥāt
مملوس	mamlūs
مملوک	mamlūk
مملوکة	mamlūkat
مملوکی	mamlūkī
مملوکیة	mamlūkīyat
مملول	mamlūl
ممن	mamin
ممنوع	mamnū‘
ممنوعات	mamnū‘āt
ممنون	mamnūn
ممنونی	mamnūnī
ممول	ma-mol
ممولا	mamolā
مموم	mamūm
مموه	mumauwah
ممه	mama
ممهد	mumahhad
ممهر	mumhir
ممهل	mumhil
ممهو	mamhū
ممهور	mamhūr
ممیت	mumīt
ممیز	mumaiyaẕ
ممیزه	mumaiyiza
ممیزی	mumaiyizī
ممیل	mamīl
ممئی	mam’ī
من	man
منا	manā
مناب	manāb
مناباٴة	munāba’at
منابت	manābit
منابذة	munābaẕat
منابر	manābir
منابزة	munābazat
منابع	manābi‘
منابلة	munābalat
مناة	manāt
منات	munāt
مناجاة	munājāt
مناجح	manājiḥ
مناجد	manājid
مناجز	munājiz
مناجزة	munājazat
مناجل	manājil
مناجیح	manājīḥ
مناجیق	manājīq
مناجین	manājīn
مناح	manāḥ
مناحة	manāḥat
مناحس	manāḥis
مناخ	manāḵẖ
مناخ	munāḵẖ
مناخر	manāḵẖir
مناخل	manāḵẖil
مناخلی	manāḵẖilī
مناداة	munādāt
منادة	munāddat
منادسة	munādasat
منادم	munādim
منادمة	munādamat
منادی	manādī
منادیل	manādīl
مناذر	manāẕir
مناذرة	manāẕirat
منار	manār
منازع	manāzi‘
منازعان	munāzi‘ān
منازعة	munāza‘at
منازف	manāzif
منازل	manāzil
منازلة	munāzalat
منازه	manāzih
مناس	munās
مناسب	munāsib
مناسبة	munāsabat
مناسبی	munāsabī
مناسخة	munāsaḵẖat
مناسقة	munāsaqat
مناسک	manāsik
مناسم	manāsim
مناسیب	manāsīb
مناسیف	manāsīf
مناشدة	munāshadat
مناشف	manāshif
مناشیر	manāshīr
مناص	manāṣ
مناصاة	munāṣāt
مناصب	manāṣib
مناصبة	munāsabat
مناصحة	munāṣaḥat
مناصرة	munāṣarat
مناصف	manāṣif
مناصیب	manāṣīb
مناضحة	munāẓaḥat
مناضخة	munāẓaḵẖat
مناضلة	munāẓalat
مناط	manāt̤
مناط	munāt̤
مناطحة	munāt̤aḥat
مناطق	manāt̤iq
مناطقة	munāt̤aqat
مناطر	manāz̤ir
مناظرات	munāz̤arāt
مناظم	manāz̤im
مناع	mannā’
مناعم	munā‘im
مناعمة	munā‘amat
مناعی	manā‘ī
مناغاة	munāg̱ẖāt
مناف	manāf
منافاة	munāfāt
منافث	munāfis̤
منافثة	munāfas̤at
منافخ	manāfiḵẖ
منافذ	manāfiẕ
منافر	munāfir
منافرة	munāfarat
منافسة	munāfasat
منافع	manāfi‘
منافعة	munāfa‘at
منافق	munāfiq
منافقانه	munāfiqāna
منافقة	munāfaqat
منانی	manāfī
منافیة	munāfiyat
مناقب	manāqib
منافبت	munāqabat
مناقر	manāqir
مناقرة	munāqarat
مناقش	munāqish
مناقض	munāqiẓ
مناقضة	munāqaẓat
مناقع	manāqi‘
مناقلة	munāqalat
مناقیب	manāqīb
مناقیر	manāqīr
مناکب	manākib
مناکح	manākiḥ
مناکحات	munākaḥāt
مناکحة	munākaḥat
مناکرة	munākarat
مناکیر	manākīr
منال	manāl
منام	manām
منامات	manāmāt
منامس	munāmis
منامسة	munāmasat
منان	mannān
مناو	manāv
مناوبة	munāwabat
مناوحة	munāwaḥat
مناور	manāwar
مناور	manāwir
مناوصة	munāwaṣat
مناولة	munāwalat
مناوصة	munāwamat
مناهج	manāhij
مناهزة	munāhazat
مناهضة	munāhaẓat
مناهل	manāhil
مناهی	manāhī
مناهیج	manāhīj
منایا	manāyā
منائح	manā’iḥ
منائر	manā’ir
منبت	maṃbit
منبتی	munabbatī
منبجانی	maṃbajānī
منبجس	muṃbajis
منبر	miṃbar
منبسط	muṃbasit̤
منبض	miṃbaẓ
منبطح	muṃbat̤iḥ
منبع	maṃba‘
منبعث	mumba‘as̤
منبغی	muṃbag̱ẖī
منبک	miṃbak
منبکی	muṃbakī
منبل	maṃbal
منبلی	maṃbalī
منبوت	maṃbūt
منبوذ	maṃbūẕ
منبوش	maṃbūsh
منبوه	maṃbūh
منبه	munabbih
منبه	maṃba
منبهة	maṃbahat
منبی	muṃbī
منة	minnat
منتاخ	mintāḵẖ
منتبث	muntabis̤
منتبذ	muntabiẕ
منتبر	muntabir
منتبه	muntabih
منتتر	muntatir
منتتف	muntatif
منتثر	muntas̤ir
منتج	mantij
منتجب	muntajab
منتجع	muntaja‘
منتجعون	muntaji‘ūn
منتجم	muntajim
منتجوسه	muntajūsa
منتجی	muntajī
منتحب	muntaḥib
منتحج	muntaḥij
منتحر	muntaḥir
منتحل	muntaḥil
منتحی	muntaḥī
منتخب	muntaḵẖab
منتخبات	muntaḵẖabāt
منتخط	muntaḵẖit̤
منتدار	minnat-dār
منتدح	muntadaḥ
منتدی	muntadá
منتذر	muntaẕir
منتزع	muntaza‘
منتزه	muntazah
منتسب	muntasib
منتسج	muntasaj
منتسخ	muntasaḵẖ
منتسق	muntasiq
منتشب	muntashib
منتشر	muntashir
منتشق	muntashiq
منتشل	muntashal
منتشی	muntashī
منتصب	muntaṣib
منتصح	muntaṣiḥ
منتصر	muntaṣir
منتصف	muntaṣaf
منتصل	muntaṣil
منتضح	muntaẓiḥ
منتضف	muntaẓif
منتضل	muntaẓil
منتطح	muntat̤aḥ
منتظر	muntaz̤ir
منتظم	muntaz̤am
منتعش	munta‘ish
منتعظ	munta‘iz̤
منتعل	munta‘il
منتف	munattaf
منتفج	muntafij
منتفخ	muntafiḵẖ
منتفذ	muntafaẕ
منتفش	muntafish
منتفض	muntafiẓ
منتفع	muntafi‘
منتفل	muntafil
منتفی	muntafī
منتقب	muntaqib
منتقد	muntaqad
منتقر	muntaqir
منتقز	muntaqiz
منتقش	muntaqash
منتقص	muntaqiṣ
منتقض	muntaqiẓ
منتقل	muntaqal
منتقم	muntaqim
منتقه	muntaqih
منتقی	muntaqá
منتک	mantak
منتکب	muntakib
منتکس	muntakis
منتکش	muntakish
منتمی	muntamī
منتن	muntin
منتو	mantū
منتوجه	mantūja
منتور	muntawir
منتوط	muntawit̤
منتوف	mantūf
منتوی	muntawī
منتها	muntahā
منتهب	muntahab
منتهر	muntahir
منتهض	muntahiẓ
منتهک	muntahik
منتهون	muntahūn
منتهی	muntahá
منتین	mintīn
منثر	mins̤ar
منثقب	muns̤aqib
منثلم	muns̤alim
منثنی	muns̤anī
منثور	mans̤ūr
منج	manj
منجا	manjā
منجاة	manjāt
منجانب	min-jānib
منجب	munjib
منجبر	munjabir
منجح	munjiḥ
منجخ	minjaḵẖ
منجذ	minjad
منجذب	munjaẕib
منجذر	munjaẕir
منجر	minjar
منجر	manjar
منجرد	munjarid
منجرف	munjarif
منجز	munjiz
منجزم	munjazim
منجس	munajjas
منجعف	munja‘if
منجعل	munja‘il
منجف	minjaf
منجک	manjak
منجل	manjul
منجل	minjal
منجلاب	manjalāb
منجلع	munjali‘
منجلی	munjalī
منجلیق	manjalīq
منجم	manjam
منجمان	munajjimān
منجمد	munjamid
منجمع	munjami‘
منجمله	min-jumla
منجمین	munajjimīn
منجنون	manjanūn
منجنیق	manjanīq
منجنیقی	manjanīqī
منجنیک	manjanīk
منجنین	manjanīn
منجو	manjū
منجود	manjūd
منجور	manjūr
منجورة	manjūrat
منجوز	munjawiz
منجوف	manjūf
منجوق	manjūq
منجول	manjūl
منجیک	manjīk
منجیل	manjīl
منح	manḥ
منحار	minḥār
منحاز	minḥāz
منحت	minḥat
منحجز	munḥajiz
منحدر	munḥadar
منحر	manḥar
منحرف	munḥaraf
منحرفی	munḥarifī
منحزة	munaḥḥizat
منحسر	munḥasir
منحصر	munḥaṣir
منحف	munḥaf
منحل	munḥall
منحمق	munḥamiq
منحنی	munḥanā
منحوت	manḥūt
منحور	munḥūr
منحوز	manḥūz
منحوس	manḥūs
منحوف	manḥūf
منحول	manḥūl
منحوی	munḥawī
منخاس	minḵẖās
منخدر	munḵẖadir
منخدع	munḵẖadi‘
منخرط	munḵẖarit̤
منخرع	munḵẖari‘
منخرق	munḵẖaraq
منخرم	munḵẖarim
منخرق	munḵẖaziq
منخسف	munḵẖasif
منخفض	munḵẖafaẓ
منخنق	munḵẖaniq
منخور	munḵẖūr
منخوس	manḵẖūs
منخوش	manḵẖūsh
منخول	manḵẖūl
منخی	manḵẖī
مند	mand
منداس	mindās
منداغان	mandāg̱ẖān
منداور	mandāwar
مندب	mandib
مندبور	mandbūr
مندبه	mandaba
مندح	madaḥ
مندخل	mundaḵẖil
مندد	munaddīd
مندرج	mundarij
مندرجه	mundarija
مندرس	mundaris
مندس	mundass
مندش	mandish
مندعوره	munda‘ūra
مندعی	munda‘ī
مندغ	mindag̱ẖ
مندف	mindaf
مندفع	mundafi‘
مندفق	mundafiq
مندفن	mundafin
مندنه	mandafa
مندق	mundaqq
مندک	mandak
مندک	mundakk
مندل	mandal
مندل	mundall
مندلع	mundali‘
مندلف	mundalif
مندله	mandala
مندلی	mandalī
مندم	mandam
مندمج	mundamij
مندمل	mundamil
مندو	mandū
مندوب	mandūb
مندوحة	mandūḥat
مندور	mandūr
مندوف	mandūf
مندول	mundawil
مندوور	mandwūr
منده	manda
مندهن	mundahin
مندیٰ	munaddá
مندیش	mandesh
منذر	munẕir
منذور	manẕūr
منزجر	munzajir
منزحة	minzaḥat
منزحف	munzaḥif
منزرب	munzarīb
منزرق	munzariq
منزع	manza‘
منزعج	munza‘ij
منزغ	minzag̱ẖ
منزفة	minzafat
منزل	manzil
منزلق	munzaliq
منزلگاة	manzil-gāh
منزم	munzamm
منزوع	manzū‘
منزوف	manzūf
منزول	manzūl
منزوی	munzawī
منزه	munazzah
منزهة	manzahat
منزی	manzī
منساٴة	mansa’at
منساق	munsāq
منسبة	mansabat
منسبک	munsabik
منسجل	munsajil
منسحب	munsaḥib
منسحق	munsaḥiq
منسحل	munsaḥil
منسد	munsadd
منسدل	munsadil
منسر	mansir
منسرح	munsariḥ
منسطح	munsat̤iḥ
منسف	minsaf
منسفق	munsafiq
منسفک	munsafik
منسق	munassaq
منسک	mansak
منسکب	munsakib
منسل	mansil
منسلب	munsalib
منسلخ	munsalaḵẖ
منسلق	munsaliq
منسلک	munsalik
منسلی	mansalī
منسم	mansim
منسنو	mansunū
منسوب	mansūb
منسوبات	mansūbāt
منسوبه	mansūba
منسوبیة	mansūbīyat
منسوج	mansūj
منسوجات	mansūjāt
منسوخ	mansūḵẖ
منسوخی	mansūḵẖī
منسوق	mansūq
منسوک	mansūk
منسی	mansī
منش	manish
منشاٴة	munsha’at
منشات	munshāt
منشار	minshār
منشاری	minshārī
منشال	minshāl
منشب	manshab
منشت	munshatt
منشد	munshid
منشدی	munshadī
منشر	munshar
منشرح	munshariḥ
منشرق	munshariq
منشع	minsha‘
منشعب	munsha‘ib
منشعل	munsha‘il
منشغة	minshag̱ẖat
منشف	minshaf
منشق	manshaq
منشل	minshal
منشم	manshim
منشمر	munshamir
منشمل	munshamil
منشن	manishin
منشوب	manshūb
منشور	manshūr
منشوی	munshawī
منشی	munshá
منشی	manishī
منشیا	manshiyā
منشئات	munsha’āt
منشیانه	munshiyāna
منشیدن	manshīdan
منصاح	munṣāḥ
منصال	manṣāl
منصبة	manṣabat
منصبدار	manṣib-dār
منصبغ	munṣabig̱ẖ
منصبی	manṣabī
منصدع	munṣadi‘
منصرح	munṣariḥ
منصرف	munṣaraf
منصرم	munṣarim
منصف	manṣaf
منصفانه	munṣifāna
منصفق	munṣafiq
منصفی	munṣifī
منصلت	munṣalit
منصوب	manṣūb
منصوبه	mansūba
منصوح	manṣūḥ
منصور	manṣūr
منصوریه	manṣūriya
منصوص	manṣūṣ
منضا	munẓā
منضاج	minẓāj
منضج	munẓaj
منضجع	munẓaji‘
منضحة	minẓahat
منضد	munaẓẓad
منضرج	munẓarij
منضرح	munẓariḥ
منضفر	munẓafir
منضم	munẓamm
منضود	manẓūd
منضور	manẓūr
منضیٰ	munẓá
منطاد	munt̤ād
منطبخ	munt̤abiḵẖ
منطبع	munt̤abi‘
منطبق	munt̤abiq
منطرح	munt̤ariḥ
منطرد	munt̤arid
منطسم	munt̤asim
منطفئ	munt̤afi’
منطق	mant̤iq
منطقی	mant̤iqī
منطقیات	mant̤iqīyāt
منطلس	munt̤alis
منطلق	munt̤aliq
منطوح	mant̤ūḥ
منطوع	munt̤awi‘
منطوق	mant̤ūq
منطوی	munt̤awī
منطیق	mint̤īq
منظار	minz̤ār
منظر	manẓar
منظری	manẓarī
منظف	munaz̤z̤af
منظلم	munz̤alim
منظم	munaz̤z̤am
منظور	manz̤ūr
منظوری	manz̤ūrī
منظوریة	manz̤ūrīyat
منظوم	manz̤ūm
منعاة	man‘āt
منعام	min‘ām
منعجف	mun‘ajif
منعدل	mun‘adil
منعدم	mun‘adim
منعدی	mun‘adī
منعرج	mun‘araj
منعزق	mun‘aziq
منعزل	mun‘azil
منعش	mun‘ashsh
منعصب	mun‘aṣib
منعصر	mun‘aṣir
منعصم	mun‘aṣim
منعط	mun‘at̤t̤
منعطف	mun‘at̤af
منعظ	mun‘iz̤
منعفر	mun‘afir
منعفق	mun‘afaq
منعق	mun‘aqq
منعقد	mun‘aqid
منعقر	mun‘aqir
منعکس	mun‘akis
منعکف	mun‘akif
منعل	man‘al
منعم	mun‘am
منعمد	mun‘amid
منعمل	mun‘amil
منعمیة	mun‘imīyat
منعوت	man‘ūt
منعوش	man‘ūsh
منعی	man‘á
منغر	mang̱ẖur
منغرف	mung̱ẖarif
منغس	mung̱ẖass
منغسل	mung̱ẖasil
منغص	munag̱ẖg̱ẖaṣ
منغط	mung̱ẖat̤t̤
منغل	mung̱ẖall
منغلای	mang̱ẖalāy
منغلق	mung̱ẖaliq
منغله	mang̱ẖala
منغم	mung̱ẖamm
منغمر	mung̱ẖamir
منغمض	mung̱ẖamiẓ
منغوی	mung̱ẖawī
منغیر	min-g̱ẖair
منف	maṃf
منفاخ	minfāḵẖ
منفاش	minfāsh
منفاق	minfāq
منفت	munfatt
منفتح	munfatiḥ
منفتق	munfatiq
منفتل	munfatil
منفج	munfajj
منفجر	munfajar
منفجی	munfajī
منفخ	minfaḵẖ
منفد	munfid
منفدی	munfadī
منفذ	manfaẕ
منفر	munfir
منفرج	munfarij
منفرح	munfariḥ
منفرد	munfarid
منفرداً	munfarid-an
منفرق	munfariq
منفس	manfas
منفسح	munfasaḥ
منفسخ	munfasiḵẖ
منفسد	munfasid
منفسق	munfasiq
منفشه	manfasha
منفصد	munfaṣid
منفصل	munfaṣal
منفصم	manfaṣim
منفض	minfaẓ
منفضح	munfaẓiḥ
منفضخ	munfaẓiḵẖ
منفطر	munfat̤ir
منفطم	munfat̤im
منفعة	manfa‘at
منفعل	munfa‘il
منفعله	munfa‘ila
منفغر	munfag̱ẖir
منفق	munfiq
منفک	munfakk
منفل	munfall
منفلت	munfalit
منفلق	munfaliq
منفوخ	manfūḵẖ
منفور	manfūr
منفوس	manfūs
منفوش	manfūsh
منفوض	manfūẓ
منفوطة	manfūt̤at
منفوق	munfawiq
منفوه	manfūh
منفه	munaffah
منفهق	munfahiq
منفهم	munfahim
منفی	manfá
منقا	munaqqā
منقاب	minqāb
منقاد	minqād
منقادیة	munqādīyat
منقار	minqār
منقاش	minqāsh
منقاص	munqāṣ
منقاض	munqāẓ
منقاف	minqāf
منقال	minqāl
منقب	manqab
منقبة	manqabat
منقبض	munqabiẓ
منقبه	manqaba
منقتل	munqatil
منقح	munqiḥ
منقحم	munqaḥim
منقد	munqadd
منقدة	minqadat
منقدر	munqadir
منقدع	munqadi‘
منقذ	munqiẕ
منقر	minqar
منقرض	munqariẓ
منقرع	munqari‘
منقز	munqiz
منقسم	munqasim
منقش	minqash
منقشر	munqashir
منقشع	munqashi‘
منقصة	manqaṣat
منقصف	munqaṣif
منقصل	munqaṣil
منقصم	munqaṣim
منقض	munqaẓẓ
منقضب	munqaẓib
منقضی	munqaẓī
منقط	munaqqat̤
منقطع	munqat̤a‘
منقع	manqa‘
منقعر	munqa‘ir
منقعف	munqa‘if
منقفل	munqafil
منقل	manqal
منقلا	munqalā
منقلای	manqalāy
منقلب	munqalab
منقلبات	munqalibāt
منقلع	munqali‘
منقمح	munqamiḥ
منقمس	munqamis
منقمع	munqami‘
منقوب	manqūb
منقود	manqūd
منقوز	manqūz
منقوش	manqūsh
منقوص	manqūṣ
منقوض	manqūẓ
منقوط	manqūt̤
منقوع	manqū‘
منقول	manqūl
منقولات	manqūlāt
منقه	munqih
منقی	munqī
منکب	mankib
منکثب	munkas̤ib
منکدر	munkadir
منکر	munkar
منکری	munkirī
منکرات	munkarāt
منکرة	munkarat
منکرم	munkarim
منکس	munakkas
منکسر	munkasir
منکسف	munkaṣif
منکشح	munkashiḥ
منکشط	munkashit̤
منکشف	munkashif
منکص	mankaṣ
منکظة	mankaz̤at
منکع	munka‘
منکف	munkaff
منکمش	munkamish
منکو	mankū
منکوب	mankūb
منکوث	mankūs̤
منکوح	mankūḥ
منکود	mankūd
منکور	mankūr
منکوز	mankūz
منکوس	mankūs
منکوف	mankūf
منکوه	ma-nikūh
منکه	man-ki
منگ	mang
منگک	mangak
منگل	mangul
منگلور	mangalor
منگلوس	mangalūs
منگله	mangala
منگنه	mangana
منگوا	manguwā
منگور	mangūr
منگوش	mangosh
منگیاگر	mangiyāgar
منگیدن	mangīdan
منم	man-am
منم	minamm
منماص	minmāṣ
منمج	munmajj
منمحی	munmaḥī
منمر	munammar
منمرط	munmarit̤
منمص	minmaṣ
منملس	munmalis
منملص	munmaliṣ
منملق	munmaliq
منمول	manmūl
منن	minan
مننگ	manang
منو	ma-nav
منوال	minwāl
منوة	munūwat
منوح	manūḥ
منور	munauwar
منوشان	manoshān
منوط	manūt̤
منوع	manū‘
منوق	munauwaq
منول	minwal
منوم	munauwim
منون	manūn
منوهر	manohar
منوی	manwī
منه	manah
منه	min-hu
منها	minhā
منهاة	manhāt
منهاج	minhāj
منهاض	munḥāẓ
منهاع	munhā‘
منهال	minhāl
منهائی	manhā’ī
منهب	minhab
منهبص	munhabiṣ
منهبط	munhabit̤
منهتک	munhatik
منهج	manhaj
منهد	munahhid
منهدم	munhadim
منهدن	munhadin
منهر	manhar
منهزم	munhazim
منهزماً	munhazim-an
منهشم	munhashim
منهشم	munhaẓẓ
منهض	munhaẓim
منهفت	munhafit
منهل	manhal
منهلک	munhalik
منهم	munhamm
منهمز	munhamiz
منهمل	munhamil
منهوب	manhūb
منهوس	manhūs
منهوک	manhūk
منهوم	manhūm
منهی	munhī
منهیات	manhīyāt
منهیان	munhiyān
منی	manī
منی	many
منیب	munīb
منیة	manyat
منیح	manīḥ
منید	man-īd
منیر	munīr
منیژه	manezha
منیطره	munait̤ara
منیع	manī‘
منیف	munīf
منیک	manīk
منیم	munīm
منینی	minnīná
منیوش	ma-nyosh
مو	mau
مواءلة	muwā’alat
مواءمة	muwā’amat
موابذة	mawābiẕat
موابلة	muwābalat
موات	mawāt
مؤاتاة	mu‘ātāt
مواتر	mutāwir
مواترة	muwātarat
مواثبة	muwās̤abat
مواثر	mawās̤ir
مؤاثرة	mu’as̤arat
مواثق	mawās̤iq
مواثقة	muwās̤aqat
مواثمة	muwās̤amat
مواثیق	mawās̤īq
مواج	mauwāj
مواجب	mawājib
مواجبة	muwājabat
مؤاجرة	mu’ājarat
مؤاجلة	mu’ājalat
مواجلة	muwājalat
مواجهةً	muwājahat-an
مواحلة	muwāḥalat
مؤاحنة	mu’āḥanat
مؤاخاة	mu’āḵẖāt
مؤاخذ	mu’āḵẖaẕ
مواخر	mawāḵẖir
مؤاخرة	mu’āḵẖarat
مواخیر	mawāḵẖīr
مواد	mawādd
موادة	muwāddat
موادعة	muwāda‘at
مؤادمة	mu’ādamat
مواراة	muwārāt
موارد	mawārid
مواردة	muwāradat
موارعة	muwāra‘at
موارق	muwāriq
موارقة	muwāraqat
مواریث	mawārīs̤
مواز	mauwāz
مؤازاة	mu’āzāt
موازج	mawāzij
موازر	mu’āzir
موازرة	mu’āzarat
مؤازی	mu‘āzī
موازین	mawāzīn
مواسا	muwāsā
مواساة	muwāsāt
مواسق	mawāsiq
مواسقة	muwāsaqat
مواسم	mawāsim
مواسمة	muwāsamat
مواسی	mawāsī
مواسیق	mawāsīq
مواشط	mawāshit̤
مواشک	muwashik
مواشکة	muwāshakat
مواشی	mawāshī
مواشیر	mawāshīr
مؤاصر	mu’āṣir
مؤاصرة	mu’āṣarat
مواصفة	muwāṣafat
مواصل	mawāṣil
مواضاٴة	muwāza’at
مواضخة	muwāẓaḵẖat
مواضع	mawāẓi‘
مواضعات	muwāẓa‘āt
مواضعة	muwāẓa‘at
مواطاٴة	muwāt̤a‘at
مواطر	mawāt̤ir
مواطلة	muwāt̤alat
مواطن	mawāt̤in
مواظب	muwāz̤ib
مواظباً	muwāz̤ib-an
مواظبة	muwāz̤abat
مواظفة	muwāz̤afat
مواعد	mawā‘id
مواعدة	muwā‘adat
مواعز	mawā‘iz
مواعسة	muwā‘asat
مواعظ	mawā‘iz̤
مواعظة	muwā‘aẓat
مواعید	mawā‘īd
مواعین	mawā‘īn
موافاة	muwāfāt
موافق	muwāfiq
موافقة	muwāfaqat
موافقیة	muwāfiqīyat
مواقت	mawāqit
مواقتة	muwāqatat
مواقر	mawāqir
مواقع	mawāqi‘
مواقعة	muwāqa‘at
مواقف	mawāqif
مواقفة	muwāqafaṭ
مواقی	mawāqī
مواقیت	mawāqīt
مواکب	mawākib
مواکدة	muwākidat
مواکظة	muwākaz̤at
مواکل	mu’ākil
مواکلة	mu’ākalat
موال	mauwāl
موالاة	muwālāt
موالج	mawālij
موالد	mawālid
موالسة	muwālasat
موالفة	mu’ālafat
موالون	muwālūn
موالی	mawālī
موالید	mawālīd
مؤامر	mu’āmir
مؤامرة	mu’āmarat
موامی	mawāmī
موامیس	mawāmīs
مؤانس	mu’ānis
مؤانسة	mu’ānasat
موانع	mawāni‘
مؤاوبة	mu’āwabat
مواهب	mawāhib
مواهبة	muwāhabat
مواهة	muwāhat
مواهسة	muwāhasat
مواهنة	muwāhanat
مواهیب	mawāhīb
موائد	mawā’id
مؤایدة	mu’āyadat
مؤایسة	mu’āyasat
موائل	mawā’il
موباف	mū-bāf
موبخ	muwabbiḵẖ
مؤبد	mu’abbad
موبرج	mūbarij
موبق	maubiq
مؤبل	mu’abbal
موبمو	mū-ba-mū
موبؤة	maubū’at
مؤبی	mu’abbī
موبئة	mūbi’at
موت	maut
موتا	mautā
موتاب	mū-tāb
موتاد	mautād
موتان	mautān
مؤتجر	mu’tajir
مؤتخذ	mu’taḵẖiẕ
موتر	mūtar
موتراش	mū-tarāsh
مؤترق	mu’tariq
مؤترک	mu’tariq
مؤتزر	mu’tazar
مؤتسی	mu’tasī
مؤتعد	mu’ta‘id
مؤتفک	mu’tafik
مؤتفکات	mu’tafikāt
مؤتقط	mu’taqit̤
مؤتکل	mu’takil
مؤتلف	mu’talif
مؤتلی	mu‘talī
موتم	mūtim
مؤتمر	mu’tamir
مؤتمن	mu’taman
مؤتنف	mu’tanaf
موتود	mautūd
موتون	mautūn
مؤتوی	mu’tawī
موتی	mautá
موثر	mu’s̤ir
مؤثف	mu’as̤s̤af
مؤثفة	mu’s̤afat
موثق	maus̤iq
موثقه	mūs̤iqa
مؤثل	mu’as̤s̤al
مؤثم	mu’s̤im
موثوق	mausūq
موج	mauj
موجان	mūjān
موجب	mūjab
موجبات	mūjibāt
موجة	maujat
مؤجج	mu’ajjij
موجدان	mūjidān
مؤجدة	mu’jadat
مؤجر	mu’jir
موجز	mūjaz
موجع	mūja‘
موجف	mūjaf
موجل	maujal
موجن	muwajjan
موجنه	mūjana
موجوب	maujūb
موجود	maujūd
موجودات	maujūdāt
موجودگی	maujūdagī
موجوده	maujūda
موجوه	maujūh
موجه	mauja
موجی	maujī
موچاک	mūchāk
موچلکا	mūchalkā
موچون	mūchūn
موچه	mūcha
موچینه	mū-chīna
موحد	mauḥad
موحدانه	muwaḥḥidāna
موحر	mūḥir
موحش	mūḥish
موحل	mauḥal
موحوش	mauḥūsh
موخ	mūḵẖ
مؤخذ	mu’aḵẖḵẖaẕ
موخمة	mauḵẖamat
موخوم	mauḵẖūm
مود	mūd
مود	miwadd
مؤدا	mu’addā
مؤدب	mu’dib
مودع	mūda‘
مؤدم	mu’dim
مودود	maudūd
مودوسه	maudūsat
مودوع	maudū‘
مودی	mu’addá
مؤذن	mu’aẕẕin
مؤذی	mu’ẕá
مور	maur
مورامون	mūrāmūn
مورث	mūras̤
مورجان	mūrjān
مورجه	mūrja
مورچال	mūrchāl
مورچانه	mūrchāna
مورچه	mūrcha
مورچهل	mūrchhal
مورخانه	mūrḵẖāna
مورد	mord
مورد	maurid
موردانه	mordāna
مورس	mūris
مورش	mūrish
مورق	mauraq
مورگ	mūrg
مورم	muwarram
مؤرنب	mu’arnab
موروث	maurūs̤
موروثی	maurūs̤ī
مورود	maurūd
موره	mora
موری	mūrī
موریات	mūriyāt
موریانه	mūriyāna
موریه	mūriya
موزایک	mozāyik
موزج	mauzaj
موزدونتن	mauzdūnitan
مؤزر	mu’azzir
موزع	muwazza‘
موزن	mauzan
موزور	mauzūr
موزوع	mauzū‘
موزون	mauzūn
موزونی	mauzūnī
موزه	mūza
مؤزی	mu’zá
موزیک	mūzīk
موزیکانجی	mūzīkānjī
موژ	mozh
موژان	mozhān
موژه	mozha
موس	maus
موسا	mūsā
موسائی	mūsā’ī
موسخ	mūsaḵẖ
موسخ	muwassaḵẖ
موسر	mūsir
موسس	mu’assas
موسط	mūsat̤
موسع	mūsa‘
مؤسف	mu’sif
موسقار	mūsiqār
موسقی	mūsiqī
موسم	mausim
موسمی	mausimī
موسن	mūsin
موسنح	mūsanḥ
موسوس	muwaswis
موسوق	mausūq
موسوم	mausūm
موسوی	mūsawī
موسویه	mūsawīya
موسی	mūsá
موسیچه	mūsīcha
موسیقار	mūsīqār
موسیقی	mūsīqī
موش	mūsh
موشبازی	mūsh-bāzī
موشح	muwashshaḥ
موشحات	mūshaḥāt
موشک	mūshak
موشکا	mūshkā
موشکافی	mū-shikāfī
موشگر	moshgar
موشگیر	mūsh-gīr
موشناک	mūshnāk
موشور	maushūr
موشی	maushīy
موص	mauṣ
موصب	mūṣib
مؤصد	mu’ṣad
موصل	mausil
موصلی	mauṣilī
موصوف	mauṣūf
موصوفیة	mauṣūfīyat
موصول	mauṣūl
موصی	mūṣá
موضح	mūẓiḥ
موضعة	mauẓi‘at
موضوع	mauẓū‘
موضوعات	mauẓū‘āt
موضونة	mauẓūnat
موطاٴ	maut̤ā’
موطد	muwat̤t̤ad
مؤطم	mu’at̤t̤am
موطن	maut̤in
موطوء	maut̤ū’
موطود	maut̤ūd
موظف	muwaz̤z̤af
موعد	mau‘id
موعلة	mau‘ilat
موعود	mau‘ūd
موعودین	mau‘ūdīn
موعوک	mau‘ūk
موغ	mog̱ẖ
موغ	mūg̱ẖ
موغان	mog̱ẖān
موغل	mūg̱ẖil
موفر	muwaffar
موفف	mu’affif
موفق	muwaffaq
موفلون	mūflūn
موفور	maufūr
موفی	mūfī
موفیون	mūfiyūn
موق	mauq
موقان	moqān
موقت	mauqit
موقتخانه	muwaqqit-ḵẖāna
موقد	mauqid
موقر	mauqir
موقس	muwaqqas
موقعی	mauq‘ī
موقف	mauqif
موقلم	mūqalam
موقلون	mūqlūn
موقن	mūqin
موقوت	mauqūt
موقود	mauqūd
موقور	mauqūr
موقوس	mauqūs
موقوص	mauqūṣ
موقوف	mauqūf
موقوفات	mauqūfāt
موقوفی	mauqūfī
موقوم	mauqūm
موقی	mūqi’
موک	mūk
موکب	maukib
موکبی	maukibī
مؤکد	mu’akkad
مؤکداً	mu’akkad-an
موکبده	mūkada
موکشان	mū-kashān
موکل	mu’kal
موکن	maukin
موکول	maukūl
موکوم	maukūm
مول	maul
مول	mol
مول	mauwil
مولا	maulā
مولاة	mawlāt
مولامول	mol-ā-mol
مولانا	maulā-nā
مولائی	mawlā’ī
مولج	maulij
مولد	maulid
مولسری	maulsarī
مولش	molish
مولع	mūla‘
مولغ	mūlig̱ẖ
مولف	mu’lif
مؤلفات	mu’allafāt
مؤلم	mu’lim
مولنجه	mūlanja
مولو	mūlū
مولوج	maulūj
مولود	maulūd
مولودی	maulūdī
مولوق	maulūq
مولوی	maulawī
مولویة	maulawīyat
مولی	maulá
مولی	mūlī
مولیان	mūliyān
مولیدن	molīdan
موم	maum
مؤمت	mu’ammat
مؤمد	mu’ammad
مومر	mu’mir
مؤمل	mu’ammal
مؤمن	mu’min
مؤمنات	mu’mināt
مومنانه	mu’mināna
مؤمنون	mu’minūn
مومور	maumūr
موموق	maumūq
مومول	mūmūl
مومی	momī
مومی	mūmá
مومیائی	momiyā’ī
مومین	momīn
مون	mūn
مون	maun
مونا	mūnā
مؤنث	mu’nis̤
مؤنس	mu’nas
مؤنف	mu’annaf
مؤنق	mu’niq
مونکان	mūnkān
مؤنمل	mu’namil
مونه	mūna
مؤنی	mu’nī
مونیک	mūnīk
مؤوء	ma’ū’
مؤودة	mau’udat
مؤول	mu’ūl
مؤون	mu’ūn
مؤونة	ma’ūnat
مؤوه	mu’ūh
مووی	mawawī
موه	mauh
موهب	mauhib
مؤهل	mu’hil
موهن	mūhin
موهوب	mauhūb
موهوم	mauhūm
موهون	mauhūn
موی	moy
مویار	mūy-ār
مویان	moyān
مویتاب	mūy-tāb
مویتراشی	mūy-tarāshī
مویچینه	mūy-chīna
مؤید	mu’yad
مؤیر	mu’aiyir
مویز	mawīz
مویزک	mawīzak
مویزه	mawīza
مویژ	mawīzh
مؤیس	mu’aiyis
مویشی	maweshī
مویل	muwail
موین	mūyin
موینه	muyina
مویندی	moyandī
مویه	moya
مویه	muwaih
مویی	mūyī
موییدن	moyīdan
مویینه	mūyīna
مه	ma
مه	mah
مها	mahā
مها	mahā’
مهاب	mahāb
مهابة	mahābat
مهابذة	muhābaẕat
مهابل	mahābil
مهاة	mahāt
مهاترة	muhātarat
مهاتکة	muhātakat
مهاجاة	muhājāt
مهاجر	muhājir
مهاجرة	muhājarat
مهاجرین	muhājarīn
مهاجزة	muhājazat
مهاجلة	muhājalat
مهاجی	muhājī
مهاجین	mahājīn
مهاد	mihād
مهاداة	muhādāt
مهادنة	muhādanat
مهار	mahār
مهارة	mahārat
مهارش	muhārish
مهارشة	muhārashat
مهارق	mahāriq
مهاری	mahārá
مهاریس	mahārīs
مهازلة	muhāzalat
مهازیل	mahāzīl
مهال	mahāl
مهالبة	mahālibat
مهالة	muhāllat
مهالک	mahālik
مهام	mahāmm
مهامز	mahāmiz
مهامشة	muhāmasat
مهامشة	muhāmashat
مهامه	mahāmih
مهامیز	mahāmīz
مهان	mahān
مهان	muhān
مهانة	mahānat
مهانل	mahānul
مهاودة	muhāwadat
مهاوشة	muhāwashat
مهایجة	muhāyajat
مهایطة	muhāyat̤at
مهب	mahabb
مهبط	mahbit̤
مهبوت	mahbūt
مهبوش	mahbūsh
مهبوط	mahbūt̤
مهبول	mahbūl
مهپارگان	mah-pāragān
مهتاب	mah-tāb
مهتابی	mah-tābī
مهتابیه	mahtābīya
مهتاض	muhtāẓ
مهتبد	muhtabid
مهتبش	muhtabish
مهتج	muhtajj
مهتجون	muhtajūn
مهتجی	muhtajī
مهتدی	muhtadī
مهتر	mihtar
مهتر	muhtar
مهترانی	mihtarānī
مهترائی	mihtarā’ī
مهتری	mihtarī
مهتش	muhtashsh
مهتکع	muhtaki‘
مهتلک	muhtalik
مهتلکین	muhtalikīn
مهتم	muhtamm
مهتمر	muhtamir
مهتش	muhtamish
مهتمط	muhtamit̤
مهتمم	muhtamim
مهتور	muhtawir
مهتوش	mahtūsh
مهتوک	mahtūk
مهتول	muhtawil
مهج	mahj
مهجذ	muhjat
مهجر	muhjir
مهجور	mahjūr
مهجوری	mahjūrī
مهجوم	mahjūm
مهچه	mahcha
مهد	mahd
مهداء	mihdā’
مهدب	muhaddab
مهدة	muhdat
مهدر	muhdar
مهدم	mah-dum
مهدنة	mahdanat
مهدود	mahdūd
مهدوش	mahdūsh
مهدوم	mahdūm
مهدی	mahdī
مهذار	mihẕār
مهذب	muhaẕẕab
مهذر	mihẕar
مهذف	mihẕaf
مهذم	mihẕam
مهر	mahr
مهر	mihr
مهرا	mihrā
مهراب	mihrāb
مهرات	muhrāt
مهراز	mihrāz
مهراس	mihrās
مهراسفند	mihr-isfand
مهرالتباس	mihr-iltibās
مهران	mahrān
مهران	mihrān
مهرانه	mahrāna
مهرب	mahrab
مهربان	mihrbān
مهربانی	mihrbānī
مهرجة	mahrajat
مهرجوی	mihr-joy
مهرق	muhraq
مهرگان	mihrgān
مهرگانی	mihrgānī
مهرم	mahram
مهرمانی	mihrmānī
مهرماه	mihrmāh
مهرو	mah-rū
مهروبان	mahrūbān
مهرورزی	mihr-warzī
مهرورق	muhrauriq
مهروع	mahrū‘
مهرویان	mah-rūyān
مهره	muhra
مهرها	muhrahā
مهری	mihrī
مهری	mahrī
مهریق	muhrīq
مهزام	mihzām
مهزع	mihza‘
مهزور	mahzūr
مهزول	mahzūl
مهزوم	mahzūm
مهست	mahist
مهشوم	mahshūm
مهشید	mah-shed
مهمار	mihṣār
مهمم	mihṣam
مهمور	mahṣūr
مهموص	mahṣūṣ
مهصیر	mihṣīr
مهضوض	mahẓūẓ
مهضوم	mahẓūm
مهطع	muht̤i‘
مهطول	maht̤ūl
مهعذار	mah-‘iẕār
مهفوت	mahfūt
مهق	mahq
مهقاء	mahqā’
مهک	mahk
مهکر	mahkar
مهکوک	mahkūk
مهل	mahl
مهل	ma-hil
مهلاً	mahl-an
مهلب	muhallab
مهلقا	mah-liqā
مهلک	muhlak
مهلل	muhallal
مهلند	mahland
مهلوب	mahlūb
مهلوس	mahlūs
مهلهل	muhalhal
مهم	muhamm
مهما	mahmā
مهمات	muhimmāt
مهمار	mihmār
مهماز	mihmāz
مهمان	mihmān
مهمانداری	mihmān-dārī
مهماندوست	mihmān-dost
مهمانی	mihmānī
مهمة	mahammat
مهمتر	muhimtar
مهمر	mihmar
مهمرد	mih-mard
مهمز	mihmaz
مهمل	muhmal
مهموز	mahmūz
مهمول	mahmūl
مهموم	mahmūm
مهمه	mahmah
مهناٴ	mahna’
مهناء	muhanā’
مهناک	mahnāk
مهنانه	mahnāna
مهند	muhannad
مهندز	muhandiz
مهندسی	muhandasī
مهندم	muhandam
مهنوع	mahnū‘
مهنی	muhanná
مهو	mahw
مهواء	mahwā’
مهوات	mahawāt
مهوار	mahwār
مهواره	mahwāra
مهوب	mahūb
مهود	muhūd
مهور	mahwar
مهور	muhūr
مهوس	muhauwas
مهوسی	muhauwisī
مهوش	mahwash
مهول	mahūl
مهون	muhauwin
مهوند	mahwand
مهوی	mahwá
مهی	mahī
مهیات	mahayāt
مهیاز	mihyāz
مهیاوه	mahyāwa
مهیب	muhīb
مهیج	muhaiyij
مهیر	mahīr
مهیص	mahyaṣ
مهیض	mahīẓ
مهیل	mahīl
مهیم	mahyam
مهیمن	muhaiman
مهین	mahīn
مهین	mihīn
مهینا	mahīnā
مهینه	mihīna
مهیوم	mahyūm
مهیوه	mahyawa
می	mai
میا	mayā
میاءسة	muyā’asat
میابسة	muyābasat
مئات	mi’āt
میاتیم	mayātīm
میاثر	mayās̤ir
میاثق	mayās̤iq
میاداة	muyādāt
میادین	mayādīn
میاذین	mayāẕīn
میار	maiyār
میازب	mayāzib
میاس	maiyās
میاستو	mayāstū
میاسرة	muyāsarat
میاسطو	mayāst̤ū
میاسم	mayāsim
میاسیر	mayāsīr
میاسین	mayāsīn
میاط	miyāt̤
میافارقین	maiyāfāriqīn
میال	maiyāl
میامار	mayāmār
میامن	mayāmin
میامنة	muyāmanat
میامین	mayāmīn
میان	miyān
میان	maiyān
میانجی	miyānjī
میانجی	miyānijī
میانگی	miyānagī
میانگین	miyāngīn
میانه	miyāna
میانی	miyānī
میانین	miyānīn
میاوم	muyāwim
میاومة	muyāwamat
میاه	miyāh
میبختج	maibaḵẖtaj
میبد	maibid
میبذ	maibiẕ
مئبر	mi’bar
مئبرة	mi’barat
میبس	muyabbis
میبل	maibal
میت	mait
میتد	mītad
میتر	mītar
میتم	mayattim
میتمة	maitamat
میتم	mītū
میتون	maitūn
میته	mīta
میتی	maitī
میتین	metīn
میث	maiyis̤
میثاق	mīs̤āq
مئثب	mi’s̤ab
میجار	mījār
میجاز	mījāz
میجو	mījū
میچانیدن	mīchānīdan
میچودن	mīchūdan
میح	maiḥ
میحاد	mīhād
میحال	mīḥāl
میحوحة	maiḥūḥat
میخ	meḵẖ
مئخار	mi’ḵẖār
میخانه	mai-ḵẖāna
میختن	meḵẖtan
میخک	meḵẖak
میخکده	meḵẖ-kada
میخور	mai-ḵẖẉur
میخوش	mai-ḵẖwush
میخی	meḵẖī
مید	maid
میدانگاه	maidān-gāh
میدانی	maidānī
میدخ	mīdaḵẖ
میدن	mīdan
میده	maida
میدیاریم	maidiyārīm
میدیوزرم	mīdyūzaram
میدیوسمه	mīdyūsama
مئذنة	mi’ẕanat
میر	mair
میر	mīr
میراث	mīrās̤
میراثدن	mīrās̤dan
میراثن	mīrās̤an
میراثی	mīrās̤ī
میران	mīrān
میرانیدن	mīrānīdan
میراو	mīrāv
میردینی	mīrdīnī
میرسین	mīrsīn
میرواری	mīrwārī
میروق	mairūq
میروک	mīrūk
میره	mīra
میری	mīrī
میریدن	mīrīdan
میرین	mīrain
میریه	mīrīya
میز	maiz
میزاب	mīzāb
میزاد	mīzād
میزان	mīzān
میزبان	mezbān
میزبانی	mezbānī
میزده	mai-zada
میزر	maizar
مئزر	mi’zar
میزک	mezak
میزمان	mezmān
میزه	mīza
میزیدن	mezīdan
میژد	mīzhad
میژک	mīzhak
میژو	mīzhū
میس	mais
مییسان	maisān
میستان	mayistān
میستی	mestī
میسر	maisar
میسم	mīsam
میسور	maisūr
میسورات	maisūrāt
میسوسن	mai-sūsan
میسیدن	mīsīdan
میش	maish
میش	mesh
میشا	meshā
میشار	mīshār
میشانه	mīshāna
میشائی	meshā’ī
میشته	mīshta
میشتی	mīshtī
میشنای	mīshnāy
میشو	mīshū
میشوم	maishūm
میشه	mīsha
میشی	mīshī
میشین	meshīn
میشینه	meshīna
میضاء	mīẓā’
میضاٴة	mīẓa’at
میط	mait̤
میع	mai‘
میعاد	mī‘ād
میغ	maig̱ẖ
میغناک	meg̱ẖnāk
میفاء	mīfā’
میفاة	mīfāt
میفاق	mīfāq
میفوخ	maifūḵẖ
میفیٰ	mīfá
میقات	mīqāt
میقاد	mīqād
میقار	mīqār
میقاف	mīqāf
میقان	mīqān
میقف	mīqaf
میقوظ	maiqūz̤
میکال	mi’kāl
میکائیل	mīkā’īl
میکده	mai-kada
مئکلة	mi’kalat
میگ	maig
میگسار	mai-gusār
میگک	maigak
میگندر	mīgandar
میگو	maigū
میگون	mai-gūn
میل	mail
میلاء	mailā’
میلاد	mīlād
میلامیل	mīl-ā-mīl
میلان	mailān
میلان	mayalān
میلاو	mīlāv
میلاوه	mīlāwa
میلاه	mīlāh
میلة	mīlat
میلرام	mīlrām
میلغ	mīlag̱ẖ
میلولة	mailūlat
میله	mīla
میله	mīlah
میلها	mīl-hā
میلی	mailī
میلی	mīlī
میم	mīm
میم	mayam
مئم	mi’amm
میماس	mīmās
میمم	muyammam
میمن	muyamman
میمند	maimand
میموم	maimūm
میمون	maimūn
میمونه	maimūna
میمی	mīmī
میمیز	mīmīz
مین	main
مین	mīn
مینا	mainā
مینا	mīnā
مینار	mīnār
میناگر	mīnāgar
مینان	mīnān
مینائی	mīnā’ī
مینک	mīnak
مینو	mīnū
مینوس	mīnūs
مینه	mīna
میو	mev
میواد	mīwād
میوجات	mīwajāt
میوران	maiwarān
میوس	mai’us
میول	muyūl
میولة	muyūlat
میون	mayūn
میونیه	mayūnaya
مئوی	mi’awī
میویزه	mīwīza
میوینه	mīwīna
میه	maih
میه	miya
میهة	maihat
میهمان	mīhmān
میهمن	mīhman
میهن	mīhan
مییقن	muyaiqin
مئین	mi’īn
ن	n
نا	nā
ناب	nāb
نابت	nābit
نابح	nābiḥ
نابدان	nābdān
نابستگی	nābastagī
نابض	nābiẓ
نابع	nābi‘
نابک	nābik
نابکاری	nābakārī
نابکة	nābikat
نابل	nābil
نابلد	nā-balad
نابلس	nābulus
نابه	nābih
نابی	nābī
نابینائی	nābīnā’ī
نابیوسان	nā-bayūsān
ناتج	nātij
ناتجربگی	nā-tajarrubagī
ناتق	nātiq
ناتمامی	nātamāmī
ناتوانانواز	nātuwānānawāz
ناتوانائی	nātuwānā’ī
ناتوانی	nātuwānī
ناثو	nās̤ir
ناج	nāj
ناجح	nājiḥ
ناجخ	nājiḵẖ
ناجد	nājid
ناجذ	nājiẕ
ناجر	nājir
ناجرمک	nājurmak
ناجز	nājiz
ناجش	nājish
ناجع	nāji‘
ناجعة	nāji‘at
ناجو	nājū
ناجود	nājūd
ناجی	nājī
ناجیة	nājiyat
ناچاری	nāchārī
ناچخ	nāchaḵẖ
ناچران	nā-charān
ناچشیده	nā-chashīda
ناحز	nāḥiz
ناحس	nāḥis
ناحی	nāḥī
ناخ	nāḵẖ
ناخدائی	nāḵẖudā’ī
ناحذا	nāḵẖuẕā
ناخر	nāḵẖir
ناخس	nāḵẖis
ناخسته	nāḵẖista
ناخص	nāḵẖiṣ
ناخع	nāḵẖi‘
ناخل	nāḵẖil
ناخم	nāḵẖim
ناخن	nāḵẖun
ناخنان	nāḵẖunān
ناخنه	nāḵẖuna
ناخنک	nāḵẖunak
ناحوستن	nāḵẖẉustan
ناخوشگوار	nā-ḵẖẉushguwār
ناخون	nāḵẖūn
ناخه	nāḵẖa
ناد	nād
نادار	nā-dār
ناداشت	nā-dāsht
ناداشتی	nā-dāshtī
نادانی	nādānī
نادر	nādir
نادراً	nādir-an
نادره	nādira
نادری	nādirī
نادف	nādif
نادم	nādim
نادی	nādī
ناذر	nāẕir
ناذع	nāẕi‘
نار	nār
ناراستی	nārāstī
نارتوبا	nārtūbā
نارجیل	nārjīl
ناٴرجیل	na’rijīl
نارخوک	nārḵẖūk
نارد	nārad
ناردان	nārdān
ناردنگ	nārdang
نارده	nārda
ناردین	nārdīn
نارسة	nārisat
نارست	nārast
نارستان	nāristān
نارکوک	nārkūk
نارگیل	nārgīl
نارگیو	nār-gīv
نارامید	nārāmīd
نارنج	nāranj
نارنجستان	nāranjistān
نارنجک	nāranjak
نارنگ	nārang
نارنگی	nārangī
نارو	nārū
ناروان	nārwān
نارور	nārwar
نارون	nārwan
ناروند	nārwand
ناروه	nārūh
ناره	nāra
ناری	nārī
ناریل	nāriyal
ناریلی	nāriyalī
ناریة	nārīyat
ناریدن	nārīdan
نارین	nārīn
ناز	nāz
نازان	nāzān
نازح	nāziḥ
نازش	nāzish
نازع	nāzi‘
نازعات	nāzi‘āt
نازک	nāzuk
نازکی	nāzukī
نازل	nāzil
نازنده	nāzanda
نازو	nāzū
نازور	nā-zor
نازون	nāzūn
نازه	nāzih
نازیة	nāziyat
نازیدن	nāzīdan
ناژ	nāzh
ناژو	nāzhū
ناژون	nāzhūn
ناژه	nāzha
ناژین	nāzhīn
ناس	nās
ناسازواری	nāsāzwārī
ناسامانی	nāsāmānī
ناسپاس	nāsipās
ناسپال	nāspāl
ناسة	nāssat
ناستاد	nāsitād
ناسج	nāsij
ناسخ	nāsiḵẖ
ناسرایش	nā-sarāyish
ناسرگی	nāsaragī
ناسزه	nāsaza
ناسک	nāsik
ناسگالیده	nā-sigālīda
ناسل	nāsil
ناسنج	nāsinj
ناسوت	nāsūt
ناسوتی	nāsūtī
ناسود	nāsūd
ناسور	nāsūr
ناسوری	nāsūrī
ناسی	nāsī
ناسیدن	nāsīdan
ناٴش	na’sh
ناش	nāsh
ناشادی	nāshādī
ناشایستگی	nāshāyistagī
ناشب	nāshib
ناشپاتی	nāshpātī
ناشتا	nāshitā
ناشتاب	nāshtāb
ناشتائی	nāshitā’ī
ناشر	nāshir
ناشرات	nāshirāt
ناشز	nāshiz
ناشسته	nā-shusta
ناشط	nāshit̤
ناشطات	nāshit̤āt
ناشک	nāshik
ناشکری	nāshukrī
ناشکیبائی	nāshikībā’ī
ناشلة	nāshilat
ناشنا	nāshnā
ناشناسائی	nāshināsā’ī
ناشناسی	nāshināsī
ناشنوائی	nāshinawā’ī
ناشنیده	nā-shunīda
ناشئ	nāshi
ناشئة	nāshi’at
ناصاة	nāṣāt
ناصب	nāṣib
ناصبیة	nāṣibīyat
ناصح	nāṣiḥ
ناصر	nāṣir
ناصع	nāṣi‘
ناصف	nāṣif
ناصور	nāṣūr
ناض	nāẓẓ
ناضب	nāẓib
ناضج	nāẓij
ناضح	nāẓiḥ
ناضد	nāẓid
ناضر	nāẓir
ناضل	nāẓil
ناطح	nāt̤iḥ
ناطر	nāt̤ir
ناطس	nāt̤is
ناطف	nāt̤if
ناطفی	nāt̤ifī
ناطق	nāt̤iq
ناطور	nāt̤ūr
ناطوری	nāt̤ūrī
ناظر	nāz̤ir
ناطران	nāz̤irān
ناظم	nāz̤im
ناظمی	nāz̤imī
ناظور	nāz̤ūr
ناعس	nā‘is
ناعط	nā‘it̤
ناعق	nā‘iq
ناعقان	nā‘iqān
ناعل	nā‘il
ناعم	nā‘im
ناعور	nā‘ūr
ناعی	nā‘ī
ناغ	nāg̱ẖ
ناغست	nāg̱ẖist
ناغشت	nāg̱ẖisht
ناغض	nāg̱ẖiẓ
ناغوش	nāg̱ẖosh
ناغول	nāg̱ẖūl
ناغه	nāg̱ẖa
ناغیست	nāg̱ẖīst
ناٴف	na’f
ناف	nāf
نافث	nāfis̤
نافخ	nāfiḵẖ
نافذ	nāfiẕ
نافر	nāfir
نافرمانی	nāfarmānī
نافس	nāfis
نافض	nāfiẓ
نافع	nāfi‘
نافق	nāfiq
نافک	nāfak
نافوخ	nāfūḵẖ
نافه	nāfa
نافه	nāfih
نافی	nāfī
ناق	nāq
ناقد	nāqid
ناقر	nāqir
ناقز	nāqiz
ناقص	nāqiṣ
ناقض	nāqiẓ
ناقع	nāqi‘
ناقل	nāqil
ناقم	nāqim
ناقور	nāqūr
ناقوره	nāqūra
ناقوس	nāqūs
ناقوسی	nāqūsī
ناقولا	nāqūlā
ناقه	nāqa
ناقه	nāqih
ناک	nāk
ناکاج	nākāj
ناکارگی	nākāragī
ناکامی	nākāmī
ناکب	nākib
ناکح	nākiḥ
ناکدون	nākdaun
ناکز	nākiz
ناکس	nākis
ناکسی	nākasī
ناکند	nākand
ناگرویدن	nāgirawīdan
ناگوارائی	nāguwārā’ī
ناگواریدگی	nāguwārīdagī
ناگواریدن	nāguwārīdan
نال	nāl
نالان	nālān
نالة	nālat
نالش	nālish
نالکس	nālkis
نالکی	nālkī
نالندگی	nālandagī
نالنده	nālanda
ناله	nāla
نالیدن	nālīdan
نالیش	nālīsh
نام	nām
نامجات	nāmajāt
نامدار	nām-dār
نامدارترین	nāmdārtarīn
نامداری	nāmdārī
نامرادی	nāmurādī
نامرد	nā-mard
نامردم	nā-mardum
نامردمی	nāmardumī
نامردی	nāmardī
نامزد	nām-zad
نامضبوط	nā-maẓbūt̤
نامعقول	nā-ma‘qūl
نامل	nāmil
ناموافقة	nāmuwāfaqat
نامور	nāmwar
ناموری	nāmwarī
ناموس	nāmūs
ناموسی	nāmūsī
نامویه	māmūya
نامه	nāma
نامهربانیها	nāmihrbānīhā
نامی	name
نامی	nāmī
نامیدن	nāmīdan
نامیه	nāmiya
نان	nān
نانا	nānā
ناٴناٴة	na’na’at
نانجوی	nān-joy
نانکار	nān-kār
نانکاری	nān-kārī
نانکش	mānkish
نانگواه	nān-guwāh
نانمشیدن	nānamshīdan
نانموده	nā-namūda
نانو	nānū
نانوا	nān-wā
نانوائی	nānwā’ī
ناو	nāv
ناٴو	na’w
ناوارن	nāwārin
ناواقفیت	nāwāqifīyat
ناوانیدن	nāwānīdan
ناوچه	nāvcha
ناور	nāwar
ناوران	nawarān
ناورد	nāward
ناوژه	nāvzha
ناوس	nāwus
ناوسار	nāvsār
ناوک	nāwak
ناوناوان	nāvnāwān
ناووس	nāwūs
ناوه	nāwa
ناویدن	nāwīdan
ناویژه	nāwīzha
ناه	nāh
ناهار	nāhār
ناهاری	nāhārī
ناهب	nāhib
ناهج	nāhij
ناهد	nāhid
ناهده	nāhida
ناهض	nāhiẓ
ناهق	nāhiq
ناهل	nāhil
ناهمواری	nāhamwārī
ناهنجاری	nāhanjārī
ناهی	nāhī
ناهیة	nāhiyat
ناهید	nāhīd
نای	nāy
ناٴی	na’y
نائب	nā’ib
نایبان	nāybān
نایچ	nāyich
نایچه	nāycha
نائح	nā’iḥ
ناید	nāyad
نائر	nā’ir
نایر	nāyir
نایزه	nāyiza
نائص	nā’iṣ
نائع	nā’i‘
نائک	nā’ik
نائل	nā’il
نائم	nā’im
نایه	nāya
نائه	nā’ih
نائی	nā’ī
ناییدن	nāyīdan
نائین	nā’īn
نباٴ	naba’
نبات	nabāt
نباتات	nabātāt
نباتة	nabātat
نباتی	nabātī
نباتیه	nabātīya
نباج	nabāj
نباح	nibāḥ
نبادا	na-bādā
نباذ	nabbāẕ
نبار	nibār
نبارش	nabārash
نباریس	nabārīs
نبازی	nabāzī
نباش	nabbāsh
نباض	nabbāẓ
نباطی	nabāt̤ī
نباع	nabāg̱ẖ
نباک	nibāk
نبال	nabāl
نبالة	nabālat
نباوة	nibāwat
نباه	nabāh
نباهة	nabāhat
نباید	na-bāyad
نبائر	nabā’ir
نبائل	nabā’il
نبت	nabt
نبتة	nibtat
نبتر	nabtar
نبتیز	nab-tez
نبث	nabs̤
نبج	nabj
نبح	nabḥ
نبحاء	nabḥā’
نبخ	nabḵẖ
نبد	na-bud
نبذ	nabẕ
نبذان	nabaẕān
نبر	nabr
نبراس	nibrās
نبرة	nabrat
نبرده	nabarda
نبریج	nabrīj
نبریده	na-burīda
نبز	nabz
نبزه	nabza
نبس	nabs
نبش	nabsh
نبشت	nibisht
نبشتن	nibishtan
نبشته	nibishta
نبشلد	nabashlad
نبض	nabẓ
نبضة	nabẓat
نبطی	nabat̤ī
نبع	nab‘
نبعة	nab‘at
نبغ	nabg̱ẖ
نبق	nabq
نبک	nabk
نبل	nabl
نبلاء	nubalā’
نبلان	nublān
نبلة	nablat
نبناد	nabnād
نبوت	nubūt
نبوح	nubūḥ
نبوخ	nubūḵẖ
نبور	nabūr
نبوط	nubūt̤
نبوع	nubū‘
نبوغ	nubūg̱ẖ
نبوک	nubūk
نبوی	nabawī
نبه	nabh
نبهاً	nabah-an
نبهرج	nabahraj
نبهره	nabahra
نبی	nabīy
نبیت	nabīt
نبیح	nabīḥ
نبید	nubed
نبیذ	nabīẕ
نبیر	nabīr
نبیره	nabīra
نبیسه	nabīsa
نبیط	nabīt̤
نبیل	nabīl
نبیون	nabīyūn
نبیه	nabīh
نبیئی	nabī’
نبیئة	nubaiyi’at
نپخته	na-puḵẖta
نپتیز	nap-tez
نپراش	naprāsh
نپق	napaq
نپور	napūr
نتاج	nitāj
نتاس	nitās
نتاسیدن	nitāsīdan
نتاف	nutāf
نتان	natān
نتانة	natānat
نتاند	na-tānad
نتانست	na-tānist
نتائج	natā’ij
نتح	natḥ
نتخ	natḵẖ
نتر	natr
نتردام	nutardām
نتش	natsh
نتف	natf
نتفتر	nitaftar
نتق	natq
نتک	natk
نتل	natl
نتن	natn
نتوء	nutū’
نتوان	natuwān
نتوح	nutūḥ
نتوق	nutūq
نتیجی	natījī
نتیف	natīf
نتیل	natīl
نث	nas̤s̤
نثار	nis̤ār
نثاریدن	nis̤ārīdan
نثال	nis̤āl
نثر	nas̤r
نثل	nas̤l
نثیر	nas̤īr
نثیل	nas̤īl
نج	najj
نجاٴ	naj’
نجاء	najā’
نجابة	najābat
نجاٴة	naj’at
نجاة	najāt
نجاح	najāḥ
نجاخ	nujāḵẖ
نجاد	nijād
نجادة	najādat
نجار	najār
نجارة	nijārat
نجری	najjārī
نجاسة	najāsat
نجاشی	najāshī
نجاف	nijāf
نجام	najjām
نجامة	nijāmat
نجائب	najā’ib
نجایة	najāyat
نجب	najab
نجباء	nujabā’
نجبی	najabī
نجح	nujḥ
نجد	najd
نجدة	najdat
نجدی	najdī
نجدیات	najdīyāt
نجر	najr
نجران	najrān
نجش	najsh
نجع	naj‘
نجعة	nuj‘at
نجف	najf
نجک	najak
نجل	najl
نجلاء	najlā’
نجم	najm
نجند	najand
نجو	najw
نجوان	najwān
نجود	najūd
نجوع	najū‘
نجوم	nujūm
نجومی	nujūmī
نجویٰ	najwá
نجی	najīy
نجیب	najīb
نجیح	najīḥ
نجید	najīd
نجیر	najīr
نجیرم	najīram
نجیز	najīz
نجیس	najīs
نجیع	najī‘
نجیف	najīf
نجیل	najīl
نچاس	nachās
نچالنک	nachālnik
نچک	nachak
نچلنیک	nachalnīk
نحاة	naḥāt
نحاز	naḥāz
نحاس	niḥās
نحاسی	naḥāsī
نحاف	niḥāf
نحافة	naḥāfat
نحام	nuḥām
نحائر	naḥā’ir
نحائز	naḥā’iz
نحب	naḥb
نحباة	naḥbāt
نحة	nuḥḥat
نحت	naḥt
نحر	naḥr
نحراء	nuḥarā’
نحرة	naḥrat
نحریر	niḥrīr
نحز	naḥz
نحس	naḥs
نحسان	naḥsān
نحص	nuḥṣ
نحض	naḥẓ
نحفاء	nuḥafā’
نحل	naḥl
نحلان	nuḥlān
نحلی	naḥlá
نحم	naḥm
نحن	naḥnu
نحنحة	naḥnaḥat
نحو	naḥw
نحور	nuḥūr
نحوس	naḥūs
نحوسة	nuḥūsat
نحوص	naḥūṣ
نحول	nuḥūl
نحوی	naḥwī
نحی	naḥy
نحیب	naḥīb
نحیت	naḥīt
نحیح	naḥīḥ
نحیر	naḥīr
نحیزة	naḥīzat
نحیس	naḥīs
نحیض	naḥīẓ
نحیط	nahīt̤
نحیف	naḥīf
نحیفی	naḥīfī
نحیل	naḥīl
نخ	naḵẖ
نخ	naḵẖḵẖ
نخاره	naḵẖāra
نخاس	naḵẖās
نخاعة	nuḵẖā‘at
نخامة	nuḵẖāmat
نخب	naḵẖb
نخبة	naḵẖbat
نختیز	naḵẖtīz
نخجد	naḵẖjad
نخچ	naḵẖch
نخچذ	naḵẖchaẕ
نخچند	naḵẖchand
نخچوان	naḵẖchuwān
نخچیر	naḵẖchīr
نخچیرگان	naḵẖchīr-gān
نخچیز	naḵẖchīz
نخچیل	naḵẖchīl
نخرا	naḵẖrā
نجراز	nuḵẖrāz
نحراس	nuḵẖrās
نحرة	naḵẖrat
نخروب	naḵẖrūb
نخری	naḵẖirī
نخز	naḵẖuz
نخزار	nuḵẖzar
نخزین	naḵẖuzīn
نخس	naḵẖs
نخست	na-ḵẖast
نخستگی	nuḵẖustagī
نخستن	nuḵẖustin
نخشب	naḵẖshab
نخشبی	naḵẖshabī
نخشه	naḵẖsha
نخشیدن	naḵẖshīdan
نخط	naḵẖt̤
نخع	naḵẖ‘
نخعی	naḵẖ‘ī
نخف	naḵẖf
نخکلون	naḵẖkalūn
نخگلوی	naḵẖgulūy
نخل	naḵẖl
نخلبن	naḵẖl-bun
نخلبند	naḵẖl-band
نخلبندی	naḵẖlbandī
نخلستان	naḵẖlistān
نخله	naḵẖla
نخمة	naḵẖmat
نخو	naḵẖū
نخوة	naḵẖwat
نخود	nuḵẖūd
نخور	naḵẖūr
نخوس	naḵẖosh
نخوص	nuḵẖūṣ
نخوئی	naḵẖū’ī
نخوئیها	naḵẖū’ī-hā
نخهم	naḵẖuham
نخی	naḵẖī
نخیب	naḵẖīb
نخیر	naḵẖīr
نخیری	naḵẖīrī
نخیز	naḵẖez
نخیس	naḵẖīs
نخیل	naḵẖīl
ند	nad
ند	nadd
ندا	nad’
ندا	nidā
نداف	naddāf
ندافی	naddāfī
ندام	nidām
ندامة	nadāmat
ندامیٰ	nadāmá
نداوة	nadāwat
ندائد	nadā’id
ندب	nadb
ندب	nadab
ندباء	nudabā’
ندح	nadḥ
ندداء	nudadā’
ندر	nadr
ندس	nads
ندش	nadsh
ندغ	nadg̱ẖ
ندف	nadf
ندفان	nadafān
ندل	nadl
ندم	nadam
ندماء	nudamā’
ندمان	nadmān
ندو	nadw
ندوب	nudūb
ندوبة	nudūbat
ندوة	nadwat
نده	nadh
ندی	nadá
ندیان	nadyān
ندیب	nadīb
ندید	nadīd
ندیف	nadīf
ندیم	nadīm
نذارة	naẕārat
نذال	nuẕẕāl
نذالة	naẕālat
نذر	naẕr
نذراء	nuẕarā’
نذرانه	naẕrāna
نذریٰ	nuẕrá
نذل	naẕl
نذلاء	nuẕalā’
نذور	nuẕūr
نذول	nuẕūl
نذولة	nuẕūlat
نذیر	naẕīr
نذیرة	naẕīrat
نذیل	naẕīl
نر	nar
نرا	narā
نراد	narrād
نراک	narāk
نرجل	narajul
نرخبندی	nirḵẖ-bandī
نرخنامه	nirḵẖ-nāma
نرخی	nirḵẖī
نرد	nard
نردبان	nardubān
نردک	nardak
نرده	narda
نرزد	narzad
نرس	nars
نرسک	narask
نرسی	narsī
نرک	narak
نرگ	narg
نرگان	narragān
نرگس	nargis
نرگسدان	nargisdān
نرگسه	nargisa
نرگسی	nargisī
نرگه	narga
نرم	narm
نرمسار	narm-sār
نرمغت	narmag̱ẖt
نرمق	narmaq
نرمک	narmak
نرمود	narmūd
نرمودن	narmūdan
نرموره	narmūra
نرمه	narma
نرمی	narmī
نرمیت	narmīyat
نرمیش	nar-mesh
نروان	narwān
نروک	narūk
نرول	narūl
نری	narī
نریم	narīm
نرینه	narīna
نز	naz
نز	nazz
نزا	naz’
نزا	nazā
نزار	nizār
نزارة	nazārat
نزاری	nizārī
نزازة	nazāzat
نزاع	nizā
نزاعة	nazā‘at
نزاک	nazzāk
نزاکة	nazākat
نزال	nizāl
نزالة	nizālat
نزاه	nizāh
نزاهة	nazāhat
نزائع	nazā’i‘
نزج	nazaj
نزح	nazḥ
نزد	nazd
نزدیک	nazdīk
نزدیکان	nazdīkān
نزدیکها	nazdīk-hā
نزدیکی	nazdīkī
نزدیکیها	nazdīkī-hā
نزر	nazr
نزع	naz‘
نزعاء	nuza‘ā’
نزغ	nazg̱ẖ
نزف	nazf
نزق	nazq
نزک	nazk
نزگ	nazag
نزل	nuzl
نزلات	nazalāt
نزلة	nazlat
نزم	nazm
نزمودن	nazmūdan
نزوح	nazūḥ
نزور	nazūr
نزورة	nuzūrat
نزوع	nazū‘
نزوف	nazūf
نزوق	nuzūq
نزول	nuzūl
نزه	nazˌh
نزه	nazah
نزهاء	nuzahā’
نزهة	nuzˌhat
نزیج	nazīj
نزیدن	nazīdan
نزیر	nazīr
نزیز	nazīz
نزیع	nazī‘
نزیف	nazīf
نزیق	nazīq
نزیل	nazīl
نزیه	nazīh
نژ	nazh
نژاد	nizhād
نژد	nizhd
نژغار	nazhg̱ẖār
نژمند	nizhmand
نژمودن	nazhmūdan
نژندی	nizhandī
نژنک	nazhnak
نژه	nazhah
نژیدن	nazhīdan
نژیم	nizhīm
نس	nas
نس	nass
نسا	nasā
نساب	nisāb
نساٴة	nus’at
نساج	nassāj
نسار	nasār
نساق	nisāq
نساک	nussāk
نساکة	nasākat
نسال	nusāl
نسام	nisām
نسانس	nasānis
نساوة	nisāwat
نسائج	nasā’ij
نسائک	nasā’ik
نسائم	nasā’im
نسب	nasab
نسبة	nisbat
نسبةً	nisbat-an
نسبتی	nisbatī
نسبنامه	nasab-nāma
نسبو	nasbū
نسبوت	nasbūt
نسبه	nisba
نسبی	nasbī
نسبیل	nasbīl
نسپار	naspār
نسپاس	naspās
نسپه	nispuh
نستار	nastār
نستاک	nistāk
نستر	nastar
نستردن	nastardan
نسترن	nastaran
نسترون	nastarūn
نستعلیق	nasta‘līq
نستک	nistak
نستم	nistam
نستور	nastūr
نستوه	nastūh
نستهن	nastahan
نسج	nasj
نسخ	nasḵẖ
نسخجات	nusḵẖajāt
نسخی	nasḵẖī
نسر	nasr
نسر	nasar
نسرم	nasram
نسری	nasrī
نسرین	nasrain
نسرین	nasrīn
نسطور	nust̤ūr
نسطوری	nast̤ūrī
نسغ	nasg̱ẖ
نسف	nasf
نسفی	nasafī
نسق	nasq
نسقاً	nasaq-an
نسک	nask
نسکا	naskā
نسکبا	nask-bā
نسکة	naskat
نسکنج	naskanj
نسل	nasl
نسلان	nasalān
نسلی	naslī
نسم	nasam
نسمان	nasamān
نسمات	nasamāt
نسمة	nasamat
نسمیل	nasmīl
نسوان	niswān
نسوانی	niswānī
نسوبار	nasūbār
نسوة	naswat
نسود	nasūd
نسودی	nasūdī
نسور	nusūr
نسوس	nusūs
نسوع	nusū‘
نسوف	nasūf
نسول	nusūl
نسون	nisūn
نسوی	niswī
نسها	nasahā
نسهانتن	nasˌhānitan
نسی	nasy
نسیاء	nasyā’
نسیان	nasyān
نسیان	nisyān
نسیانی	nisyānī
نسیب	nasīb
نسیبی	nasībī
نسیج	nasīj
نسیچ	nasīch
نسیخ	nasīḵẖ
نسیدن	nasīdan
نسیرم	nasīram
نسیغ	nasīg̱ẖ
نسیف	nasīf
نسیق	nasīq
نسیک	nasīk
نسیل	nasīl
نسیم	nasīm
نسیمن	nasīman
نسیئ	nasī’
نسیئة	nasī’at
نش	nashsh
نشا	nasha’
نشاب	nashshāb
نشابور	nishābūr
نشات	nashāt
نشاتین	nashātain
نشاختن	nishāḵẖtan
نشاخیدن	nishāḵẖīdan
نشاد	nishād
نشارة	nushārat
نشاریدن	nishārīdan
نشاز	nishāz
نشاستج	nishāstaj
نشامتن	nishāstan
نشاسته	nishāsta
نشاص	nashāṣ
نشاط	nashāt̤
نشاطی	nashāt̤ī
نشاف	nishāf
نشافة	nushāfat
نشاک	nashāk
نشان	nishān
نشانجی	nishānjī
نشاندگی	nishāndagī
نشاندن	nishāndan
نشانده	nishānda
نشانستن	nishānistan
نشانگاه	nishān-gāh
نشانگر	nishāngar
نشانه	nishāna
نشانی	nishānī
نشانیدن	nishānīdan
نشاور	nishāwar
نشاید	nashāyad
نشای	nashā’ī
نشب	nashb
نشبره	nishbara
نشبل	nashbil
نشت	nasht
نشتر	nishtar
نشتن	nishtan
نشتو	nashtū
نشتی	nishtī
نشج	nashaj
نشد	nashd
نشدان	nishdān
نشدة	nishdat
نشر	nashr
نشرم	nashram
نشری	nashrī
نشز	nashz
نشست	nishast
نشستگاه	nishast-gāh
نشستن	nishastan
نشستنی	nishastanī
نشسته	nishasta
نشص	nushuṣ
نشط	nasht̤
نشف	nashf
نشق	nashq
نشکنج	nishkunj
نشکنجیدن	nishkunjīdan
نشل	nashl
نشل	nashal
نشلیدن	nashlīdan
نشم	nasham
نشمن	nashman
نشمین	nashmīn
نشنیدنی	nashnidanī
نشنیده	nashnīda
نشو	nashw
نشو	nushū
نشوا	nashwā
نشواد	nashwād
نشوار	nishwār
نشواره	nishwāra
نشوان	nashwān
نشوب	nushūb
نشور	nashūr
نشوره	nishwara
نشوز	nushūz
نشوص	nashūṣ
نشوط	nashūt̤
نشوع	nashū‘
نشوغ	nashūg̱ẖ
نشوق	nashūq
نشول	nushūl
نشوی	nashwī
نشی	nashī
نشیان	nashyān
نشیب	nishīb
نشیبگاه	nishīb-gāh
نشئة	nash’at
نشید	nashīd
نشید	nished
نشیدن	nishīdan
نشیره	nashīra
نشیش	nashīsh
نشیط	nashīt̤
نشیل	nashīl
نشیلا	nashīlā
نشیم	nishem
نشیمن	nisheman
نشیمه	nashīma
نشین	nishīn
نشیننده	nishīnanda
نشینه	nishīna
نشیو	nishīv
نشیئة	nashī’at
نص	naṣṣ
نصا	naṣ’
نصاب	niṣāb
نصاح	niṣāḥ
نصاحات	niṣāḥat
نصاحة	naṣāḥat
نصاحیة	naṣāḥiyat
نصار	naṣṣār
نصاریٰ	naṣārá
نصاف	niṣāf
نصافی	naṣāfī
نصال	niṣāl
نصائح	naṣā’iḥ
نصب	nasb
نصبة	naṣbat
نصحاء	nuṣaḥā’
نصر	naṣr
نصراء	nuṣarā’
نصران	naṣrān
نصرانی	naṣrānī
نصرة	nuṣrat
نصری	naṣrī
نصع	niṣ‘
نصف	naṣf
نصفان	naṣfān
نصفانصف	nifṣ-ā-niṣf
نصفة	naṣfat
نصفیٰ	naṣfá
نصفی	niṣfī
نصل	naṣl
نصو	naṣw
نصوح	naṣūḥ
نصور	naṣūr
نصوص	nuṣūs
نصوع	nuṣū‘
نصوف	nuṣūf
نصول	nuṣūl
نصیب	naṣīb
نصیبدار	naṣīb-dār
نصیبداش	naṣīb-dāsh
نصیبه	naṣība
نصیبی	naṣībī
نصیبین	naṣībīn
نصیبینی	naṣībīnī
نصیح	naṣīḥ
نصیحة	naṣīḥat
نصیحه	naṣīḥa
نصیر	naṣīr
نصیری	nuṣairī
نصیف	naṣīf
نصیل	naṣīl
نض	naẓẓ
نضاح	naẓẓāḥ
نضاخ	niẓāḵẖ
نضار	naẓār
نضارة	naẓārat
نضاض	niẓāẓ
نضاف	niẓāf
نضافت	niẓāfat
نضال	niẓāl
نضائض	naẓā’iẓ
نضح	naẓḥ
نضخ	naẓḵẖ
نضد	naẓd
نضر	naẓr
نضرة	naẓrat
نضری	naẓarī
نضف	naẓf
نضل	naẓl
نضناض	naẓnāẓ
نضو	naẓw
نضوب	nuẓūb
نضوح	naẓūḥ
نضور	nuẓūr
نضیج	naẓīj
نضیح	naẓīḥ
نضید	naẓīd
نضیر	naẓīr
نضیض	naẓīẓ
نطاة	nat̤āt
نطاح	nat̤t̤āḥ
نطار	nut̤t̤ār
نطارة	nit̤ārat
نطاف	nit̤āf
نطاق	nit̤āq
نطانط	nat̤ānit̤
نطائف	nat̤ā’if
نطح	nat̤ḥ
نطر	nat̤r
نطراء	nut̤arā’
نطرون	nat̤rūn
نطعی	nat̤‘ī
نطف	nat̤f
نطفان	nat̤afān
نطق	nut̤q
نطناط	nat̤nāt̤
نطو	nat̤w
نطوع	nut̤ū‘
نطوف	nat̤ūf
نطوفة	nut̤ūfat
نطوق	nut̤ūq
نطول	nat̤ūl
نطی	nat̤ī
نطیح	nat̤īḥ
نطیس	nit̤t̤īs
نطیش	nat̤īsh
نظار	niz̤ār
نظارگی	naz̤z̤āragī
نظارگیان	naz̤z̤āragiyān
نظاری	naz̤z̤ārī
نظافة	naz̤āfat
نظام	niz̤ām
نظامان	nizāmāni
نظامة	niz̤āmat
نظامی	niz̤āmī
نظائر	naz̤ā’ir
نظائف	naz̤ā’if
نظر	naz̤r
نظراء	nuz̤arā’
نظرات	naz̤arāt
نظران	naz̤arān
نظری	naz̤arī
نظم	naz̤m
نظمی	naz̤mī
نظور	naz̤ūr
نظیر	naz̤īr
نظیف	naz̤īf
نظیم	naz̤īm
نعاب	nu‘āb
نعاتة	na‘ātat
نعاج	ni‘āj
نعاس	nu‘ās
نعاق	nu‘āq
نعال	ni‘āl
نعالی	ni‘ālī
نعام	na‘ām
نعامیٰ	nu‘āmá
نعائم	na‘ā’im
نعت	na‘t
نعثل	na‘s̤al
نعجات	na‘ajāt
نعر	na‘r
نعس	na‘s
نعش	na‘sh
نعشیله	na‘shīla
نعص	na‘ṣ
نعل	na‘l
نعلبند	na‘l-band
نعلبندی	na‘l-bandī
نعلتراش	na‘l-tarāsh
نعلچه	na‘lcha
نعلک	na‘lak
نعلی	na‘lī
نعلین	na‘lain
نعما	ni‘immā
نعمات	ni‘amāt
نعمان	na‘mān
نعمة	na‘mat
نعمتکده	ni‘mat-kada
نعمتی	ni‘matī
نعمیٰ	nu‘má
نعنا	na‘nā
نعنعة	na‘na‘at
نعوت	nu‘ūt
نعوج	nu‘ūj
نعور	na‘ūr
نعوس	na‘ūs
نعوظ	nu‘ūz̤
نعی	na‘y
نعیب	na‘īb
نعیر	na‘īr
نعیق	na‘īq
نعیم	na‘īm
نغاز	nug̱ẖg̱ẖāz
نغاغ	nag̱ẖāg̱ẖ
نغاک	nig̱ẖāk
نغام	nag̱ẖām
نغچه	nig̱ẖcha
نغروچ	nug̱ẖrūch
نغز	nag̱ẖz
نغزتر	nag̱ẖztar
نغزک	nag̱ẖzak
نغزی	nag̱ẖzī
نغزیدن	nag̱ẖzīdan
نغص	nag̱ẖaṣ
نغض	nag̱ẖaẓ
نغل	nag̱ẖl
نغل	nag̱ẖil
نغلة	nug̱ẖlat
نغمات	nag̱ẖmāt
نغن	nag̱ẖan
نغنخلان	nag̱ẖanḵẖalān
نغنویدن	nag̱ẖanwīdan
نغو	nag̱ẖū
نغوسه	nag̱ẖosa
نغوشاکیدن	nag̱ẖoshākīdan
نغوشه	nag̱ẖosha
نغوض	nag̱ẖūẓ
نغوک	nig̱ẖok
نغول	nag̱ẖol
نغوله	nag̱ẖola
نغولی	nug̱ẖolī
نغیر	nug̱ẖair
نغیق	nag̱ẖīq
نغیود	nag̱ẖyūd
نفا	nafā’
نفاث	naffās̤
نفاثات	naffās̤āt
نفاثة	nafās̤at
نفاح	nufāḥ
نفاخ	naffāḵẖ
نفاد	nafād
نفاذ	nafāẕ
نفار	nifār
نفاس	nifās
نفاسة	nafāsat
نفاص	nufāṣ
نفاض	nafāẓ
نفاع	nafā‘
نفاغ	nifāg̱ẖ
نفاق	nafāq
نفال	nifāl
نفام	nafām
نفائس	nafā’is
نفایه	nafāya
نفت	naft
نفتجی	naftajī
نفتغ	naftag̱ẖ
نفتی	naftī
نفث	nafs̤
نفج	nafj
نفجه	nifja
نفح	nafḥ
نفحان	nafaḥān
نفخ	nafḵẖ
نفذ	nafẕ
نفر	nafr
نفرات	nafarāt
نفران	nafarān
نفرج	nifrij
نفرمود	na-farmūd
نفری	nafarī
نفریدن	nafrīdan
نفرین	nafrīn
نفرینیدن	nafrīnīdan
نفز	nafz
نفس	nafs
نفساً	nafs-an
نفسآباد	nafas-ābād
نفسانی	nafsānī
نفسانیة	nafsānīyat
نفسی	nafsī
نفش	nafsh
نفض	nafẓ
نفط	naft̤
نفطی	naft̤ī
نفع	naf‘
نفعاً	naf‘-an
نفق	nafaq
نفقات	nafaqāt
نفل	nafl
نفل	nufal
نفناف	nafnāf
نفوت	nafūt
نفوح	nafūḥ
نفوخ	nafūḵẖ
نفوذ	nafūẕ
نفور	nafūr
نفوز	nafūz
نفوس	nufūs
نفوش	nufūsh
نفوض	nufūẓ
نفوع	nafū‘
نفوق	nufūq
نفه	nafh
نفی	nafy
نفیان	nafayān
نفیث	nafīs̤
نفیذ	nafīẕ
نفیر	nafīr
نفیرچی	nafīrchī
نفیرندن	nafīrandan
نفیری	nafīrī
نفیس	nafīs
نفیط	nafīt̤
نقاء	naqā’
نقاءة	naqā’at
نقاب	niqāb
نقابة	naqābat
نقاخ	nuqāḵẖ
نقاد	niqād
نقار	niqār
نقارچی	naqārchī
نقاره	naqāra
نقاز	nuqāz
نقاسة	niqāsat
نقاش	naqqāsh
نقاشة	niqāshat
نقاشی	naqqāshī
نقاط	niqāt̤
نقاع	niqā‘
نقال	niqāl
نقالی	naqqālī
نقاهة	naqāhat
نقایة	naqāyat
نقائص	naqā’iṣ
نقائض	naqā’iẓ
نقائع	naqā‘i
نقب	naqb
نقباء	nuqabā’
نقبة	niqbat
نقت	naqt
نقث	naqs̤
نقخ	naqḵẖ
نقد	naqd
نقداً	naqd-an
نقدة	niqdat
نقدی	naqdī
نقدینه	naqdīna
نقذ	naqẕ
نقر	naqr
نقرة	naqrat
نقرس	niqris
نقره	niqra
نقریس	niqrīs
نقرئی	nuqra’ī
نقز	naqz
نقس	naqs
نقش	naqsh
نقشبان	naqshibān
نقشبند	naqsh-band
نقشبندی	naqsh-bandī
نقشجهان	naqshijihān
نقشوان	naqshuwān
نقشه	naqsha
نقص	naqs
نقض	naqẓ
نقط	naqt̤
نقع	naq‘
نقل	naql
نقل	nuqul
نقلاً	naql-an
نقلاء	nuqalā’
نقلة	naqlat
نقلدان	nuqldān
نقلی	naqlī
نقلیات	naqliyāt
نقلیه	naqlīya
نقم	naqm
نقمات	naqimāt
نقو	naqw
نقود	nuqūd
نقوش	nuqūsh
نقوض	nuqūẓ
نقوع	naqū‘
نقول	nuqūl
نقه	naqah
نقی	naqy
نقیب	naqīb
نقیبان	naqībān
نقیبة	naqībat
نقیبی	naqībī
نقیر	naqīr
نقیص	naqīṣ
نقیض	naqīẓ
نقیضة	naqīẓat
نقیع	naqī‘
نقیل	naqīl
نک	nak
نکاٴ	nak’
نکاب	nakāb
نکابة	nikābat
نکات	nikāt
نکاح	nikāḥ
نکاحی	nikāḥī
نکارة	nakārat
نکاره	nakāra
نکاس	nakās
نکاس	nukās
نکاف	nikāf
نکاف	nukāf
نکال	nakāl
نکال	nikāl
نکایة	nikāyat
نکائی	nikā’ī
نکب	nakb
نکباء	nakbā’
نکبات	nakabāt
نکبة	nakbat
نکبتخانه	nakbat-ḵẖāna
نکبتی	nakbatī
نکت	nakt
نکتة	nuktat
نکث	niks̤
نکح	nakḥ
نکد	nakad
نکراء	nakrā’
نکرة	nakrat
نکز	nakz
نکژده	nakazhda
نکس	naks
نکس	nakas
نکش	naksh
نکش	niksh
نکظ	nakz̤
نکع	nak‘
نکل	nikl
نکلة	nuklat
نکوب	nukūb
نکور	nukūr
نکوز	nakūz
نکوص	nuqūṣ
نکول	nukūl
نکونتن	nakūnitan
نکوه	nakūh
نکوهنده	nikūhanda
نکوهیدگی	nikūhīdagī
نکوئی	nikū’ī
نکهة	nakhat
نکهه	nakha
نکیر	nakīr
نکیرین	nakīrain
نکیف	nakīf
نگ	nag
نگار	nigār
نگارستان	nagāristān
نگارش	nigārish
نگارنده	nigāranda
نکاریدن	nigārīdan
نگارین	nigārīn
نگاشتن	nigāshtan
نگاشته	nigāshta
نگاف	nigāf
نگال	nigāl
نگاه	nigāh
نگر	nagar
نگران	nigarān
نگرانی	nigarānī
نگرستن	nigaristan
نگرش	nigarish
نگریدن	nigarīdan
نگزرد	nagzirad
نگژده	nagazhda
نگندن	nigandan
نگنده	niganda
نگون	nigūn
نگونبخت	nigūn-baḵẖt
نگونساری	nigūn-sārī
نگه	nigah
نگهبان	nigahbān
نگهبانی	nigahbānī
نگهدار	nigahdār
نگهداری	nigah-dārī
نگیسا	nigīsā
نگین	nigīn
نگینه	nigīna
نل	nal
نلچ	nalch
نلسک	nilisk
نلکس	nilkas
نلم	nalm
نلند	naland
نم	nam
نم	namm
نماء	namā’
نماد	namād
نمار	nimār
نماران	namārān
نمارق	namāriq
نماز	namāz
نمازی	namāzī
نماس	nammās
نماط	nimāt̤
نماک	namāk
نمال	nimāl
نمام	nammām
نمامی	nammāmī
نماناد	na-mānād
نمائم	namā’im
نمایه	namāya
نمتک	namatk
نمج	namj
نمچ	namch
نمچه	namcha
نمد	namad
نمدار	nam-dār
نمدان	namdān
نمدیده	nam-dīda
نمدین	namadīn
نمر	namr
نمرة	numrat
نمری	namarī
نمس	nams
نمس	numus
نمسه	namsa
نمش	namsh
نمشته	namishta
نمشک	namshak
نمشیدن	namshīdan
نمص	namṣ
نمط	namat̤
نمطی	namat̤ī
نمق	namq
نمکت	namakt
نمکچش	namak-chash
نمکدان	namakdān
نمکزار	namakzār
نمکزی	namakzī
نمکین	namakīn
نمکینه	namakīna
نمکینی	namakīnī
نمگیره	nam-gīra
نمگین	nam-gīn
نمل	naml
نمله	namla
نملو	nam-lü
نمناک	namnāk
نمناکی	namnākī
نمنک	numunk
نمو	numūw
نمودار	namūdār
نموداری	namūdārī
نمودج	namūdaj
نمودنی	namūdanī
نمودی	namūdī
نمور	numūr
نموذج	namūẕaj
نموزج	namūzaj
نموسک	namūsak
نموک	namūk
نموم	namūm
نمی	namī
نمی	namy
نمیة	namīyat
نمیج	namīj
نمید	namīd
نمیدن	namīdan
نمیده	namīda
نمیدی	numīdī
نمیر	namīr
نمیرا	namīrā
نمیشود	na-mī-shawad
نمیص	namīṣ
نمیقه	namīqa
نمیمی	namīmī
ننگ	nang
ننگسار	nangsār
ننگنامه	nang-nāma
ننگین	nangīn
ننم	nanam
ننه	nana
ننهیدن	nunhīdan
ننهاده	na-nihāda
نو	nav
نؤ	naw’
نوا	nawā
نواء	niwā’
نواب	nauwāb
نوآباد	nau-ābād
نوابت	nawābit
نوابغ	nawābig̱ẖ
نوابک	nawābik
نوابی	nauwābī
نوابین	nawābīn
نواة	nawāt
نواتج	nawātij
نواتی	nawātī
نواجذ	nawājiz
نواجست	nawājast
نواجی	nawājī
نواح	nuwāḥ
نواحة	nauwāḥat
نواحی	nawāḥī
نواخت	nawāḵẖt
نواختن	nawāḵẖtan
نواخته	nawāḵẖta
نواخذة	nawāḵẖiẕat
نواخسته	nawāḵẖasta
نواد	nawād
نوادر	nawādir
نوادشه	nawādsha
نواده	nawāda
نوار	nawār
نوارا	niwārā
نوارس	nuwāris
نواره	nawāra
نوارهان	nawārahān
نواریدن	nawārīdan
نواز	nawāz
نوازان	nawāzān
نوازده	nuwāzdah
نوازدهم	nuwāzdahum
نوازش	nawāzish
نوازشات	nawāzishāt
نوازل	nawāzil
نوازندگی	nawāzandagī
نوازنده	nawāzanda
نوازی	nawāzī
نوازیدن	nawāzīdan
نواس	nauwās
نواسا	nawāsā
نواستن	nawāstan
نواسته	nuwāsta
نواسه	nawāsa
نواسی	nawāsī
نواسیر	nawāsīr
نواش	nuwāsh
نواشتن	nawāshtan
نواشته	nuwāshta
نواشر	nawāshir
نواشه	nuwāsha
نواصب	nawāṣib
نواصف	nawāṣif
نواصی	nawāṣī
نواضح	nawāẓiḥ
نواضر	nawāẓir
نواطح	nawāt̤iḥ
نواطل	nawāt̤il
نواطیر	nawāt̤īr
نواظر	nawāz̤ir
نواعیر	nawā‘īr
نوافث	nawāfis̤
نوافج	nawāfij
نوافذ	nawāfiẕ
نوافس	nawāfis
نوافل	nawāfil
نواق	nauwāq
نواقر	nawāqir
نواقل	nawāqil
نواقیس	nawāqīs
نواقیسی	nawāqīsī
نواکز	nawākiz
نواکس	nawākis
نواگر	nawāgar
نوال	nawāl
نوالیدن	nawālīdan
نوام	nuwām
نوامند	nawāmand
نوامی	nawāmī
نوامیس	nawāmīs
نوامین	nawāmīn
نوان	nawān
نوانزده	nuwānzdah
نوانیدن	nawānīdan
نواویر	nawāwīr
نواهد	nawāhid
نواهق	nawāhiq
نواهل	nawāhil
نواهی	nawāhī
نوای	nawāy
نواٴیٰ	nū’á
نوائب	nawā’ib
نوائح	nawā’iḥ
نوائر	nawā’ir
نوائی	nawā’ī
نواییدن	nawāyīdan
نوب	naub
نوبامون	naubāmūn
نوبان	nūbān
نوبةً	nūbat-an
نوبتخانه	naubat-ḵẖāna
نوبتی	naubate
نوبشتن	nūbishtan
نوبندجان	naubandajān
نوبه	nauba
نوبهار	nau-bahār
نوبی	nūbī
نوبیخ	naubīḵẖ
نوبیدن	nūbīdan
نوپان	nūpān
نوتاش	nautāsh
نوتر	nautar
نوتی	nūtī
نوج	nūj
نوجبه	naujaba
نوچ	nūch
نوچگی	nauchagī
نوچه	naucha
نوح	nauḥ
نوح	nūḥ
نوحیدن	nauḥīdan
نوخ	nūḵẖ
نوخطی	nauḵẖat̤ī
نوخنه	nauḵẖana
نوخیدن	nauḵẖīdan
نود	naud
نود	nūd
نوداران	naudārān
نودد	naudad
نودر	naudar
نودران	naudarān
نودرانه	naudarāna
نودره	naudara
نودساد	nūdsād
نوده	nauda
نور	naur
نورا	nūrā
نورانی	nūrānī
نورانیان	nūrāniyān
نورانیة	nūrānīyat
نوراور	naurāwar
نوراهان	naurāhān
نورة	naurat
نورد	naward
نوردن	nawardan
نوردناک	nawardnāk
نورده	nawarda
نوردیدن	nawardīdan
نوردیده	nawardīda
نورس	nau-ras
نورستار	nūristār
نورسته	nau-rasta
نورسیده	nau-rasīda
نورنجه	nauranja
نورند	nūrand
نوروزیه	nauroziya
نوره	naura
نوری	nūrī
نوریته	nūrīta
نورین	nūrain
نوز	noz
نوزادگی	nauzādagī
نوزرون	nūzarūn
نوژ	nozh
نوژان	nūzhān
نوژن	nozhan
نوژنده	nauzhanda
نوژه	nozha
نوس	naus
نوس	nos
نوسازی	nausāzī
نوستن	nawistan
نوسه	nosa
نوسیره	nausīra
نوش	naush
نوشابه	noshāba
نوشاد	naushād
نوشادر	naushādur
نوشانوش	nosh-ā-nosh
نوشانیدن	noshānīdan
نوشت	nosht
نوشتجات	nuwishtajāt
نوشته	nawashta
نوشجام	nosh-jām
نوشخوار	nūshḵẖẉār
نوشخور	nosh-ḵẖẉur
نوشدارو	nosh-dārū
نوشروان	noshirwān
نوشنجه	noshanja
نوشنده	noshanda
نوشیجان	noshījān
نوشیدگی	noshīdagī
نوشیدن	noshīdan
نوشین	noshīn
نوشینه	noshīna
نوص	nauṣ
نوض	nauẓ
نوط	naut̤
نوع	nau‘
نوعاً	nau‘-an
نوعة	nau‘at
نوعی	nau‘ī
نوغ	nog̱ẖ
نوف	nauf
نوف	nof
نوفاغ	nūfāg̱ẖ
نوفتم	nūftam
نوفتی	nūftī
نوفل	naufal
نوفه	nofa
نوفیدن	nofīdan
نوق	nūq
نوک	nūk
نوکاء	naukā’
نوکار	naukār
نوکال	nūkāl
نوکدار	nauk-dār
نوکدخدا	nau-kad-ḵẖudā
نوکرده	naukarda
نوکری	naukarī
نوکفار	nūkfār
نوکیٰ	nauká
نوکیلا	nokīlā
نوگفار	naugufār
نوگند	nogand
نوگواره	nauguwāra
نوگیوش	nūgiyūsh
نول	naul
نول	nol
نولون	naulūn
نوله	nūla
نوم	naum
نومید	naumed
نومیدن	nūmīdan
نومیدی	naumedī
نومیذ	naumeẕ
نون	nūn
نوند	nawand
نونداک	naunadāk
نوندول	nawandūl
نونده	nawanda
نوننده	nūnanda
نونه	nūna
نؤور	na’ūr
نؤوش	na’ūsh
نؤوم	na’ūm
نوه	nauh
نوه	nūh
نویٰ	nawá
نوی	navī
نویان	nūyān
نویب	nuwaib
نوبچ	nawech
نویدگر	nuwed-gar
نویدن	nawīdan
نویده	nawīda
نویساندن	nawīsāndan
نویسه	nuwīsa
نویش	nawīsh
نویشه	nuwīsha
نویص	nawīṣ
نویک	nūyak
نویل	nawīl
نویم	nawīm
نوییدن	nūyīdan
نویین	nūyīn
نه	na
نهاب	nihāb
نهابر	nahābir
نهاة	nuhāt
نهاد	nahād
نهادگی	nihādagī
نهادن	nihādan
نهاده	nihāda
نهادیدن	nahādīdan
نهار	nahār
نهاره	nahāra
نهاری	nahārī
نهاریدن	nahārīdan
نهاز	nihāz
نهازیدن	nihāzīdan
نهاق	nuhāq
نهاکة	nihākat
نهال	nihāl
نهالچه	nihālcha
نهاله	nihāla
نهالی	nahālī
نهامی	nahāmī
نهان	nihān
نهانچه	nihāncha
نهانخانه	nihān-ḵẖāna
نهاندان	nihāndān
نهانی	nihānī
نهانیچه	nihānīcha
نهاوندی	nihāwandī
نهاوندک	nihāwandak
نهاوبدن	nihāwīdan
نهایة	nahāyat
نهب	nahb
نهبانیدن	nuhbānīdan
نهبة	nahbat
نهبت	nuhbat
نهبور	nuhbūr
نهبه	nuhbah
نهبهره	na-bahra
نهبیٰ	nuhbá
نهج	nahj
نهجیز	nahjīz
نهد	nahd
نهر	nahr
نهرواله	nahrwāla
نهروان	nahrawān
نهره	nahra
نهری	nahrī
نهز	nahz
نهس	nahs
نهسان	nihsān
نهستن	nihistan
نهش	nahsh
نهشة	nahshat
نهشتن	nihashtan
نهشل	nahshal
نهض	nahẓ
نهضة	nahẓat
نهفت	nihuft
نهفتگی	nihuftagī
نهفتن	nihuftan
نهفته	nihufta
نهق	nahq
نهک	nahk
نهکة	nahkat
نهل	nahl
نهل	nahal
نهم	nahm
نهم	nuhum
نهمار	nahmār
نهمة	nahmat
نهنبیدن	nihaṃbīdan
نهنبیده	nihaṃbīda
نهنج	nihinj
نهندره	nihandara
نهود	nuhūd
نهودة	nuhūdat
نهوده	nuhūda
نهور	nuhor
نهور	nuhūr
نهوض	nahūẓ
نهی	nahy
نهیبه	nahība
نهیبی	nahībī
نهیبیدن	nahībīdan
نهیة	nuhyat
نهید	nahīd
نهیر	nahīr
نهیق	nahīq
نهیک	nahīk
نهیک	nuh-yak
نهیم	nahīm
نهیو	nihīv
نی	naiy
نیا	niyā
نیاء	niyā’
نیاب	niyāb
نیاح	niyāḥ
نیار	niyār
نیارست	nayārast
نیاری	nayārī
نیاز	niyāz
نیازارم	nayāzāram
نیازک	niyāzik
نیازگار	niyāzgār
نیازمند	niyāzmand
نیازمندی	niyāzmandī
نیازومند	niyāzūmand
نیازی	niyāzī
نیازیان	niyāziyān
نیازیدن	na-yāzīdan
نیازیده	na-yāzīda
نیاط	niyāt̤
نیاطل	nayāt̤il
نیاق	niyāq
نیاقات	niyāqāt
نیاک	naiyāk
نیاگان	niyāgān
نیام	niyām
نیایش	niyāyish
نیایشگری	niyāyishgarī
نیب	naib
نیب	nīb
نیپالی	nepālī
نینة	nīyat
نیچه	naicha
نیدر	naidar
نیدفه	naidafa
نیدل	nīdul
نیدلان	naidulān
نیر	nair
نیرا	nīrā
نیران	nīrān
نیرزة	nairazat
نیرزد	nayarzad
نیرک	nīrak
نیرم	nairam
نیرنج	nīranj
نیرنجات	nīranjāt
نیرنگی	nairangī
نیرنود	nīrnūd
نیرنودی	nīrnūdī
نیروز	nairūz
نیروفر	nīrūfar
نیرومند	nīrūmand
نیرمندی	nīrūmandī
نیرویش	nīrūyish
نیره	nīra
نیرین	naiyirain
نیز	nīz
نیزار	naizār
نیزک	naizak
نیزه	neza
نیژ	nīzh
نیژه	nīzha
نیس	nīs
نیسابور	nīsābūr
نیساری	nīsārī
نیسان	naisān
نیسبه	nīsba
نیست	nīst
نیستان	nayistān
نیسته	nīsta
نیستی	nīstī
نیسو	nīsū
نیسوق	naisūq
نیسون	nīsūn
نیسویا	nīsūyā
نیش	nesh
نیشابور	nīshābūr
نیشاپورک	nīshāpūrak
نیشام	nīshām
نیشان	nīshān
نیشتر	neshtar
نیشتن	nīshtan
نیشک	neshak
نیشکر	nai-shakar
نیشمن	nīshmin
نیشو	nīshū
نیشه	naisha
نیط	nait̤
نیطرون	nait̤arūn
نیطل	net̤al
نیفا	nefā
نیفق	naifaq
نیفه	nefa
نیق	nīq
نیقة	nīqat
نیک	naik
نیک	nek
نیکا	nekā
نیکان	nekān
نیکبخت	nek-baḵẖt
نیکتر	nektar
نیکترین	nektarīn
نیکخواه	nek-ḵẖẉāh
نیکخواهی	nek-ḵẖẉāhī
نیکنام	nek-nām
نیکنامی	nek-nāmī
نیکویان	nekūyān
نیکوئی	neko’ī
نیکی	nekī
نیگوهر	ne-gauhar
نیل	nail
نیل	nīl
نیلاب	nīlāb
نیلپر	nīlupar
نیلج	nīlaj
نیلرام	nīlrām
نیلفر	nīlufar
نیلک	nīlak
نیلگاو	nīl-gāv
نیلگون	nīl-gūn
نیلم	nīlam
نیلوبرگ	nīlūbarg
نیلوفری	nīlūfarī
نیله	nīla
نیلی	nīlī
نیم	nayam
نیم	nīm
نیماد	nīmād
نیمة	nīmat
نیمترک	nīmtark
نیمچه	nīmcha
نیمدار	nīm-dār
نیمروز	nīm-roz
نیملاتوتیا	nīm-lātūtiyā
نیملحظه	nīm-laḥz̤a
نیمن	nayaman
نیمو	nīmū
نیمور	nīmūr
نیمه	nīma
نیناد	nīnād
نینان	nīnān
نینوفر	nainūfar
نینویٰ	nīnawá
نینوی	nīnuwī
نینیا	nīniyā
نیو	nev
نیواد	nevād
نیوار	nīwār
نیواره	newāra
نیوب	nuyūb
نیوباریدن	nayaubārīdan
نیوتش	nīvtash
نیوتور	nīvtūr
نیور	nīwar
نیوراد	nīvrād
نیوساد	niyūsād
نیوش	niyosh
نیوشا	niyoshā
نیوشیده	niyoshīda
نیوشین	niyoshīn
نیوق	nuyūq
نیوک	niyūk
نیوند	nīwand
نیوندیدن	niyūndīdan
نیوه	newa
نیه	naih
نیی	nayī
نییل	nayīl
نئین	na’īn
و	w
و	wa
وا	wā
واٴب	wa’b
وابا	wābā
وابس	wābas
وابستگی	wābastagī
وابط	wābit̤
وابل	wābil
واپس	wāpas
واپور	wāpor
وات	wāt
واتگر	wātgar
واتم	wātam
واتن	wātin
واثق	wās̤iq
واثن	wās̤in
واج	wāj
واجار	wājār
واجب	wājib
واجبات	wājibāt
واجبی	wājibī
واجد	wājid
واجز	wājiz
واجس	wājis
واجف	wājif
واجل	wājil
واحد	wāḥid
واحداً	wāḥid-an
واحدون	wāḥidūn
واحدی	wāḥide
واحف	wāḥif
واخ	wāḵẖ
واختر	wāḵẖtar
واخچی	wāḵẖchī
واخیدن	wāḵẖīdan
واد	wād
واٴد	wa’d
وادار	wādār
وادارنگ	wādārang
وادخ	wādiḵẖ
وادس	wādis
وادع	wādi‘
وادعاً	wādi‘-an
وادق	wādiq
واده	wāda
وادٍ	wād-in
وادیاب	wādiyāb
وادیان	wādyān
وادیج	wādīj
وادیخ	wādīḵẖ
واذارنگ	wāẕārang
واذر	wāẕir
وار	wār
واٴر	wa’r
واران	wārān
وارتگان	wārat-gāh
وارث	wāris̤
وارخ	wāraḵẖ
وارخد	wāraḵẖd
وارد	wārid
واردات	wāridāt
واردان	wārdān
واردن	wārdan
واردین	wārdīn
واردین	wāridīn
وارستادن	wāristādan
وارش	wārish
وارغ	wārag̱ẖ
وارف	wārif
وارف	wāruf
وارق	wāriq
وارقه	wāraqa
وارکار	wārkār
وارم	wāram
وارمین	wārmīn
وارنج	wāranj
وارنگ	wārang
وارنگی	wārangī
وارو	wārū
واروغ	wārūg̱ẖ
وارون	wārūn
واره	wāra
واری	wārī
واریج	wārīj
واریخ	wārīḵẖ
واریدن	wārīdan
وارین	wārīn
وارینه	wārīna
واز	wāz
وازر	wāzir
وازع	wāzi‘
وازغ	wāzag̱ẖ
وازگون	wāzgūn
وازن	wazin
وازنج	wāzinj
وازنیج	wāznīj
وازیج	wāzīj
وازیخ	wāzīḵẖ
وازیدن	wāzīdan
وازیره	wāzīra
وازینج	wāzīnj
واژ	wāzh
واژگون	wāzhgūn
واژون	wāzhūn
واژه	wāzhah
واژیان	wāzhyān
واژیدن	wāzhīdan
واس	wās
واسط	wāsit̤
واسطی	wāst̤e
واسع	wāsi‘
واسق	wāsiq
واسوختگی	wāsoḵẖtagī
واسه	wāsa
واش	wāsh
واشامه	wāshāma
واشج	wāshij
واشجة	wāshijat
واشق	wāshiq
واشکرده	wāshkarda
واشگونه	wāsh-gūna
واشل	wāshil
واشم	wāshim
واشنگ	wāshing
واشه	wāsha
واشی	wāshī
واصب	wāṣib
واصباً	wāṣib-an
واصف	wāṣif
واصفی	wāṣifī
واصفان	wāṣifān
واصل	wāṣil
واصلات	wāṣilāt
واصی	wāṣī
واضح	wāẓiḥ
واضحات	wāẓiḥāt
واضحة	wāẓiḥat
واضع	wāẓi‘
واطد	wāt̤id
واعد	wā‘id
واعدی	wā‘ide
واعر	wā‘ir
واعظ	wā‘iz̤
واعی	wā‘ī
واغل	wāg̱ẖil
واغلطیدن	wā-g̱ẖalt̤īdan
واف	wāf
وافد	wāfid
وافدان	wāfidān
وافر	wāfir
وافراً	wāfir-an
وافی	wāfī
واق	wāq
واقع	wāqi‘
واقعاً	wāqi-‘an
واقعات	wāqi‘āt
واقعی	wāqi‘ī
واقعیة	wāqi‘īyat
واقف	wāqif
واقفیة	waqifīyat
واقواق	wāqwāq
واقه	wāqih
واقی	wāqī
واک	wāk
واکر	wākir
واکز	wākiz
واکظ	wākiz̤
واگون	wāgūn
وال	wāl
واٴل	wa’l
والا	wālā
والاد	wālād
والادگر	wālādgar
والان	wālān
والانه	wālāna
والائی	wālā’ī
والج	wālij
والد	wālid
والدان	wālidān
والدة	wālidat
والع	wāli‘
والغانه	wālg̱ẖāna
والله	wa’llāh
والوچانیدن	wālūchānīdan
واله	wāla
واله	wālih
والی	wālī
والیس	wālīs
والیگری	wālīgarī
وام	wām
وآم	wi’ām
واماندگی	wāmāndagī
وامخواه	wām-ḵẖẉāh
وامدار	wām-dār
وامران	wāmirān
وامستان	wām-satān
وامق	wāmiq
وامی	wāmī
وان	wān
وان	wa-in
وانج	wānj
وانساز	wānsāz
وانسان	wān-sān
وانکونتن	wānkūnitan
وانگرستن	wā-nigaristan
وانی	wānī
واو	wāw
واه	wāh
واها	wā-hā
واهب	wāhib
واهم	wāhim
واهماً	wāhim-an
واهمه	wāhima
واهن	wāhin
واهی	wāhī
واهیات	wāhiyāt
وای	wāy
واٴی	wa’y
وایا	wāyā
وایاوای	wāyāwāy
وایج	wāyij
وائر	wā’ir
وایزک	wāyzak
وایست	wāyist
وایه	wāya
وائی	wā’ī
واییج	wāyīj
واییدن	wāyīdan
وباٴ	waba’
وبار	wabār
وبارای	wabārāy
وباسک	wabāsak
وبال	wabāl
وبالة	wabālat
وبخة	wabḵẖat
وبر	wabr
وبردک	wabardak
وبس	wabs
وبغ	wabg̱ẖ
وبق	wabaq
وبل	wabl
وبلة	wabalat
وبور	wubūr
وبوط	wubūt
وبوق	wubūq
وبول	wubūl
وبه	wabh
وبیص	wabīṣ
وبیل	wabīl
وپارای	wapārāy
وپرش	waprish
وپس	wapas
وت	wat
وتا	watā
وتار	witār
وتائر	watā’ir
وتح	watḥ
وتد	watd
وتر	watr
وتش	watsh
وتک	watak
وتکژ	watkazh
وتگر	watgar
وتن	watn
وتنگ	watang
وتون	wutūn
وتیح	watīḥ
وتین	watīn
وثاب	wis̤āb
وثاجة	was̤ājat
وثار	was̤ār
وثاق	wis̤āq
وثاقة	was̤āqat
وثائق	was̤ā’iq
وثب	was̤b
وثبات	was̤abāt
وثبة	was̤bat
وثج	was̤j
وثر	was̤r
وثغ	was̤g̱ẖ
وثق	was̤q
وثقیٰ	wus̤qá
وثل	was̤al
وثم	was̤m
وثن	was̤an
وثنی	was̤anī
وثوب	wus̤ūb
وثوق	wus̤ūq
وثیب	was̤īb
وثیج	was̤īj
وثیر	was̤īr
وثیق	was̤īq
وثیقة	was̤īqat
وثیل	was̤īl
وثیم	was̤īm
وج	wajj
وجاب	wajāb
وجاح	wajāḥ
وجاذ	wijāẕ
وجارش	wijārish
وجازة	wajāzat
وجاع	wijā‘
وجاعی	wajā‘á
وجال	wijāl
وجاه	wijāh
وجاهاً	wijāh-an
وجاهة	wajāhat
وجب	wajb
وجب	wajab
وجبان	wajabān
وجبة	wajbat
وجد	wajd
وجدان	wajdān
وجدة	wijdat
وجذ	wajẕ
وجر	wajr
وجر	wajar
وجرگر	wajargar
وجز	wajz
وجس	wajs
وجع	waja‘
وجعیٰ	waj‘á
وجف	wajf
وجل	wajl
وجم	wajm
وجمة	wajāmat
وجن	wajn
وجنات	wajnāt
وجنک	wajnak
وجوب	wujūb
وجوبة	wujūbat
وجود	wujūd
وجور	wajūr
وجوز	wujūz
وجوف	wujūf
وجوم	wujūm
وجوه	wujūh
وجه	wajh
وجها	wajhā
وجهة	wijhat
وجی	wajá
وجیب	wajīb
وجیح	wajīḥ
وجیز	wajīz
وجیع	wajī‘
وجیعه	wajī‘a
وجیم	wajīm
وجین	wajīn
وجیه	wajīh
وچر	wachar
وچرگر	wachargar
وح	waḥḥ
وحاد	wuḥād
وحادة	waḥādat
وحاف	wiḥaf
وحال	waḥāl
وحد	waḥd
وحدان	wuḥdān
وحدانی	waḥdānī
وحدانیة	waḥdānīyat
وحدة	waḥdat
وحده	waḥda
وحر	waḥr
وحش	waḥsh
وحشان	waḥshān
وحشة	waḥshat
وحشتناک	waḥshat-nāk
وحشی	waḥshī
وحشیة	waḥshīyat
وحل	waḥl
وحم	waḥm
وحمیٰ	waḥmá
وحواح	waḥwāḥ
وحود	wuḥūd
وحوش	wuḥūsh
وحوفة	wuḥūfat
وحول	wuḥūl
وحی	waḥy
وحید	waḥīd
وحیدةً	waḥidat-an
وحیم	waḥīm
وخام	waḵẖām
وخامة	waḵẖāmat
وخچی	waḵẖchī
وخد	waḵẖd
وخر	waḵẖar
وخز	waḵẖz
وخش	waḵẖsh
وخشت	waḵẖshat
وخشی	waḵẖshī
وخشیرک	waḵẖshīrak
وخشینه	waḵẖshīna
وخض	waḵẖẓ
وخط	waḵẖt̤
وخف	waḵẖf
وخم	waḵẖm
وخمه	waḵẖma
وخوم	waḵẖūm
وخومة	wuḵẖūmat
وخی	waḵẖy
وخیض	waḵẖīẓ
وخیفة	waḵẖīfat
وخیم	waḵẖīm
ود	wad
ود	wadd
وداج	widāj
وداعی	widā‘ī
وداغ	wadāg̱ẖ
وداق	widāq
ودان	widān
ودائع	wadā’i‘
ودج	wadj
ودجان	wadajān
ودح	wadḥ
ودخین	wadḵẖīn
ودداء	wudadā’
ودرستان	wadarastān
ودس	wads
ودص	wadṣ
ودع	wad‘
ودف	wadf
ودق	wadq
ودک	wadak
ودن	wadn
ودوت	wadūt
ودود	wadūd
ودوق	wadūq
ودوک	wadūk
ودی	wady
ودید	wadīd
ودیع	wadī‘
ودیعة	wadī‘at
ودیف	wadīf
ودیق	wadīq
ودیک	wadīk
ودین	wadīn
وذاٴ	waẕ’
وذام	wiẕām
وذائل	waẕā’il
وذائم	waẕā’im
وذح	waẕḥ
وذر	waẕr
وذیة	waẕyat
وذیمة	waẕīmat
ور	war
ورا	wa-rā
ورا	warā
وراثة	wirās̤at
وراد	wirād
ورادة	warādat
وراستاد	warāstād
وراط	wirāt̤
وراطة	wirat̤at
وراع	warā‘
وراغ	warāg̱ẖ
وراق	warāq
وراقة	wirāqat
وراک	wirāk
ورام	warām
ورانبر	warāṃbar
ورانیة	warāniyat
ورایا	warāyā
ورائد	warā’id
ورب	warb
ورتا	wartā
ورتاج	wartāj
ورتج	wartaj
ورتیج	wartīj
ورتسیدن	wartasīdan
ورث	wars̤
ورج	warj
ورجستگی	warjastagī
ورجی	warjī
ورچه	warchi
ورخ	warḵẖ
ورخ	waraḵẖ
ورخج	waraḵẖj
ورخچی	waraḵẖchī
ورخش	warḵẖash
ورخوردن	war-ḵẖẉurdan
ورد	ward
ورد	wird
وردان	wardān
وردانه	wardāna
وردة	wardat
وردک	wardak
وردنه	wardana
وردوک	wardūk
ورده	warda
وردی	wardī
وردیج	wardīj
ورز	warz
ورزاو	warzāv
ورزد	warzad
ورزرود	warzrod
ورزش	warzish
ورزکن	warzkun
ورزگاو	warz-gāv
ورزگر	warzgar
ورزگن	warzagan
ورزم	warazm
ورزند	warzand
ورزه	warza
ورزی	warzī
ورزیدن	warzīdan
ورزیده	warzīda
ورژ	warazh
ورس	wars
ورس	wirs
ورسا	warsā
ورساخیدن	warsāḵẖīdan
ورساز	warsāz
ورسایل	warsāyil
ورستاد	warastād
ورسن	warsan
ورسنگ	warsang
ورسیج	warsīj
ورش	warsh
ورش	warash
ورشاد	warashād
ورشان	wirshān
ورشان	warashān
ورشتاد	warashtād
ورشتن	warashtan
ورشک	warshak
ورشکست	warshakast
ورشکستگی	warshikastagī
ورشنان	warashnān
ورشیم	warshīm
ورطوری	wart̤ūrī
ورغا	warg̱ẖā
ورغست	warg̱ẖast
ورغشت	warg̱ẖasht
ورغلانیدگی	warg̱ẖalānīdagī
ورغن	warg̱ẖan
ورف	warf
ورفان	warrafān
ورق	warq
ورقاء	warqā’
ورقه	warqa
ورقی	waraqe
ورک	wark
ورک	warak
ورکا	warkā
ورکاء	warkā’
ورکار	warkār
ورکاک	warkāk
ورکاکوج	warkākūj
ورکانه	warkāna
ورکتا	warkatā
ورکک	warkak
ورکو	warko
ورگا	wargā
ورگار	wargār
ورگاه	wargāh
ورگوش	wargosh
ورگه	wargah
ورل	waral
ورلاس	warlās
ورم	waram
ورماندگی	warmāndagī
ورمن	warman
ورناس	wurnās
ورناک	wirnāk
ورنة	warnat
ورنج	waranj
ورنجن	waranjan
ورنجه	waranja
ورند	warand
ورنداز	warandāz
ورنگ	warang
ورنوش	warnūsh
وروار	warwār
ورود	wurūd
ورودة	wurūdat
وروره	warwara
وروش	wurūsh
وروغ	wurog̱ẖ
وروک	wurūk
وره	warah
ورهم	warham
ورهمین	warhamīn
وری	wary
وریا	waryā
وریب	warīb
ورید	warīd
وریز	wirīz
وریس	warīs
وریستاد	warīstād
وریع	warī‘
وریغ	warīg̱ẖ
وریف	warīf
وریق	warīq
وز	waz
وز	wazz
وزارتخانه	wizārat-ḵẖāna
وزاغ	wizāg̱ẖ
وزان	wazān
وزان	wizān
وزانة	wazānat
وزراء	wuzarā’
وزرانتن	wazrānitan
وزرگ	wuzurg
وزش	wazish
وزع	waz‘
وزغ	wazag̱ẖ
وزغان	wizg̱ẖān
وزغشت	wazg̱ẖasht
وزق	wazaq
وزک	wazak
وزم	wazm
وزمه	wazma
وزن	wazn
وزن	wazan
وزندار	wazn-dār
وزنگ	wazang
وزنه	wazna
وزنی	waznī
وزواز	wazwāz
وزوع	wazū‘
وزون	wuzūn
وزیدن	wazīdan
وزیدنگاه	wazīdan-gāh
وزیر	wazer
وزیر	wazīr
وزیری	wazīrī
وزیف	wazīf
وزیم	wazīm
وزین	wazīn
وژ	wazh
وژخ	wazhḵẖ
وژده	wazhda
وژن	wazhan
وژنگ	wazhang
وژل	wazhal
وژنین	wazhnīn
وژول	wuzhūl
وژولنده	wuzhūlanda
وژولیدن	wuzhūlīdan
وژوه	wazhūh
وژه	wazha
وژیدن	wazhīdan
وس	was
وساد	wisād
وساطة	wasāt̤at
وساع	wasā‘
وساعة	wasā‘at
وساق	wisāq
وسام	wasām
وساوس	wasāwis
وسائد	wasā’id
وسائط	wasā’it̤
وسائل	wasā’il
وسب	wasb
وستا	wastā
وستازند	wastāzand
وستان	wastān
وستی	wastī
وسخ	wasaḵẖ
وسخناک	wasaḵẖnāk
وسد	wusud
وسد	wussad
وسط	wast̤
وسطیٰ	wust̤á
وسعة	wus‘at
وسفاد	wisfād
وسق	wasq
وسم	wasm
وسماء	wusamā’
وسمی	wasmī
وسن	wasan
وسنا	wasnā
وسنان	wasnān
وسنگ	wasang
وسو	wusū
وسواس	waswās
وسواسی	waswāsī
وسوط	wasūt̤
وسوق	wusūq
وسوم	wusūm
وسه	wasa
وسیج	wasīj
وسیط	wasīt̤
وسیع	wasī‘
وسیل	wasīl
وسیم	wasīm
وش	wash
وشاء	washā’
وشاة	wushāt
وشادن	wishādan
وشاق	wishāq
وشاک	wishāk
وشام	wishām
وشانی	washānī
وشایات	wishāyāt
وشایة	wishāyat
وشائح	washā’iḥ
وشائظ	washā’iz̤
وشائع	wasḥā’i‘
وشت	washt
وشتا	washtā
وشتمونتن	washtamūnitan
وشتن	washtan
وشتی	washtī
وشتیدن	washtīdan
وشج	washj
وشر	washr
وشرک	washrak
وشز	washaz
وشظ	washz̤
وشع	wash‘
وشغ	washg̱ẖ
وشفنگ	washfang
وشق	washq
وشقدار	washaq-dār
وشک	wushk
وشکدانه	wushk-dāna
وشکردن	washkardan
وشکردیدن	washkardīdan
وشکل	wishkal
وشکله	washkila
وشکلیدن	washkulīdan
وشکنه	washkana
وشکولیدن	washkūlīdan
وشگله	washgala
وشل	washl
وشلان	washalān
وشم	washm
وشمک	washmak
وشمگیر	wushm-gīr
وشممونتن	washmamūnitan
وشن	washn
وشناب	wishnāb
وشناد	washnād
وشنگ	washang
وشنه	washna
وشنی	washnī
وشواش	washwāsh
وشوشی	washwashī
وشوع	washū‘
وشوق	washūq
وشول	washūl
وشوم	wushūm
وشوی	washawī
وشه	wusha
وشی	washy
وشیان	washyān
وشیج	washīj
وشیظ	washīz̤
وشیع	washī‘
وشیق	washīq
وشینه	washīna
وشیه	washya
وصاب	wiṣāb
وصاة	waṣāt
وصاف	waṣṣāf
وصافة	waṣāfat
وصافی	waṣṣāfī
وصال	wiṣāl
وصاله	waṣṣāla
وصالی	waṣṣālī
وصاوص	waṣāwiṣ
وصایا	waṣāyā
وصایة	waṣāyat
وصائف	waṣā’if
وصائل	waṣā’il
وصب	waṣb
وصد	wuṣud
وصر	wiṣr
وصع	waṣ‘
وصف	waṣf
وصفاء	wuṣafā’
وصل	waṣl
وصلة	waṣlat
وصله	waṣla
وصلی	waṣlī
وصم	waṣm
وصمة	waṣmat
وصواص	waṣwāṣ
وصوب	wuṣūb
وصوص	waṣwaṣ
وصول	wuṣūl
وصولی	wuṣūlī
وصوم	wuṣūm
وصی	waṣy
وصیة	waṣīyat
وصید	waṣīd
وصیدة	waṣīdat
وصیرة	waṣīrat
وصیع	waṣī‘
وصیف	waṣīf
وصیل	waṣīl
وصیلة	waṣīlat
وضاءة	waẓā’at
وضاح	waẓāḥ
وضاع	waẓẓā‘
وضاعة	waẓā‘at
وضائع	waẓā’i‘
وضر	waẓar
وضع	waẓ‘
وضعی	waẓ‘ī
وضم	waẓm
وضن	waẓn
وضوح	wuẓūḥ
وضوخ	waẓūḵẖ
وضؤ	waẓū’
وضیح	waẓīḥ
وضیع	waẓī‘
وضیعة	waẓī‘at
وضیعی	waẓī‘ī
وضیمة	waẓīmat
وضین	waẓīn
وضیئ	waẓī’
وطاٴ	wat̤’
وطاءة	wat̤ā’at
وطاٴة	wat̤’at
وطاس	wat̤t̤ās
وطائد	wat̤ā’id
وطب	wat̤b
وطث	wat̤s̤
وطح	wat̤aḥ
وطر	wat̤ar
وطس	wat̤s
وطف	wat̤f
وطن	wat̤n
وطنگاه	wat̤an-gāh
وطنی	wat̤anī
وطواط	wat̤wāt̤
وطی	wat̤ī
وطید	wat̤īd
وطیس	wat̤īs
وطیئة	wat̤ī’at
وظائف	waz̤ā’if
وظف	waz̤f
وظوب	wuz̤ūb
وظیف	waz̤īf
وعاظ	wu‘‘āz̤
وعاق	wu‘āq
وعث	wa‘s̤
وعثاء	wa‘s̤ā’
وعد	wa‘d
وعر	wa‘r
وعز	wa‘z
وعساء	wa‘sā’
وعظ	wa‘z̤
وعق	wa‘q
وعقة	wa‘qat
وعک	wa‘k
وعل	wa‘l
وعم	wa‘m
وعواع	wa‘wā‘
وعور	wu‘ūr
وعورة	wu‘ūrat
وعوع	wa‘wa‘
وعول	wu‘ūl
وعی	wa‘y
وعید	wa‘īd
وعیر	wa‘īr
وغ	wag̱ẖ
وغاب	wig̱ẖāb
وغب	wag̱ẖb
وغد	wag̱ẖd
وغر	wag̱ẖr
وغزن	wug̱ẖzun
وغست	wag̱ẖast
وغستن	wag̱ẖastan
وغف	wag̱ẖf
وغل	wag̱ẖl
وغم	wag̱ẖm
وغوغ	wag̱ẖwag̱ẖ
وغول	wug̱ẖūl
وغیج	wag̱ẖīj
وغیره	wa-g̱ẖairu-hu
وغیش	wag̱ẖesh
وفاء	wafā’
وفاة	wafāt
وفاداری	wafādārī
وفادة	wifādat
وفارة	wafārat
وفاز	wifāz
وفاض	wifāẓ
وفاق	wifāq
وفاهة	wafāhat
وفائی	wafā’ī
وفتوک	waftūk
وفد	wafd
وفر	wafr
وفرة	wafrat
وفره	wafra
وفق	wafq
وفود	wufūd
وفور	wufūr
وفه	wafh
وفهیة	wafhīyat
وفی	wafī
وفیق	wafīq
وقاح	waqāḥ
وقاحة	waqāḥat
وقاد	wiqād
وقار	waqār
وقارة	waqārat
وقاع	wiqā‘
وقاف	waqqāf
وقایا	waqāyā
وقائع	waqā’i‘
وقایه	waqāya
وقب	waqb
وقت	waqt
وقتاً	waqt-an
وقتها	waqt-hā
وقتئذٍ	waqta’iẕ-in
وقدان	waqdān
وقذ	waqẕ
وقر	waqr
وقره	waqra
وقریٰ	waqrá
وقس	waqs
وقش	waqsh
وقص	waqṣ
وقط	waqt̤
وقطان	wiqt̤ān
وقع	waq‘
وقعات	waqa‘āt
وقف	waqf
وقفی	waqfī
وقل	waql
وقل	wuql
وقلة	waqlat
وقم	waqm
وقواق	waqwāq
وفوب	wuqūb
وقوحة	wuqūḥat
وقود	waqūd
وقور	waqūr
وقورة	wuqūrat
وقوع	wuqū‘
وقوعی	wuqū‘ī
وقوف	wuqūf
وقوفیة	wuqūfīyat
وقهة	waqhat
وقی	waqy
وقیح	waqīḥ
وقید	waqīd
وقیذ	waqīẕ
وقیر	waqīr
وقیص	waqīṣ
وقیط	waqīt̤
وقیع	waqī‘
وک	wak
وکاٴ	wak’
وکاب	wakkāb
وکاد	wikād
وکال	wikāl
وکانا	wakāna
وکائد	wakā’id
وکب	wakb
وکته	wukta
وکد	wakd
وکده	wakada
وکر	wakr
وکز	wakz
وکس	waks
وکشک	wakshak
وکظ	wakz̤
وکع	wak‘
وکعاء	wak‘ā’
وکف	wakf
وکل	wakl
وکلاء	wukalā’
وکم	wakm
وکن	wakn
وکواک	wakwāk
وکوب	wakūb
وکود	wuqūd
وکور	wukūr
وکوف	wakūf
وکوک	wakwak
وکول	wukūl
وکون	wukūn
وکیع	wakī‘
وکیف	wakīf
وکیل	wakīl
وکیلی	wakīlī
وگال	wugāl
وگر	wagar
ول	wal
ولاء	walā’
ولاءة	walā’at
ولاة	wulāt
ولاج	wallāj
ولاد	walād
ولاد	wilād
ولاده	wilāda
ولاس	wallās
ولاف	wilāf
ولانی	wulānī
ولاو	wilāv
ولایا	walāyā
ولایة	walāyat
ولایتی	wilāyatī
ولائد	walā’id
ولث	wals̤
ولج	walaj
ولجة	walajat
ولخ	walaḵẖ
ولدان	waladān
ولع	wal‘
ولغونه	wulg̱ẖūna
ولق	walq
ولمشک	walmashk
ولوال	walwāl
ولوالی	walwālī
ولوب	wulūb
ولوج	wulūj
ولود	walūd
ولودة	wulūdat
ولودیة	walūdīyat
ولوسیپد	wĕlosīpĕd
ولوع	walū‘
وله	walah
ولهان	walhān
ولی	walīy
ولی	wale
ولیة	walīyat
ولیج	walīj
ولیح	walīḥ
ولید	walīd
ولیدة	walīdat
ولیس	walīs
ولیع	walī‘
ولیف	walīf
ولیک	wa-lek
ولیمة	walīmat
ولین	wilīn
ولینعمتی	walī-ni‘matī
وماٴ	wam’
ومد	wamad
ومدة	wamadat
ومر	wamar
ومض	wamẓ
ومق	wamq
ومیدن	wamīdan
ومیض	wamīẓ
ون	wan
ونا	wanā
وناء	wanā’
ونانه	wanāna
ونج	wanj
ونج	wanaj
ونجنک	wanjnak
وند	wand
وندا	wandā
وندانه	wan-dāna
وندسار	wandsār
وندک	wanadik
ونده	wanda
وندیداد	wandīdād
وندیدن	wandīdan
ونژد	wan-zhad
ونسن	winsĕn
ونک	wanak
ونکول	wankūl
ونکه	wanki
ونمشک	wanmashk
وننگ	wanang
ونیزد	wanīzad
ونیژه	wanīzha
ونیس	wĕnīs
ونیم	wanīm
ووا	wawā
وه	wah
وهاب	wahhāb
وهابی	wahhābī
وهابیة	wahhābīyat
وهاج	wahhāj
وهاد	wihād
وهافة	wihāfat
وهام	wahhām
وهب	wahb
وهبی	wahbī
وهج	wahj
وهد	wahd
وهر	wahr
وهز	wahz
وهس	wahs
وهشت	wahshat
وهص	wahṣ
وهط	waht̤
وهف	wahf
وهفت	wahift
وهل	wahl
وهل	wuhl
وهم	wahm
وهمد	wahmad
وهمناک	wahmnāk
وهمنش	wahmanish
وهمی	wahmī
وهمیات	wahmīyāt
وهمیدن	wahmīdan
وهن	wahn
وهنگ	wihang
وهوب	wahūb
وهوم	wuhūm
وهی	wahy
وهیج	wahīj
وهیف	wahīf
وی	wai
ویب	waib
ویجک	wījak
ویح	waiḥ
ویدانک	wedānak
ویدستر	wīdastar
ویدی	wīdī
ویدیدن	waidīdan
ویذی	wīẕī
ویر	wīr
ویرا	wai-rā
ویراف	wīrāf
ویرج	wīraj
ویردی	wīrdī
ویرو	wīrū
ویرویر	wīrwīr
ویره	waira
ویری	wīrī
ویژ	wezh
ویژش	wezhish
ویژگان	wezhagān
ویژه	wezha
ویژگی	wezhagī
ویژیلان	wīzhīlān
ویژیدن	wezhīdan
ویس	wais
ویس	wīs
ویستول	wīstūl
ویسه	wīsa
ویش	wesh
ویشانیدن	wīshānīdan
ویشل	waishal
ویشه	wesha
ویشیدن	weshīdan
ویشیده	weshīda
ویک	wīk
ویکان	waikān
ویل	wail
ویلان	welān
ویلانج	wailānj
ویلاها	wīllā-hā
ویله	wīla
ویم	wīm
وین	wīn
ویند	wīnad
ویندانک	wenadānak
ویه	waih
ویهند	waihand
وئید	wa’īd
وییس	wiyīs
ه	h
ها	hā
هابر	hābir
هابش	hābish
هابط	hābit̤
هابیغی	hābīg̱ẖī
هابیل	hābīl
هات	hāti
هاتف	hātif
هاتل	hātil
هاتی	hātī
هاجر	hājar
هاجرة	hājirat
هاجری	hājirī
هاجس	hājis
هاجع	hāji‘
هاجن	hājin
هاجی	hājī
هاچانیدن	hāchānīdan
هاچیدن	hāchīdan
هاختور	hāḵẖtūr
هاد	hadd
هادخت	hāduḵẖt
هادر	hādir
هادل	hādil
هادم	hādim
هادوری	hādūrī
هادوریان	hādūriyān
هادی	hādī
هاذا	hāẕā
هاذل	hāẕil
هار	hār
هارپ	hārp
هاران	hārān
هارب	hārib
هارد	hārad
هارش	hārish
هارم	hārim
هارو	hārū
هاروت	hārūt
هاروتی	hārūte
هارون	hārūn
هارونی	hārūne
هارونیدن	hārūnīdan
هاری	hārī
هاز	hāz
هاز	hāzz
هازل	hāzil
هازم	hāzim
هازیا	hāziyā
هاژ	hāzh
هاژو	hāzhū
هاژوییدن	hāzhūyīdan
هاژه	hāzha
هاژیدن	hāzhīdan
هاس	hās
هاشم	hāshim
هاضب	hāẓib
هاضم	hāẓim
هاضوم	hāẓūm
هاطل	hāt̤il
هافی	hāfī
هاقل	hāqil
هاک	hāk
هاک	hāka
هاکره	hākra
هاکول	hākūl
هال	hāl
هالع	hāli‘
هالک	hālik
هالکی	hālikī
هالوجین	hālūjīn
هالوک	hālūk
هاله	hāla
هامال	hāmāl
هامان	hāmān
هاماور	hāmāwar
هامة	hāmat
هامد	hāmid
هامر	hāmir
هامراه	hām-rāh
هامرز	hāmarz
هامز	hāmiz
هامش	hāmish
هامل	hāmil
هاملة	hāmilat
هامن	hāmun
هاموار	hāmwār
هاموم	hāmūm
هامون	hāmūn
هامی	hāmī
هامیان	hāmyān
هان	hān
هانجتور	hānjtūr
هانع	hāni‘
هانه	hāna
هانی	hānī
هاو	hāv
هاوش	hāwush
هاون	hāwan
هاوون	hāwūn
هاوهاو	hāv-hāv
هاوی	hāwī
هاهنا	hāhunā
های	hāy
هایاهای	hāyāhāy
هایاهوی	hāyāhūy
هائب	hā’ib
هائج	hā’ij
هائد	hā’id
هائع	hā’i‘
هائف	hā’if
هائل	hā’il
هائم	hā’im
هائنه	hā’ina
هایهات	hāyahāt
هایهائی	hāyihā’ī
هائینه	hā’īna
هب	hib
هب	hab
هباب	hibāb
هباة	habāt
هبات	hibāt
هبار	habbār
هباش	habbāsh
هباع	hibā‘
هباک	habāk
هبال	habāl
هبالة	habālat
هبب	hibab
هبة	hibat
هبت	habt
هبتة	habtat
هبد	habd
هبد	habad
هبر	habr
هبر	habar
هبرزی	hibrizī
هبرون	habrūn
هبش	habsh
هبص	habaṣ
هبصیٰ	habaṣá
هبط	habt̤
هبع	haba‘
هبک	habak
هبل	habal
هبلات	hubalāt
هبنک	habannak
هبو	habw
هبوب	habūb
هبود	habbūd
هبور	habūr
هبوط	habūt̤
هبوغ	hubūg̱ẖ
هبول	habūl
هبون	habūn
هبه	hiba
هبهاب	habhāb
هبهبی	habhabī
هبیب	habīb
هبید	habīd
هبیر	habīr
هبیط	habīt̤
هبیل	habīl
هبیون	habyūn
هپاک	hapāk
هپد	hapad
هپر	hapar
هپو	hapū
هپیون	hapyūn
هت	hatt
هتاٴ	hata’
هتات	hattāt
هتاف	hutāf
هتاک	hattāk
هٰتان	hātān
هتر	hatr
هترة	hatrat
هتشه	hatsha
هتف	hatf
هتک	hatk
هتل	hatl
هتم	hatm
هتماء	hatmā’
هتن	hatn
هتوف	hatūf
هتول	hutūl
هتون	hatūn
هتهات	hathāt
هتیان	hatayān
هتیکة	hatīkat
هث	has̤s̤
هثاث	has̤s̤ās̤
هثم	has̤m
هج	haj
هجاة	hajāt
هجار	hijār
هجارس	hajāris
هجاع	hajā‘
هجال	hijāl
هجان	hijān
هجانة	hajānat
هجاور	hajāwar
هجائن	hajā’in
هجائی	hijā’ī
هجد	hujjad
هجده	hajdah
هجدهم	hajdahum
هجر	hajr
هجران	hijrān
هجرة	hajrat
هجرس	hijris
هجری	hijrī
هجس	hajs
هجع	hujja‘
هجعة	haj‘at
هجف	hajaf
هجل	hajl
هجم	hajm
هجمة	hajmat
هجن	hajn
هجناء	hujanā’
هجنة	hujnat
هجند	hajand
هجنم	hajnam
هجود	hajūd
هجور	hujūr
هجوع	hujū‘
هجول	hajūl
هجوم	hajūm
هجونة	hujūnat
هجوی	hajwī
هجویات	hajwīyāt
هجویر	hujawīr
هجویری	hujawīrī
هجهج	hajhaj
هجی	hajī
هجیج	hajīj
هجید	hajed
هجیدن	hajīdan
هجیر	hajīr
هجیرة	hajīrat
هجیع	hajī‘
هجیل	hajīl
هجین	hajīn
هچکارا	hichkārā
هچیدن	hachīdan
هد	had
هد	hadd
هدآء	hidā’
هدابد	hudābid
هداة	hudāt
هدار	hadār
هدال	hadāl
هدان	hidān
هدانة	hudānat
هداهد	hadāhid
هدایا	hadāyā
هدایة	hidāyat
هدب	hadb
هدبد	hudabid
هدبه	hadba
هدة	haddat
هدجان	hadajān
هدد	hadad
هدس	hads
هدف	hadf
هدکیر	hadkīr
هدل	hadl
هدلاء	hadlā’
هدم	hadm
هدمان	hadmān
هدمة	hadmat
هدن	hidn
هدنة	hadnat
هدنج	hadanj
هدود	hadūd
هدون	hudūn
هده	ḥuda
هدهاد	hadhād
هدهد	hadhad
هدی	hadī
هدی	hady
هدید	hadīd
هدیر	hadīr
هدیل	hadīl
هدینه	hadīna
هذ	haẕẕ
هٰذا	hāẕā
هذاذ	haẕāẕ
هذار	haẕẕār
هذاریف	haẕārīf
هذاف	haẕẕāf
هٰذاک	hāẕāka
هذالیل	haẕālīl
هذام	huẕām
هٰذان	hāẕāni
هذب	haẕb
هذذ	haẕaẕ
هذر	haẕr
هذرفة	haẕrafat
هذروف	huẕrūf
هذف	haẕif
هذق	haẕq
هذلول	huẕlūl
هذلی	huẕalī
هذم	haẕm
هذو	haẕw
هذوذ	haẕūẕ
هذوف	huẕūf
هذه	hāẕihi
هذی	haẕy
هذیان	haẕayān
هذیل	huẕail
هر	har
هر	harr
هرا	harā
هراء	harrā’
هراب	hurrāb
هرابذة	harābiẕat
هرات	hirāt
هراده	hirāda
هراتقی	harātiqī
هرار	hirār
هرارة	harrārat
هرارش	hirārish
هراس	harās
هراس	harrās
هراسا	hirāsā
هراسان	hirāsān
هراسندگان	hirāsandagān
هراسیده	hirāsīda
هراش	harāsh
هرشیدن	harashīdan
هراقة	hirāqat
هراک	harāk
هرام	hirām
هرامیل	harāmīl
هرانی	harānī
هرانید	harānīd
هراول	harāwal
هراهر	hirāhir
هرای	harāy
هرآیند	harāyand
هرآئنه	har-ā’ina
هرب	hurb
هربابی	harbābī
هرباس	harbās
هربان	harbān
هربد	hirbad
هربذ	hirbiẕ
هربنگ	hurbang
هربه	harba
هرت	hart
هرتاسپ	hartāsp
هرتوز	hartūz
هرته	harta
هرج	harj
هرجائی	harjā’ī
هرچ	harch
هرد	hard
هرد	harad
هردا	hardā
هرداء	hirdā’
هردل	hardal
هردفور	hardafūr
هردود	hardūd
هردوم	hardūm
هردیٰ	hirdá
هرر	hirar
هرز	harz
هرزجه	harzaja
هرزوات	harzawāt
هرزگی	harzagī
هرزه	harza
هرزید	harzīd
هرژفدک	harzhafdak
هرس	hars
هرش	hirsh
هرشفه	hirshiffa
هرشه	harsha
هرص	haraṣ
هرط	hart̤
هرطال	hirt̤āl
هرطة	hirt̤at
هرع	hara‘
هرف	harf
هرفولیون	harfūliyūn
هرق	hirq
هرقلوس	harqalūs
هرگ	hurg
هرگز	hargiz
هرگزی	hargizī
هرگله	hargala
هرم	harm
هرماس	hirmās
هرماس	hurmās
هرمان	harumān
هرمان	hurmān
هرمز	hurmuz
هرمزد	hurmuzd
هرمزده	hurmizda
هرمزی	hurmuzī
هرمس	hurmus
هرمسة	harmasat
هرمن	harman
هرموز	hurmūz
هرمول	hurmūl
هرمیٰ	harmá
هرند	hirand
هرنوت	harnūt
هرنوه	harnuwa
هرنیز	hirnīz
هرنیه	harniya
هرو	harv
هرو	harw
هروانگه	harwānagah
هروانه	harwāna
هروتوم	harotom
هرور	hurūr
هروط	hurūt̤
هروک	harwak
هروکیدن	hurūkīdan
هرول	hirwul
هروم	harūm
هروهل	harwahal
هروی	hirawī
هره	hurra
هرهر	harhar
هری	harī
هریار	haryār
هریت	harīt
هریر	harer
هریر	harīr
هریس	harīs
هریصة	harīsat
هریع	harī‘
هرین	hurīn
هریو	hirev
هریوه	hirewa
هز	hiz
هز	hazz
هزابر	hazābir
هزار	hazār
هزارا	hazārā
هزاران	hazārān
هزارسفند	hazār-isfand
هزاره	hazāra
هزاری	hazārī
هزارینه	hazārīna
هزار	hizāz
هزان	hizzān
هزاهز	hazāhiz
هزائم	hazā’im
هزبر	hizabr
هزبرانه	hizabrāna
هزبری	hizabrī
هزبه	huzba
هزة	hizzat
هزج	hazaj
هزد	hazad
هزر	hazr
هزرات	hazarāt
هزف	hazf
هزق	hazaq
هزل	hazl
هزلاً	hazl-an
هزلیات	hazlīyāt
هزم	hazm
هزم	hizam
هزمان	hazmān
هزنوغ	huznūg̱ẖ
هزو	hazw
هزو	hazū
هزوان	hazwān
هزوع	huzū‘
هزوم	hazūm
هزهاز	hazhāz
هزهز	huzhuz
هزیز	hazīz
هزیع	hazī‘
هزیل	hazīl
هزیم	hazīm
هزیمة	hazīmat
هزیمتی	hazīmatī
هزینه	hazīna
هژده	hazhdah
هژهار	hazhhār
هژیدن	hazhīdan
هژینه	hazhīna
هساد	hisād
هساهس	hasāhis
هسب	hasb
هسبت	hasbat
هست	hast
هستان	hastān
هستبر	hastabr
هستره	hastara
هستن	hastan
هستو	hastū
هستودان	hastūdān
هستور	hastwar
هسته	hasta
هستی	hastī
هستیدن	hastīdan
هسد	hasad
هسر	hasar
هسرة	husrat
هسهاس	hasˌhās
هسیر	hasīr
هش	hash
هش	hashsh
هشاش	hashāsh
هشام	hishām
هشپلک	hushpulak
هشت	hasht
هشتاد	hashtād
هشتادم	hashtādum
هشتده	hashtdah
هشتدهان	hashtdahān
هشتدهم	hashtdahum
هشتصد	hasht-ṣad
هشتگان	hashtagān
هشتم	hashtum
هشتمی	hashtumī
هشتن	hishtan
هشتویش	hashtiwesh
هشته	hishta
هشتیدن	hashtīdan
هشدار	hush-dār
هشده	hashdah
هشستن	hashistan
هشفیفل	hashfīful
هشم	hashm
هشن	hashan
هشنگ	hashang
هشو	hashū
هشوار	hushwār
هشوش	hashūsh
هشومند	hushūmand
هشونش	hashūnash
هشیار	hushyār
هشیاری	hushyārī
هشیدن	hishīdan
هشیش	hashīsh
هشیله	hashīla
هشیم	hashīm
هص	haṣṣ
هصار	haṣṣār
هصر	haṣr
هصم	haṣm
هصهص	huṣhuṣ
هصیص	haṣīṣ
هض	haẓẓ
هضاب	hiẓāb
هضاض	haẓẓāẓ
هضام	haẓẓām
هضائم	haẓā’im
هضب	haẓb
هضبة	haẓbat
هضم	haẓm
هضمی	haẓmī
هضوم	haẓūm
هضیض	haẓīẓ
هضیم	haẓīm
هضیمة	haẓīmat
هضیمی	haẓīmī
هطال	hat̤t̤āl
هطع	hat̤‘
هطل	hat̤l
هطلان	hat̤alān
هطوع	hut̤ū‘
هف	haf
هف	haff
هفات	hafāt
هفاف	haffāf
هفة	hiffat
هفت	haft
هفتاد	haftād
هفتادم	haftādum
هفتده	haftdah
هفتدهم	haftdahum
هفتصد	haft-ṣad
هفتق	haftaq
هفتک	haftak
هفتگانه	haftgāna
هفتم	haftum
هفتمین	haftumīn
هفتوانه	haftwāna
هفتوت	haftūt
هفته	hafta
هفجوش	hafjosh
هفدانه	hafdāna
هفده	hafdah
هفدهم	hafdahum
هفن	hufn
هفو	hafw
هفوة	hafwat
هفوش	hafwash
هفهف	hafhaf
هفیف	hafīf
هقاع	huqā‘
هقعة	haq‘at
هقل	hiql
هقم	haqam
هک	hak
هک	hakk
هکاع	hukā‘
هکاعی	hukā‘ī
هکچه	hukcha
هٰکذا	hākaẕā
هکرز	hakirz
هکری	hukrī
هکک	hikak
هکل	hukal
هکم	hakim
هکوع	hukū‘
هکوی	hakwī
هکه	hika
هکهک	hukhuk
هکیک	hakīk
هگاه	hagāh
هگل	hagal
هل	hal
هل	hil
هلا	halā
هلاب	hallāb
هلاث	hulās̤
هلاج	hilāj
هلاجین	halājīn
هلاس	hulās
هلاشم	halāsham
هلاک	halāk
هلاکة	halākat
هلاکو	halākū
هلاکی	halākī
هلالوس	hilālūs
هلالوش	halālūsh
هلالی	hilālī
هلانیدن	hilānīdan
هلاهل	halāhil
هلاهل	hulāhil
هلاهلا	halāhalā
هلاهین	halāhīn
هلب	halb
هلبة	hulbat
هلبوث	hilbaus̤
هلبه	hulba
هلت	halt
هلتاک	haltāk
هلث	huls̤
هلج	halj
هلد	hilad
هلدن	hildan
هلده	halda
هلس	hals
هلش	halsh
هلع	hala‘
هلک	halk
هلکان	halkān
هلل	halal
هلل	hulul
هلم	hilamm
هلمن	halman
هلموت	halamūt
هلناک	halnāk
هلندور	halandūr
هلنند	halanand
هلو	hulū
هلواع	hilwā‘
هلوب	halūb
هلوچین	hulūchīn
هلوزون	halauzūn
هلوع	halū‘
هلوعة	halwa‘at
هلوک	halūk
هله	hala
هلهال	halhāl
هلهل	halhal
هلهل	halahil
هلهلا	halhalā
هلهله	halhala
هلهلیون	halhalyūn
هلی	hilī
هلیاک	halyāk
هلیانه	halyāna
هلیجو	halījū
هلیدن	hilīdan
هلیسه	halīsa
هلیش	halīsh
هلیک	halek
هلیله	halīla
هلیوم	halyūm
هلیون	hilyaun
هلیوی	hilevī
هلیه	hulya
هم	ham
هم	hum
هما	hamā
هماد	hamād
همادی	hamādī
همادیان	hamādiyān
همار	hamār
همار	hammār
همارا	hamārā
هماز	hammāz
هماس	humās
هماس	hammās
هماش	hamāsh
هماک	hamāk
همال	himāl
همام	hamām
همام	hummām
همامه	humāma
همامی	humāmī
همان	hamān
همانا	hamānā
هماندم	hamāndam
همانست	hamānast
همانگه	hamāngah
همانند	hamānand
همانها	hamān-hā
همآواز	ham-āwāz
هماور	hamāwar
هماوران	hamāwarān
هماورد	hamāward
هماون	hamāwan
هماویز	ham-āwez
هماهنگ	hamāhang
هماهنگی	hamāhangī
همای	hamāy
همائم	hamā’im
همایون	humāyūn
همائی	humā’ī
همایین	hamāyīn
همبار	ham-bār
همباز	ham-bāz
همبازی	ham-bāzī
همبر	ham-bar
همبری	ham-barī
همبزم	ham-bazm
همبستر	ham-bistar
همبندی	ham-bandī
همبوی	ham-boy
همپای	ham-pāy
همپایه	ham-pāya
همپائی	ham-pā’ī
همپشت	ham-pusht
همپشتی	ham-pushtī
همپله	ham-pila
همپنجگی	ham-panjagī
همپهلو	ham-pahlū
همپیشگی	hampeshagī
همپیشه	ham-pesha
همپیله	ham-pīla
همة	himmat
همتا	hamtā
همتاب	ham-tāb
همتازیانه	ham-tāziyāna
همتاه	hamtāh
همتائی	hamtā’ī
همترازو	ham-tarāzū
همتک	ham-tak
همتکی	hamtakī
همتلمیذ	ham-talmīẕ
همج	hamj
همجا	hamjā
همجای	ham-jāy
همجنس	ham-jins
همجنسی	hamjinsī
همجنگ	ham-jang
همجی	hamjī
همچنان	hamchunān
همچند	hamchand
همچنین	hamchunīn
همچو	hamchū
همحال	ham-ḥāl
همحجره	ham-ḥujra
همخانگی	ham-ḵẖānagī
همخانه	ham-ḵẖāna
همخدمت	ham-ḵẖidmat
همخوابگی	ham-ḵẖẉābagī
همخوابه	ham-ḵẖẉāba
همخواه	ham-ḵẖẉāh
همخوند	ham-ḵẖẉund
همداستان	ham-dāstān
همداستانی	ham-dāstānī
همداماد	ham-dāmād
همدامان	ham-dāmān
همدان	hamdān
همدان	hamadān
همدانی	hamadānī
همدة	hamdat
همدستان	ham-dastān
همدل	ham-dil
همدلی	ham-dilī
همدم	ham-dam
همدمی	ham-damī
همدوش	ham-dosh
همدهی	ham-dihī
همدیگر	ham-dīgar
همدیوار	ham-dīwār
همدیهی	ham-dīhī
همذات	ham-ẕāt
همذان	hamaẕān
همذانی	hamaẕānī
همر	hamr
همراز	ham-rāz
همراه	ham-rāh
همراهی	hamrāhī
همرای	ham-rāy
همرجل	hamarjal
همرس	hamras
همرقاص	ham-raqqās̤
همرکاب	ham-rikāb
همرنگ	ham-rang
همرو	ham-rav
همروزگار	ham-rozgār
همروینده	ham-royanda
همره	ham-rah
همرهی	ramrahī
همز	hamz
همزات	hamazāt
همزاد	ham-zād
همزانو	ham-zānū
همزانوئی	ham-zānū’ī
همزبان	ham-zabān
همزة	hamzat
همزده	ham-zada
همزمان	ham-zamān
همزمزمه	ham-zamzama
همزولی	ham-zūlī
همس	hams
همساز	ham-sāz
همسال	ham-sāl
همسان	ham-sān
همسایگان	ham-sāyagān
همسایگی	ham-sāyagī
همسایه	ham-sāya
همسبق	ham-sabiq
همسخن	ham-suḵẖun
همسده	hamsada
همسر	ham-sar
همسری	ham-sarī
همسفرگی	hamsufragī
همسفره	ham-sufra
همسنگ	ham-sang
همسود	hamsūd
همسیراز	hamsīrāz
همش	hamsh
همشپتمهدیم	hamshpatamahdīm
همشة	hamshat
همشراب	ham-sharāb
همشکم	ham-shikam
همشوی	ham-shūy
همشهری	ham-shahrī
همشیر	ham-shīr
همشیرگی	ham-shīragī
همشیره	ham-shīra
همشین	hamshīn
همصحبت	ham-ṣuḥbat
همصحبتی	ham-ṣuḥbatī
همط	hamt̤
همع	ham‘
همعقد	ham-‘aqd
همعنان	ham-‘inān
همعهد	ham-‘ahd
همقدح	ham-qadaḥ
همقدر	ham-qadr
همقدم	ham-qadam
همقران	ham-qarān
همقریه	ham-qarya
همقلم	ham-qalam
همکار	ham-kār
همکاسه	ham-kāsa
همکیش	ham-kesh
همکین	hamkīn
همگان	hamagān
همگر	hamgar
همگروهه	ham-guroha
همگنان	hamginān
همگوهری	ham-gauharī
همگی	hamagī
همگیر	ham-gīr
همل	haml
هملاج	himlāj
هملان	hamalān
هملخت	ham-laḵẖt
همم	himam
همنبر	hamaṃbar
همنبرد	ham-nabard
همنبردی	ham-nabardī
همنشان	ham-nishān
همنفس	ham-nafs
همنورد	ham-naward
همو	hamo
هموا	hamwā
هموار	hamwār
هموارگی	hamwāragī
همواره	hamwāra
همواری	hamwārī
هموثاق	ham-wis̤āq
همود	humūd
همورد	hamward
هموس	hamūs
هموطن	hamwat̤an
هموع	hamū‘
هموقت	ham-waqt
همول	hamūl
هموم	hamūm
همومة	humūmat
همون	hamūn
همه	hama
همهم	himhim
همی	hamī
همیاز	hamyāz
همیان	himyān
همیج	hamīj
همیجان	hamījān
همید	hamīd
همیدون	hamīdūn
همیز	hamez
همیشگی	hamīshagī
همیشه	hamīsha
همیع	himya‘
همیم	hamīm
همین	hamen
همینک	hamīnak
هن	han
هناءة	hanā’at
هناة	han’at
هنات	hanāt
هنام	hunām
هنام	hinnām
هناهین	hanāhīn
هنب	hiṃb
هنباز	haṃ-bāz
هنبان	haṃbān
هنبر	haṃbar
هنج	hanj
هنجاره	hanjāra
هنجاریدن	hanjārīdan
هنجام	hanjām
هنجک	hinjak
هنجمک	hinjamak
هنجیدن	hanjīdan
هند	hand
هندات	hindāt
هندام	handām
هندانه	hindāna
هندب	hindab
هندبی	hindibá
هندبید	hindbed
هندس	hindis
هندسان	hindusān
هندسه	hindisa
هندسی	handasī
هندمند	hindamand
هندو	hindū
هندوان	handawān
هندوانه	hinduwāna
هندوبار	hindūbār
هندوس	hundūs
هندوستان	hindūstān
هندوستانی	hindūstānī
هندوستانیت	hindūstāniyat
هندوکان	hinduwakān
هندونژاد	hindū-nizhād
هندووی	hindūwī
هندی	hinde
هندیان	hundiyān
هنر	hunar
هنرمند	hunarmand
هنرمندانه	hunarmandāna
هنرمندی	hunarmandī
هنرور	hunarwar
هنری	hunare
هنز	hanuz
هنزمن	hinzamn
هنشنش	hanashnash
هنع	han‘
هنکار	hankār
هنکاریدن	hankārīdan
هنگ	hang
هنگار	hangār
هنگاریدن	hangārīdan
هنگام	hangām
هنگامة	hangāma
هنگامی	hangāmī
هنگه	hanga
هنگیدن	hangīdan
هنمد	hanmad
هنو	hanau
هنوات	hanawāt
هنوار	hanwār
هنوبر	hunūbar
هنوتاس	hanūtās
هنود	hunūd
هنون	hanūn
هنوند	hanwand
هنه	ha-na
هنی	hany
هنی	hunī
هنیار	hanyār
هنیر	hunīr
هنیز	ha-nez
هنیع	hanī‘
هنین	hanīn
هنیئ	hanī’
هو	hau
هو	huwa
هوا	hawā
هوا	hawa’
هوابد	hawābid
هواجر	hawājir
هواجس	hawājis
هواجم	hawājim
هواجو	hawājū
هواخواهی	hawāḵẖẉāhī
هوادار	hawā-dār
هواداری	hawādārī
هواد	hawād
هوادج	hawādij
هوادر	hawādir
هوادی	hawādī
هواذ	hawāẕ
هوارة	hawārat
هوارم	hawārim
هواری	hawarī
هوازد	hawā-zad
هوازه	hawāza
هوازن	hawāzin
هواس	hiwās
هواسیدن	hawāsīdan
هواسیده	hawāsīda
هواشات	huwāshāt
هواع	huwā‘
هوالک	hawālik
هوام	huwām
هوامل	hawāmil
هوان	hawān
هواوین	hawāwīn
هواهی	hawāhī
هوائی	hawā’ī
هوب	haub
هوبر	hobar
هوبره	haubara
هوبسیا	hobasyā
هوبه	hoba
هوپمن	hopman
هوج	hūj
هوجاء	haujā’
هوجره	hūjara
هوجل	haujal
هوخ	hoḵẖ
هوختن	hoḵẖtan
هوخست	hoḵẖst
هود	haud
هود	hod
هودج	haudaj
هودر	haudar
هودش	haudash
هودل	hūdil
هوده	hoda
هوذة	hauẕat
هوذر	hūẕar
هور	hor
هورات	haurāt
هورخش	horaḵẖsh
هورستار	hūristār
هورشید	horshed
هورمز	hormuz
هوز	hūz
هوزان	hozān
هوزرش	hauzarish
هوزن	hauzan
هوزه	hūza
هوس	haus
هوس	hos
هوسان	hawasān
هوسدار	hawas-dār
هوسرب	hosurub
هوسکار	hawas-kār
هوسناک	hawasnāk
هوسین	hūsīn
هوش	haush
هوشا	hoshā
هوشات	hawashāt
هوشاز	hoshāz
هوشازیدن	hoshāzīdan
هوشاشدن	hoshāshudan
هوشان	hūshān
هوشانیدن	hoshānīdan
هوشبر	hosh-bar
هوشکش	hosh-kash
هوشمند	hoshmand
هوشمندی	hoshmandī
هوشنی	hūshnī
هوشیار	hosh-yār
هوشیاری	hoshyārī
هوشیدن	hoshīdan
هوفیلوس	hūfīlūs
هوقار	hūqār
هوکند	haukand
هوگویک	hogūyak
هوگیک	hoguyak
هول	haul
هول	hol
هؤلاء	ha’ulā’
هولشک	hūlishk
هولک	haulak
هولناک	haulnāk
هولناکی	haulnākī
هولی	haulī
هوم	hūm
هومات	hūmāt
هومخس	hūmāḵẖus
هومان	hūmān
هون	haun
هونگ	hawang
هوو	hūv
هوول	huwūl
هوهات	hūhāt
هوهو	hūhū
هوی	hawy
هوی	hūy
هویان	hawayān
هویة	hawīyat
هوید	hawīd
هویدا	huwaidā
هویدائی	huwaidā’ī
هویدک	hawaidak
هویر	huwīr
هویه	hūya
هه	hah
هٰهنا	hāhunā
هی	hai
هی	hiya
هیا	hayā
هیاٴات	hai’āt
هیاب	haiyāb
هیاٴة	hai’at
هیاتله	hayātila
هیاج	hiyāj
هیاسه	hayāsa
هیاط	hiyāt̤
هیاطل	hayāt̤il
هیاک	hayāk
هیاکل	hayākil
هیاکیدن	hayākīdan
هیالیدن	hayālīdan
هیان	haiyān
هیاهو	hayāhū
هیب	haib
هیب	heb
هیبان	haibān
هیبة	haibat
هیبتوار	haibatwār
هیپوپوتام	hīpopotām
هیت	hīt
هیتال	haitāl
هیث	hais̤
هیثم	hais̤am
هیج	haij
هیجان	hayajān
هیجده	hījdah
هیچ	hech
هیچکاره	hech-kāra
هیچگاه	hech-gāh
هیچگونه	hech-gūna
هیچمدان	hech-madān
هیچوجه	hech-wajh
هیختن	heḵẖtan
هیخته	heḵẖta
هید	haid
هیدج	haidaj
هیده	haida
هیذار	haiẕār
هیذام	haiẕām
هیذم	haiẕam
هیر	her
هیر	hīr
هیراب	hīrāb
هیراد	hīrād
هیرسا	hersā
هیرک	hīrak
هیرمند	hermand
هیرون	hīrūn
هیره	hīra
هیری	hīrī
هیز	hīz
هیزارما	hīzārmā
هیزان	hīzān
هیزب	haizab
هیزن	hīzan
هیزه	hīza
هیزینه	hīzīna
هیس	hais
هیش	haish
هیش	hesh
هیشت	hīsht
هیشتن	hīshtan
هیشر	haishar
هیشوی	haishuwī
هیصار	haiṣār
هیصم	haiṣam
هیصور	haiṣūr
هیض	haiẓ
هیضمان	hīẓamān
هیط	hait̤
هیع	hai‘
هیعان	haya‘ān
هیعة	hai‘at
هیوع	huyū‘
هیف	haif
هیفاء	haifā’
هیفان	haifān
هیق	haiq
هیقل	haiqal
هیقم	haiqam
هیکل	haikal
هیل	hail
هیل	hel
هیلا	hailā
هیلاج	hailāj
هیلان	hayalān
هیلج	hailij
هیلک	hailak
هیللة	hailalat
هیلو	hailū
هیله	haila
هیلیدن	hīlīdan
هیم	haim
هیم	hayam
هیماء	haimā’
هیمان	haimān
هیمستان	hemistān
هیمنة	haimanat
هیمیٰ	haimá
هین	hīn
هینا	hīnā
هیناهین	hīnāhīn
هیند	hīnd
هینون	hainūna
هیوب	hayūb
هیوف	hayūf
هیول	hayūl
هیولانی	haiyūlānī
هیوم	hayūm
هیون	hayūn
هیوند	hīwand
هیوه	hīwa
هیه	hīh
هیهات	haihāt
هیئة	hī’at
ی	y
یا	yā
یاء	yā’
یاب	yāb
یابا	yābā
یابان	yābān
یابانی	yābānī
یابر	yābir
یابس	yābis
یابش	yābish
یابنده	yābinda
یابو	yābū
یابیدن	yābīdan
یاتش	yātish
یاج	yāj
یاجور	yājūr
یاختن	yāḵẖtan
یاخته	yāḵẖta
یاختی	yāḵẖtī
یاد	yād
یادار	yādār
یاداشت	yādāsht
یاداشتی	yādāshtī
یادر	yādar
یادست	yādast
یادگاری	yādgārī
یاده	yāda
یار	yār
یارا	yārā
یارابه	yārāba
یاران	yārān
یارانه	yārāna
یارای	yārāy
یارائی	yārā’ī
یارج	yāraj
یارد	yārad
یاردم	yārdum
یارسه	yārasa
یارش	yārish
یارشمشی	yārshamshī
یارغو	yārg̱ẖū
یارغوچی	yārg̱ẖūchī
یارق	yāraq
یارک	yārak
یارکی	yārakī
یارم	yārum
یارمند	yārmand
یارمندی	yārmandī
یارند	yārand
یارو	yārū
یارور	yārwar
یاروق	yārūq
یاره	yāra
یاری	yare
یاریدن	yārīdan
یاز	yāz
یازاب	yāzāb
یازان	yāzān
یازدن	yāzidan
یازده	yāzdah
یازدهم	yāzdahum
یازش	yāzish
یازند	yāzand
یازنده	yāzanda
یازه	yāza
یازی	yāzī
یازیدگی	yāzīdagī
یازیدن	yāzīdan
یاژ	yāzha
یاٴس	ya’s
یاس	yās
یاسا	yāsā
یاساق	yāsāq
یاسامیشی	yāsāmīshī
یاسان	yāsān
یاٴسة	ya’sat
یاستن	yāstan
یاسج	yāsij
یاسر	yāsir
یاسمنی	yāsaminī
یاسمون	yāsamūn
یاسمینک	yasamīnak
یاسور	yāsūr
یاسه	yāsa
یاسین	yāsīn
یاش	yāsh
یاشداش	yāshdāsh
یاشق	yāshuq
یاشه	yāsha
یاغمه	yāg̱ẖma
یاغوز	yāg̱ẖūz
یاغی	yāg̱ẖī
یاف	yāf
یافا	yāfā
یافت	yāft
یاقتن	yāftan
یافته	yāfta
یافث	yāfis̤
یافع	yāfi‘
یافوخ	yāfūḵẖ
یافوف	yāfūf
یافه	yāfa
یاقوت	yāqūt
یاقه	yāqa
یاقی	yāqī
یاقین	yāqīn
یاقیچی	yāqīchī
یاک	yāk
یاکند	yākand
یال	yāl
یالغ	yālig̱ẖ
یالمند	yālmand
یالوانه	yāl-wāna
یالو	yālū
یالوغ	yālūg̱ẖ
یالونیک	yālūnīk
یاله	yāla
یالی	yālī
یام	yām
یامجی	yāmjī
یامجیک	yāmjīk
یامن	yāmin
یامه	yāma
یان	yān
یانع	yāni‘
یانغین	yāng̱ẖīn
یانه	yāna
یانیچ	yānīch
یانزده	yānzdah
یاواش	yāwāsh
یاواش	yāwad
یاود	yāwar
یاوری	yāwarī
یاوگی	yāwagī
یاوند	yāwand
یاوندان	yāwandān
یاوه	yāwa
یاوی	yāwī
یاهو	yāhū
یای	yāy
یائس	yā’is
یایه	yāya
یایی	yāyī
یائی	yā’ī
یب	yab
یباب	yabāb
یبابگر	yabābgar
یبات	yabāt
یباس	yabās
یبان	yabān
یبانی	yabānī
یبرنگ	yabrang
یبروج	yabrūj
یبروح	yabrūḥ
یبرین	yabrīn
یبس	yabs
یبست	yabast
یبوست	yubūsat
یبه	yaba
یبیس	yabīs
یپنلو	yapanlū
یتامیٰ	yatāmá
یتزب	yatazab
یتم	yutm
یتمان	yatmān
یتیم	yatīm
یتیمه	yatīma
یثرب	yas̤rib
یثربی	yas̤ribī
یج	yaj
یحکم	yaḥkam
یحمور	yaḥmūr
یحموم	yaḥmūm
یحیا	yaḥyā
یخ	yaḵẖ
یخاور	yaḵẖāwar
یخچال	yaḵẖ-chāl
یخچه	yaḵẖcha
یخدان	yaḵẖdān
یخشانیدن	yaḵẖshānīdan
یخشودن	yaḵẖshūdan
یخصص	yaḵẖṣiṣ
یخضور	yaḵẖẓūr
یخنی	yaḵẖnī
یخور	yaḵẖwar
یداء	yudā’
یداک	yadāk
یدان	yadān
یدره	yadra
یدقه	yadaqa
یدک	yadak
یدکچی	yadakchī
یدمن	yadmin
یدوی	yadawī
یده	yada
یدهجی	yada-jī
یدی	yadī
یرا	yarā
یرابیع	yarābī‘
یرار	yarār
یراسه	yarāsa
یراع	yarā‘
یراغ	yarāg̱ẖ
یراغه	yarāg̱ẖa
یراق	yarāq
یرامیع	yarāmī‘
یربغ	yarbag̱ẖ
یربوع	yarbū‘
یرت	yurt
یرتش	yartish
یرتقچی	yartaqchī
یرتقن	yartaqan
یرخفج	yarḵẖafj
یرد	yard
یرسقی	yarsaqī
یرع	yar‘
یرغ	yarag̱ẖ
یرغمال	yarg̱ẖamāl
یرغو	yarg̱ẖū
یرغه	yarg̱ẖa
یرق	yaraq
یرقانی	yarqānī
یرقسز	yaraqsiz
یرقلغ	yaraqlug̱ẖ
یرقلی	yaraqlī
یرلغ	yarlag̱ẖ
یرم	yarm
یرمر	yarmar
یرمسق	yaramsaq
یرمع	yarma‘
یرمغان	yarmag̱ẖān
یرمق	yarmaq
یرنداق	yarandāq
یرندج	yarandaj
یرنؤ	yarannu’
یروپ	yurūp
یرون	yarūn
یریان	yaryān
یز	yaz
یزبهانتن	yazbahānitan
یزد	yazd
یزدادی	yazdādī
یزدان	yazdān
یزدانی	yazdānī
یزدجرد	yazdajird
یزدی	yazdī
یزشگاه	yazish-gāh
یزشنی	yazishnī
یزغند	yazg̱ẖand
یزک	yazak
یزله	yazla
یزلی	yazalī
یزن	yazan
یزنه	yazna
یزنی	yazanī
یزید	yazīd
یزیدی	yazīdī
یسار	yasār
یساراً	yasār-an
یسال	yasāl
یساور	yasāwur
یسب	yasb
یستوی	yastawī
یسر	yasr
یسرات	yasarāt
یسرةً	yasrat-an
یسری	yusrá
یسف	yasaf
یسق	yasaq
یسل	yasal
یسور	yasūr
یسون	yusūn
یسیر	yasīr
یسیراً	yasīr-an
یش	yashsh
یشب	yashb
یشت	yasht
یشترم	yashtaram
یشتن	yashtan
یشجب	yashjub
یشف	yashf
یشگ	yashk
یشکر	yashkur
یشکرده	yashkarda
یشم	yashm
یشمه	yashma
یصب	yaṣb
یعاسیب	ya‘āsīb
یعافیر	ya‘āfīr
یعاقیب	ya‘āqīb
یعامیر	ya‘āmīr
یعبوب	ya‘būb
یعر	ya‘r
یعرب	ya‘rab
یعسوب	ya‘sūb
یعفور	ya‘fūr
یعقوب	ya‘qūb
یعقوبا	ya‘qūbā
یعقوبی	ya‘qūbī
یعمل	ya‘mal
یعمور	ya‘mūr
یعنی	ya‘nī
یعوق	ya‘ūq
یغام	yag̱ẖām
یغتج	yag̱ẖtaj
یغر	yag̱ẖir
یغرب	yag̱ẖrab
یغرت	yag̱ẖrat
یغروش	yag̱ẖrūsh
یغلغ	yag̱ẖlig̱ẖ
یغلو	yag̱ẖlav
یغم	yag̱ẖam
یغما	yag̱ẖmā
یغمام	yag̱ẖmām
یغماناز	yag̱ẖmānāz
یغمائی	yag̱ẖmā’ī
یغمیصا	yag̱ẖmīṣā
یغناغ	yag̱ẖnāg̱ẖ
یغناغ	yig̱ẖnāg̱ẖ
یغنی	yag̱ẖnī
یغوث	yag̱ẖūs̤
یفت	yaft
یفتج	yaftaj
یفتر	yaftar
یفج	yafj
یفر	yafir
یفع	yaf‘
یفعان	yuf‘ān
یفن	yufn
یفوع	yufū‘
یقاظة	yaqāz̤at
یقاظی	yaqāz̤á
یقدمیة	yaqdumīyat
یقطین	yaqt̤īn
یقظ	yaqaz̤
یقظان	yaqz̤ān
یقظیٰ	yaqz̤ā
یقق	yaqaq
یقوقة	yaqūqat
یقه	yaqqa
یقین	yaqīn
یقیناً	yaqīn-an
یقینی	yaqīnī
یقینیات	yaqīnīyāt
یک	yak
یکایک	yak-ā-yak
یکبار	yak-bār
یکبارگی	yak-bāragī
یکباسرک	yak-bāsarak
یکبن	yak-bun
یکپارچه	yak-pārcha
یکتا	yak-tā
یکتاش	yak-tāsh
یکتای	yak-tāy
یکترکرد	yaktarkard
یکتمل	yaktamal
یکجا	yak-jā
یکجان	yak-jān
یکجانب	yak-jānib
یکچبه	yah-chaba
یکچشم	yak-chashm
یکچشمی	yakchashmī
یکچنبه	yak-chaṃbih
یکچند	yak-chand
یکچندی	yak-chande
یکحبه	yak-ḥabba
یکدانه	yak-dāna
یکدست	yak-dast
یکدش	yakdish
یکدک	yakdak
یکدگر	yak-digar
یکدل	yak-dil
یکدله	yak-dila
یکدلی	yakdilī
یکدم	yak-dam
یکدمه	yak-dama
یکدیگر	yak-dīgar
یکران	yakrān
یکرسیدن	yak-rasīdan
یکرشته	yak-rishta
یکرک	yakrak
یکرنگ	yak-rang
یکرنگی	yakrangī
یکرو	yak-rū
یکروزه	yak-roza
یکروی	yak-rūy
یکرویه	yak-rūya
یکروئی	yak-rū’ī
یکره	yak-rah
یکزبان	yak-zabān
یکزده	yak-zada
یکزمان	yak-zamān
یکساله	yak-sāla
یکسان	yaksān
یکسانی	yaksānī
یکسانیدن	yaksānīdan
یکسر	yak-sar
یکسره	yak-sara
یکسریدن	yaksarīdan
یکسو	yak-sū
یکسوار	yak-suwār
یکسواره	yak-suwāra
یکسوم	yaksūm
یکسون	yaksūn
یکسونیدن	yaksūnīdan
یکشبه	yak-shaba
یکشنبه	yak-shaṃbih
یکطرف	yak-t̤araf
یکقلم	yak-qalam
یکک	yakak
یکگونه	yak-gūna
یکلخت	yak-laḵẖt
یکلو	yaklū
یکم	yak-am
یکماهه	yak-māha
یکمصلب	yak-muṣallab
یکنفر	yak-nafar
یکوجب	yak-wajab
یکون	yakūn
یکوصل	yak-waṣl
یکی	yake
یکیتا	yakītā
یکیدن	yakīdan
یکین	yakīn
یگان	yagān
یگانگت	yagānagat
یگانگی	yagānagī
یگانگیت	yagānagīyat
یگانه	yagāna
یگانی	yagānī
یگونه	yagūna
یل	yal
یلابستان	yilābistān
یلاغ	yalāg̱ẖ
یلاق	yalāq
یلامع	yalāmi‘
یلامق	yalāmiq
یلان	yalān
یلانشان	yalānshān
یلب	yalab
یلچی	yilchī
یلدا	yaldā
یلدک	yaldak
یلغران	yalg̱ẖarān
یلغز	yalg̱ẖaz
یلغزه	yalg̱ẖuza
یلفچی	yalfchī
یلق	yalaq
یلک	yalak
یلکن	yalkan
یلل	yalal
یلللی	yallalī
یلم	yalum
یلما	yalmā
یلمان	yalmān
یلمع	yalma‘
یلمعی	yalma’ī
یلمق	yalmaq
یلملم	yalmalam
یلمه	yalma
یلنجج	yalanjaj
یلندد	yalandad
یلوایه	yalwāya
یلوک	yalūk
یلوه	yalwa
یله	yala
یلیله	yalyala
یلیم	yilīm
یم	yamm
یم	yam
یماک	yamāk
یمام	yamām
یمامی	yamāmī
یمان	yamān
یمان	yumān
یمانی	yamānī
یمخور	yamḵẖūr
یمرود	yamrūd
یمسو	yamsū
یمشن	yamshan
یمک	yamak
یمک	yimak
یمکن	yumkinu
یمگان	yumgān
یمم	yamam
یمن	yamn
یمنةً	yamnat-an
یمنی	yumná
یموم	yumūm
یمین	yamīn
یمیناً	yamīn-an
یمینه	yamīna
یمینی	yamīnī
ین	īn
ینابیع	yanābī‘
ینبع	yaṃbu‘
ینبغی	yaṃbag̱ẖī
ینبوت	yaṃbūt
ینبوع	yaṃbū‘
ینپلو	yaṃpalū
ینتون	yantūn
یند	yand
یندو	yandū
ینع	yan‘
ینغور	yanfūr
ینق	yanq
ینقون	yanqūn
ینکف	yankaf
ینکور	yankūr
ینگ	yang
ینگ	ying
ینگه	yanga
ینم	yanam
ینمه	yanma
ینوف	yanūf
ینوع	yunū‘
ینیع	yanī‘
یو	yo
یوا	yawā
یواش	yawāsh
یواشه	yawāsha
یوافیخ	yawāfīḵẖ
یواقیت	yawāqīt
یوام	yiwām
یوب	yūb
یوبره	yūbra
یوت	yūt
یوج	yūj
یوجه	yūja
یوع	yūḥ
یوخه	yoḵẖa
یوخه	yūḵẖa
یودک	yūdak
یوده	yoda
یوذک	yūẕak
یورت	yort
یورتجی	yortjī
یورد	yūrd
یوردان	yūrdān
یورده	yūrda
یورش	yūrish
یوز	yūz
یوزان	yūzān
یوزانیدن	yūzānīdan
یوزبان	yūzbān
یوزبک	yozbak
یوزغند	yozg̱ẖand
یوزک	yūzak
یوزل	yūzal
یوزه	yūza
یوزیدن	yūzīdan
یؤس	ya’us
یوسامیش	yūsāmīsh
یوسف	yūsuf
یوسفی	yūsufī
یوسون	yūsūn
یوسه	yosa
یوش	yosh
یوشع	yūsha‘
یوشیدن	yūshīdan
یوغیدن	yūg̱ẖīdan
یوک	yūk
یوگان	yūgān
یولاخ	yūlāḵẖ
یولچی	yūlchī
یوم	yaum
یوماً	yaum-an
یومی	yaumīy
یومئذٍ	yauma’iẕ-in
یون	yūn
یونانی	yūnān
یونانیان	yūnānī
یونانیان	yūnāniyān
یونس	yūnas
یونغار	yūng̱ẖār
یونقار	yūnqār
یونیوس	yūniyūs
یؤوس	ya’ūs
یوه	yūh
یوی	yuwaiy
یهان	yahān
یهر	yuhr
یهره	yuhra
یهفوف	yahfūf
یهود	yahūd
یهودا	yahūdā
یهودانه	yahūdāna
یهودی	yahūdī
یهودیان	yahūdiyān
یهودیث	yahūdis̤
یهوذی	yahūẕī
یهه	yuha
یهیدن	yahīdan
یئس	ya’is
ییعث	yai‘us̤
ییلا	yailā
یین	yayan
